synthetic_claim,text,label,speaker,subject,context,conditioning_metadata,true_counts,mostly_true_counts,half_true_counts,mostly_false_counts,false_counts,pants_on_fire_counts
trump's proposed police has received more likelyat the white house bill o'brien aren't voting.,"trump's proposed police has received more likelyat the white house bill o'brien aren't voting.

[METADATA] speaker: thom tillis | subject: after the fact;congress;criminal justice;history;crime;public safety | context: a press release supporting the Back The Blue Act of 2017",0,thom tillis,after the fact;congress;criminal justice;history;crime;public safety,a press release supporting the Back The Blue Act of 2017,speaker: thom tillis | subject: after the fact;congress;criminal justice;history;crime;public safety | context: a press release supporting the Back The Blue Act of 2017,0.0,0.1428571492433548,0.5,0.2142857164144516,0.1428571492433548,0.0
"says his tax cut law, the number of irs is moving to be martial income tax cuts.","says his tax cut law, the number of irs is moving to be martial income tax cuts.

[METADATA] speaker: chris christie | subject: taxes | context: Boulder, Colo",0,chris christie,taxes,"Boulder, Colo","speaker: chris christie | subject: taxes | context: Boulder, Colo",0.20192307233810425,0.19230769574642181,0.25961539149284363,0.10576923191547394,0.16346153616905212,0.07692307978868484
"says the irs at least 15, 000 a federal governmentand is a fortune from an independent.","says the irs at least 15, 000 a federal governmentand is a fortune from an independent.

[METADATA] speaker: mitt romney | subject: federal budget;history;medicare;retirement | context: an interview on ""60 Minutes""",0,mitt romney,federal budget;history;medicare;retirement,"an interview on ""60 Minutes""","speaker: mitt romney | subject: federal budget;history;medicare;retirement | context: an interview on ""60 Minutes""",0.14903846383094788,0.1586538404226303,0.2788461446762085,0.16826923191547394,0.1538461595773697,0.09134615212678909
amazons was bornto the lowest level in florida just like illegal aliens.,"amazons was bornto the lowest level in florida just like illegal aliens.

[METADATA] speaker: facebook posts | subject: facebook fact-checks;coronavirus | context: a video on Facebook",0,facebook posts,facebook fact-checks;coronavirus,a video on Facebook,speaker: facebook posts | subject: facebook fact-checks;coronavirus | context: a video on Facebook,0.00997091829776764,0.020772745832800865,0.044869132339954376,0.10178645700216293,0.5857914686203003,0.23680931329727173
every single candidate have voted to cut $ 1. 5 million of dollars in federal workers.,"every single candidate have voted to cut $ 1. 5 million of dollars in federal workers.

[METADATA] speaker: mike schaufler | subject: education;message machine 2012;voting record | context: campaign mailer",0,mike schaufler,education;message machine 2012;voting record,campaign mailer,speaker: mike schaufler | subject: education;message machine 2012;voting record | context: campaign mailer,0.0,0.0,0.0,1.0,0.0,0.0
tylenol has passed a new york timesto get rid (and) mandates could be.,"tylenol has passed a new york timesto get rid (and) mandates could be.

[METADATA] speaker: ainsley earhardt | subject: public health;punditfact;coronavirus | context: the Fox & Friends show",0,ainsley earhardt,public health;punditfact;coronavirus,the Fox & Friends show,speaker: ainsley earhardt | subject: public health;punditfact;coronavirus | context: the Fox & Friends show,0.0,0.0,0.0,0.0,1.0,0.0
"says north carolina in 2010, isno longer to be the money.","says north carolina in 2010, isno longer to be the money.

[METADATA] speaker: national republican senatorial committee | subject: immigration | context: a digital ad",0,national republican senatorial committee,immigration,a digital ad,speaker: national republican senatorial committee | subject: immigration | context: a digital ad,0.018518518656492233,0.0555555559694767,0.20370370149612427,0.3333333432674408,0.25925925374031067,0.12962962687015533
my opponent took office. hes still took more money from the government to use their lives.,"my opponent took office. hes still took more money from the government to use their lives.

[METADATA] speaker: loretta weinberg | subject: candidate biography | context: a column on Blue Jersey",0,loretta weinberg,candidate biography,a column on Blue Jersey,speaker: loretta weinberg | subject: candidate biography | context: a column on Blue Jersey,0.4285714328289032,0.1428571492433548,0.0,0.1428571492433548,0.2857142984867096,0.0
video showsnon - owned gun owners to be one of the military order.,"video showsnon - owned gun owners to be one of the military order.

[METADATA] speaker: instagram posts | subject: drugs;facebook fact-checks | context: an Instagram post",0,instagram posts,drugs;facebook fact-checks,an Instagram post,speaker: instagram posts | subject: drugs;facebook fact-checks | context: an Instagram post,0.00486223679035902,0.00486223679035902,0.024311183020472527,0.08265802264213562,0.6564019322395325,0.22690437734127045
republican senate candidate obama was offered out of state government pay in the state of a union.,"republican senate candidate obama was offered out of state government pay in the state of a union.

[METADATA] speaker: barack obama | subject: deficit;federal budget;history | context: Cleveland, Ohio",0,barack obama,deficit;federal budget;history,"Cleveland, Ohio","speaker: barack obama | subject: deficit;federal budget;history | context: Cleveland, Ohio",0.20563846826553345,0.27363184094429016,0.2703150808811188,0.11774460971355438,0.11774460971355438,0.014925372786819935
georgia county didnt vote in early county presidential election as they got the same as attorney general.,"georgia county didnt vote in early county presidential election as they got the same as attorney general.

[METADATA] speaker: john mccain | subject: elections | context: remarks by chief strategist Steve Schmidt",0,john mccain,elections,remarks by chief strategist Steve Schmidt,speaker: john mccain | subject: elections | context: remarks by chief strategist Steve Schmidt,0.20108695328235626,0.20108695328235626,0.16847826540470123,0.17391304671764374,0.21195651590824127,0.043478261679410934
says wisconsin residents have been thehighest graduation rate of state lines were gone to a black man.,"says wisconsin residents have been thehighest graduation rate of state lines were gone to a black man.

[METADATA] speaker: peter feigin | subject: population;sports | context: Twitter",0,peter feigin,population;sports,Twitter,speaker: peter feigin | subject: population;sports | context: Twitter,0.0,0.0,0.0,0.5,0.5,0.0
photo shows a dog - wing group feeding the cameraso they can be impeached.,"photo shows a dog - wing group feeding the cameraso they can be impeached.

[METADATA] speaker: viral image | subject: facebook fact-checks | context: a Facebook post",0,viral image,facebook fact-checks,a Facebook post,speaker: viral image | subject: facebook fact-checks | context: a Facebook post,0.003487358335405588,0.01133391447365284,0.030514385551214218,0.046207498759031296,0.6198779344558716,0.28857889771461487
it says florida toeliminate health care. (a) health care plan.,"it says florida toeliminate health care. (a) health care plan.

[METADATA] speaker: barack obama | subject: health care | context: a Fox television interview",0,barack obama,health care,a Fox television interview,speaker: barack obama | subject: health care | context: a Fox television interview,0.20563846826553345,0.27363184094429016,0.2703150808811188,0.11774460971355438,0.11774460971355438,0.014925372786819935
suggests report that may be transmitted to avoid new yorkin the early states.,"suggests report that may be transmitted to avoid new yorkin the early states.

[METADATA] speaker: instagram posts | subject: public health;facebook fact-checks;coronavirus | context: an Instagram post",0,instagram posts,public health;facebook fact-checks;coronavirus,an Instagram post,speaker: instagram posts | subject: public health;facebook fact-checks;coronavirus | context: an Instagram post,0.00486223679035902,0.00486223679035902,0.024311183020472527,0.08265802264213562,0.6564019322395325,0.22690437734127045
bill gates and her house is thefirst time of covid - 19 to go to rising.,"bill gates and her house is thefirst time of covid - 19 to go to rising.

[METADATA] speaker: facebook posts | subject: climate change;facebook fact-checks | context: a Facebook post",0,facebook posts,climate change;facebook fact-checks,a Facebook post,speaker: facebook posts | subject: climate change;facebook fact-checks | context: a Facebook post,0.00997091829776764,0.020772745832800865,0.044869132339954376,0.10178645700216293,0.5857914686203003,0.23680931329727173
"wisconsin arrested in november valley, he wasno way down from the night in washington, and no media to be edited.","wisconsin arrested in november valley, he wasno way down from the night in washington, and no media to be edited.

[METADATA] speaker: bloggers | subject: fake news | context: a post on the Internet",0,bloggers,fake news,a post on the Internet,speaker: bloggers | subject: fake news | context: a post on the Internet,0.01092896144837141,0.02459016442298889,0.032786883413791656,0.07240436971187592,0.31830599904060364,0.5409836173057556
"says his voted against slavery, the same reed that were taken away.","says his voted against slavery, the same reed that were taken away.

[METADATA] speaker: john mccain | subject: candidate biography | context: a TV ad",0,john mccain,candidate biography,a TV ad,speaker: john mccain | subject: candidate biography | context: a TV ad,0.20108695328235626,0.20108695328235626,0.16847826540470123,0.17391304671764374,0.21195651590824127,0.043478261679410934
georgia is now and lobbied to make all the oil companies and gas.,"georgia is now and lobbied to make all the oil companies and gas.

[METADATA] speaker: donald trump | subject: energy | context: Roanoke, Va",0,donald trump,energy,"Roanoke, Va","speaker: donald trump | subject: energy | context: Roanoke, Va",0.03696098551154137,0.08726899325847626,0.12320328503847122,0.19917865097522736,0.36960986256599426,0.18377824127674103
only republican leadership in the state senatethat actually passed one of and amnesty.,"only republican leadership in the state senatethat actually passed one of and amnesty.

[METADATA] speaker: david axelrod | subject: elections | context: an interview on NBC",0,david axelrod,elections,an interview on NBC,speaker: david axelrod | subject: elections | context: an interview on NBC,0.1111111119389534,0.3888888955116272,0.3333333432674408,0.1111111119389534,0.0555555559694767,0.0
"if you are seeing one single day, while we know a few weeks ever ever.","if you are seeing one single day, while we know a few weeks ever ever.

[METADATA] speaker: gretchen carlson | subject: polls and public opinion;punditfact | context: a ""Gretchen's Take"" on The Real Story",0,gretchen carlson,polls and public opinion;punditfact,"a ""Gretchen's Take"" on The Real Story","speaker: gretchen carlson | subject: polls and public opinion;punditfact | context: a ""Gretchen's Take"" on The Real Story",0.0,0.0,0.0,0.3333333432674408,0.3333333432674408,0.3333333432674408
"every democrat who voted againstour own (sic), the only candidate with green.","every democrat who voted againstour own (sic), the only candidate with green.

[METADATA] speaker: john mccain | subject: veterans | context: Denver",0,john mccain,veterans,Denver,speaker: john mccain | subject: veterans | context: Denver,0.20108695328235626,0.20108695328235626,0.16847826540470123,0.17391304671764374,0.21195651590824127,0.043478261679410934
"china is currentlyvaccinated in sight""because they got is no longer exists""to the virus.","china is currentlyvaccinated in sight""because they got is no longer exists""to the virus.

[METADATA] speaker: facebook posts | subject: public health;facebook fact-checks | context: a Facebook post",0,facebook posts,public health;facebook fact-checks,a Facebook post,speaker: facebook posts | subject: public health;facebook fact-checks | context: a Facebook post,0.00997091829776764,0.020772745832800865,0.044869132339954376,0.10178645700216293,0.5857914686203003,0.23680931329727173
says alexandria ocasio - cortez tweetedthat a covid - 19 vaccine found dead to the coronavirus vaccine in wuhan.,"says alexandria ocasio - cortez tweetedthat a covid - 19 vaccine found dead to the coronavirus vaccine in wuhan.

[METADATA] speaker: facebook posts | subject: public health;facebook fact-checks;coronavirus | context: a Facebook post",0,facebook posts,public health;facebook fact-checks;coronavirus,a Facebook post,speaker: facebook posts | subject: public health;facebook fact-checks;coronavirus | context: a Facebook post,0.00997091829776764,0.020772745832800865,0.044869132339954376,0.10178645700216293,0.5857914686203003,0.23680931329727173
says president is agovernment takeover of obamacare through the government and deny veterans up up.,"says president is agovernment takeover of obamacare through the government and deny veterans up up.

[METADATA] speaker: tammy baldwin | subject: children;families;health care | context: a speech",0,tammy baldwin,children;families;health care,a speech,speaker: tammy baldwin | subject: children;families;health care | context: a speech,0.17241379618644714,0.24137930572032928,0.2586206793785095,0.2068965584039688,0.12068965286016464,0.0
"shredded ballots in washington, is no longer leave the to investigate police.","shredded ballots in washington, is no longer leave the to investigate police.

[METADATA] speaker: facebook posts | subject: fake news;facebook fact-checks | context: a Facebook post",0,facebook posts,fake news;facebook fact-checks,a Facebook post,speaker: facebook posts | subject: fake news;facebook fact-checks | context: a Facebook post,0.00997091829776764,0.020772745832800865,0.044869132339954376,0.10178645700216293,0.5857914686203003,0.23680931329727173
wisconsins - controlled unemployment came up by the state of jobs.no jobs have come up.,"wisconsins - controlled unemployment came up by the state of jobs.no jobs have come up.

[METADATA] speaker: barbara buono | subject: jobs | context: a column",0,barbara buono,jobs,a column,speaker: barbara buono | subject: jobs | context: a column,0.1875,0.25,0.25,0.1875,0.0625,0.0625
it is only askingabout 5 years old of our nations (]) to have up to get a day.,"it is only askingabout 5 years old of our nations (]) to have up to get a day.

[METADATA] speaker: leslie curran | subject: poverty;urban | context: a city council meeting",0,leslie curran,poverty;urban,a city council meeting,speaker: leslie curran | subject: poverty;urban | context: a city council meeting,0.0,0.0,0.0,0.0,1.0,0.0
says north carolina were known and marco rubioimmigration illegal immigration.,"says north carolina were known and marco rubioimmigration illegal immigration.

[METADATA] speaker: ted cruz | subject: immigration | context: a press release",0,ted cruz,immigration,a press release,speaker: ted cruz | subject: immigration | context: a press release,0.05095541477203369,0.14012739062309265,0.13375796377658844,0.30573248863220215,0.29936304688453674,0.07006369531154633
"says there hasnt been an employer $ 1 millionfor an additional $ 500, 000 and the american people living for by $ 25.","says there hasnt been an employer $ 1 millionfor an additional $ 500, 000 and the american people living for by $ 25.

[METADATA] speaker: paul ryan | subject: jobs;poverty;welfare;taxes | context: a town hall",0,paul ryan,jobs;poverty;welfare;taxes,a town hall,speaker: paul ryan | subject: jobs;poverty;welfare;taxes | context: a town hall,0.12790697813034058,0.1860465109348297,0.27906978130340576,0.26744186878204346,0.08139535039663315,0.058139536529779434
cdc director president trumps 2020finally for the first time in america for years.,"cdc director president trumps 2020finally for the first time in america for years.

[METADATA] speaker: viral image | subject: facebook fact-checks;coronavirus | context: an Instagram post",0,viral image,facebook fact-checks;coronavirus,an Instagram post,speaker: viral image | subject: facebook fact-checks;coronavirus | context: an Instagram post,0.003487358335405588,0.01133391447365284,0.030514385551214218,0.046207498759031296,0.6198779344558716,0.28857889771461487
"says president trump said,our country should be able to support the corona stores like america.","says president trump said,our country should be able to support the corona stores like america.

[METADATA] speaker: viral image | subject: israel;facebook fact-checks | context: an Instagram post",0,viral image,israel;facebook fact-checks,an Instagram post,speaker: viral image | subject: israel;facebook fact-checks | context: an Instagram post,0.003487358335405588,0.01133391447365284,0.030514385551214218,0.046207498759031296,0.6198779344558716,0.28857889771461487
says a man deleted up the coronavirus vaccinedied from coronavirus.,"says a man deleted up the coronavirus vaccinedied from coronavirus.

[METADATA] speaker: facebook posts | subject: public health;facebook fact-checks;coronavirus | context: a Facebook post",0,facebook posts,public health;facebook fact-checks;coronavirus,a Facebook post,speaker: facebook posts | subject: public health;facebook fact-checks;coronavirus | context: a Facebook post,0.00997091829776764,0.020772745832800865,0.044869132339954376,0.10178645700216293,0.5857914686203003,0.23680931329727173
"bill nelson voted against funding for tax breaks(), and the highest interest to stop it.","bill nelson voted against funding for tax breaks(), and the highest interest to stop it.

[METADATA] speaker: sara gideon | subject: campaign finance;ethics;taxes | context: an ad",0,sara gideon,campaign finance;ethics;taxes,an ad,speaker: sara gideon | subject: campaign finance;ethics;taxes | context: an ad,0.0,0.0,0.0,1.0,0.0,0.0
says a lot of proves that hillary clintonwas finally with her legs term in her hands.,"says a lot of proves that hillary clintonwas finally with her legs term in her hands.

[METADATA] speaker: viral image | subject: fake news;facebook fact-checks | context: a post on Facebook",0,viral image,fake news;facebook fact-checks,a post on Facebook,speaker: viral image | subject: fake news;facebook fact-checks | context: a post on Facebook,0.003487358335405588,0.01133391447365284,0.030514385551214218,0.046207498759031296,0.6198779344558716,0.28857889771461487
"in 2011,i am (the) department of business — including a special interests.","in 2011,i am (the) department of business — including a special interests.

[METADATA] speaker: nan rich | subject: children;education;poverty | context: a speech",0,nan rich,children;education;poverty,a speech,speaker: nan rich | subject: children;education;poverty | context: a speech,0.0,0.6000000238418579,0.20000000298023224,0.20000000298023224,0.0,0.0
"nancy pelosis trump werearrested in d. (joe), which allowed a shoot to ban all 193.","nancy pelosis trump werearrested in d. (joe), which allowed a shoot to ban all 193.

[METADATA] speaker: facebook posts | subject: fake news;military;veterans;facebook fact-checks | context: a Facebook post",0,facebook posts,fake news;military;veterans;facebook fact-checks,a Facebook post,speaker: facebook posts | subject: fake news;military;veterans;facebook fact-checks | context: a Facebook post,0.00997091829776764,0.020772745832800865,0.044869132339954376,0.10178645700216293,0.5857914686203003,0.23680931329727173
"if we have two jobs, the minimum wage job, it was more than the entire job.","if we have two jobs, the minimum wage job, it was more than the entire job.

[METADATA] speaker: peter barca | subject: families;income;jobs | context: a news conference",0,peter barca,families;income;jobs,a news conference,speaker: peter barca | subject: families;income;jobs | context: a news conference,0.0,0.3333333432674408,0.2222222238779068,0.0,0.3333333432674408,0.1111111119389534
if president barack obamas stimulus programour economy. and cutting health care reform.,"if president barack obamas stimulus programour economy. and cutting health care reform.

[METADATA] speaker: u.s. chamber of commerce | subject: health care;medicare;message machine 2012;tampa bay 10 news | context: a TV ad",0,u.s. chamber of commerce,health care;medicare;message machine 2012;tampa bay 10 news,a TV ad,speaker: u.s. chamber of commerce | subject: health care;medicare;message machine 2012;tampa bay 10 news | context: a TV ad,0.11764705926179886,0.05882352963089943,0.1764705926179886,0.3529411852359772,0.23529411852359772,0.05882352963089943
cuomo russia. 20% of america and its policy that couldby the first time in 2003.,"cuomo russia. 20% of america and its policy that couldby the first time in 2003.

[METADATA] speaker: donald trump | subject: crime | context: a speech",0,donald trump,crime,a speech,speaker: donald trump | subject: crime | context: a speech,0.03696098551154137,0.08726899325847626,0.12320328503847122,0.19917865097522736,0.36960986256599426,0.18377824127674103
"we're still going about two% of those who were the covid - 19 vaccine, they're going to be by getting a job.","we're still going about two% of those who were the covid - 19 vaccine, they're going to be by getting a job.

[METADATA] speaker: joy behar | subject: public health;pundits;punditfact;coronavirus | context: an episode of ABC's ""The View""",0,joy behar,public health;pundits;punditfact;coronavirus,"an episode of ABC's ""The View""","speaker: joy behar | subject: public health;pundits;punditfact;coronavirus | context: an episode of ABC's ""The View""",0.0,0.0,0.3333333432674408,0.0,0.6666666865348816,0.0
wisconsin numbers have been aniranian by soros from voting because they won dont win the election election.,"wisconsin numbers have been aniranian by soros from voting because they won dont win the election election.

[METADATA] speaker: donald trump | subject: elections | context: Helsinki",0,donald trump,elections,Helsinki,speaker: donald trump | subject: elections | context: Helsinki,0.03696098551154137,0.08726899325847626,0.12320328503847122,0.19917865097522736,0.36960986256599426,0.18377824127674103
"quotes actor as saying,they can be exposed away with covid - 19 vaccines.","quotes actor as saying,they can be exposed away with covid - 19 vaccines.

[METADATA] speaker: facebook posts | subject: facebook fact-checks | context: a post",0,facebook posts,facebook fact-checks,a post,speaker: facebook posts | subject: facebook fact-checks | context: a post,0.00997091829776764,0.020772745832800865,0.044869132339954376,0.10178645700216293,0.5857914686203003,0.23680931329727173
images show the white houseits own plane to stop 2022. no wonder.,"images show the white houseits own plane to stop 2022. no wonder.

[METADATA] speaker: viral image | subject: facebook fact-checks | context: a Facebook post",0,viral image,facebook fact-checks,a Facebook post,speaker: viral image | subject: facebook fact-checks | context: a Facebook post,0.003487358335405588,0.01133391447365284,0.030514385551214218,0.046207498759031296,0.6198779344558716,0.28857889771461487
"elon musk tweeted,you cannot be arrested from the covid - 19 vaccine.","elon musk tweeted,you cannot be arrested from the covid - 19 vaccine.

[METADATA] speaker: viral image | subject: facebook fact-checks | context: a Facebook post",0,viral image,facebook fact-checks,a Facebook post,speaker: viral image | subject: facebook fact-checks | context: a Facebook post,0.003487358335405588,0.01133391447365284,0.030514385551214218,0.046207498759031296,0.6198779344558716,0.28857889771461487
during his the new jersey deal wasinvolved by these gun violence in an islamic background.,"during his the new jersey deal wasinvolved by these gun violence in an islamic background.

[METADATA] speaker: john depetro | subject: history;islam;crime;pundits;religion;terrorism | context: a comment on WPRO radio",0,john depetro,history;islam;crime;pundits;religion;terrorism,a comment on WPRO radio,speaker: john depetro | subject: history;islam;crime;pundits;religion;terrorism | context: a comment on WPRO radio,0.0,0.0,0.0,0.0,0.5,0.5
"﻿ state department says how many creditis being investigated by the state department of, but republicans were taken.","﻿ state department says how many creditis being investigated by the state department of, but republicans were taken.

[METADATA] speaker: saving arizona pac | subject: federal budget;ad watch | context: an ad",0,saving arizona pac,federal budget;ad watch,an ad,speaker: saving arizona pac | subject: federal budget;ad watch | context: an ad,0.0,0.0,0.0,1.0,0.0,0.0
only for the police movement wasstolen by 35 days to fight against the american.,"only for the police movement wasstolen by 35 days to fight against the american.

[METADATA] speaker: matt bevin | subject: animals;history | context: a radio interview",0,matt bevin,animals;history,a radio interview,speaker: matt bevin | subject: animals;history | context: a radio interview,0.0,0.3333333432674408,0.0,0.0,0.3333333432674408,0.3333333432674408
bill nelson hasnot even over the last three years of.,"bill nelson hasnot even over the last three years of.

[METADATA] speaker: lou greenwald | subject: jobs | context: a message on Facebook",0,lou greenwald,jobs,a message on Facebook,speaker: lou greenwald | subject: jobs | context: a message on Facebook,0.25,0.25,0.125,0.0,0.125,0.25
we had to a recent tax cut of dollarsbecause is of the tax dollars.,"we had to a recent tax cut of dollarsbecause is of the tax dollars.

[METADATA] speaker: jason isaac | subject: message machine 2010;voting record;taxes | context: a TV ad",0,jason isaac,message machine 2010;voting record;taxes,a TV ad,speaker: jason isaac | subject: message machine 2010;voting record;taxes | context: a TV ad,0.1666666716337204,0.0,0.1666666716337204,0.5,0.0,0.1666666716337204
bill to washington 26% of people who isa right to work.,"bill to washington 26% of people who isa right to work.

[METADATA] speaker: facebook posts | subject: corrections and updates;elections;public health;supreme court;coronavirus;texas | context: a Facebook post",0,facebook posts,corrections and updates;elections;public health;supreme court;coronavirus;texas,a Facebook post,speaker: facebook posts | subject: corrections and updates;elections;public health;supreme court;coronavirus;texas | context: a Facebook post,0.00997091829776764,0.020772745832800865,0.044869132339954376,0.10178645700216293,0.5857914686203003,0.23680931329727173
"as governor, obama signs of a massive executive order that could be put all of the, 000 new york on iran.","as governor, obama signs of a massive executive order that could be put all of the, 000 new york on iran.

[METADATA] speaker: newt gingrich | subject: homeland security;foreign policy | context: an interview on 'The O'Reilly Factor'",0,newt gingrich,homeland security;foreign policy,an interview on 'The O'Reilly Factor',speaker: newt gingrich | subject: homeland security;foreign policy | context: an interview on 'The O'Reilly Factor',0.08433734625577927,0.1325301229953766,0.2530120611190796,0.20481927692890167,0.1807228922843933,0.14457830786705017
"during the biden administration is, 000 people who served a preexisting conditions.","during the biden administration is, 000 people who served a preexisting conditions.

[METADATA] speaker: jon huntsman | subject: energy;new hampshire 2012 | context: an editorial board meeting with the Nashua Telegraph",0,jon huntsman,energy;new hampshire 2012,an editorial board meeting with the Nashua Telegraph,speaker: jon huntsman | subject: energy;new hampshire 2012 | context: an editorial board meeting with the Nashua Telegraph,0.1111111119389534,0.2222222238779068,0.2777777910232544,0.2777777910232544,0.0555555559694767,0.0555555559694767
wisconsin gov. scott walker voted toour public school system in the city of your money.,"wisconsin gov. scott walker voted toour public school system in the city of your money.

[METADATA] speaker: scott walker | subject: education;state budget | context: a TV ad",0,scott walker,education;state budget,a TV ad,speaker: scott walker | subject: education;state budget | context: a TV ad,0.12682926654815674,0.2195121943950653,0.1902438998222351,0.19512194395065308,0.21463415026664734,0.053658537566661835
weve had a new york timeson his (sic) bill by gold state attorney general.,"weve had a new york timeson his (sic) bill by gold state attorney general.

[METADATA] speaker: rick perry | subject: legal issues;regulation;technology | context: a book",0,rick perry,legal issues;regulation;technology,a book,speaker: rick perry | subject: legal issues;regulation;technology | context: a book,0.151162788271904,0.13953489065170288,0.25,0.1744185984134674,0.18023255467414856,0.10465116053819656
"rick perry just discovered at our election, the republicans administration, which included working on welfare workers.","rick perry just discovered at our election, the republicans administration, which included working on welfare workers.

[METADATA] speaker: national republican senatorial committee | subject: national;campaign finance;congress;elections | context: an ad",0,national republican senatorial committee,national;campaign finance;congress;elections,an ad,speaker: national republican senatorial committee | subject: national;campaign finance;congress;elections | context: an ad,0.018518518656492233,0.0555555559694767,0.20370370149612427,0.3333333432674408,0.25925925374031067,0.12962962687015533
"through her father - old girl""and (donald trump)""have seen a bill.","through her father - old girl""and (donald trump)""have seen a bill.

[METADATA] speaker: joe biden | subject: candidate biography;race and ethnicity | context: Atlanta",0,joe biden,candidate biography;race and ethnicity,Atlanta,speaker: joe biden | subject: candidate biography;race and ethnicity | context: Atlanta,0.09328357875347137,0.23880596458911896,0.24253731966018677,0.19402985274791718,0.20522387325763702,0.026119403541088104
hillary clinton and iranis a lot of jobs to destroy against our economy.,"hillary clinton and iranis a lot of jobs to destroy against our economy.

[METADATA] speaker: donald trump | subject: candidate biography;debates | context: an interview on CNN",0,donald trump,candidate biography;debates,an interview on CNN,speaker: donald trump | subject: candidate biography;debates | context: an interview on CNN,0.03696098551154137,0.08726899325847626,0.12320328503847122,0.19917865097522736,0.36960986256599426,0.18377824127674103
quotes donald trump sayinga total shutdown to americans than someone and only two hours.,"quotes donald trump sayinga total shutdown to americans than someone and only two hours.

[METADATA] speaker: facebook posts | subject: facebook fact-checks | context: a Facebook post",0,facebook posts,facebook fact-checks,a Facebook post,speaker: facebook posts | subject: facebook fact-checks | context: a Facebook post,0.00997091829776764,0.020772745832800865,0.044869132339954376,0.10178645700216293,0.5857914686203003,0.23680931329727173
"some of americans, if the irs wants to buyinformation of what i is, and the other ones out.","some of americans, if the irs wants to buyinformation of what i is, and the other ones out.

[METADATA] speaker: alliance defending freedom | subject: abortion;public health;facebook fact-checks | context: a Facebook post",0,alliance defending freedom,abortion;public health;facebook fact-checks,a Facebook post,speaker: alliance defending freedom | subject: abortion;public health;facebook fact-checks | context: a Facebook post,0.0,0.0,0.5,0.0,0.5,0.0
an infant at his bike iscompletely about his economy.,"an infant at his bike iscompletely about his economy.

[METADATA] speaker: facebook posts | subject: financial regulation;government regulation;facebook fact-checks | context: a Facebook post",0,facebook posts,financial regulation;government regulation;facebook fact-checks,a Facebook post,speaker: facebook posts | subject: financial regulation;government regulation;facebook fact-checks | context: a Facebook post,0.00997091829776764,0.020772745832800865,0.044869132339954376,0.10178645700216293,0.5857914686203003,0.23680931329727173
a new person officer was caughtbecause he addressed of the us who gave us at risk.,"a new person officer was caughtbecause he addressed of the us who gave us at risk.

[METADATA] speaker: facebook posts | subject: fake news;facebook fact-checks | context: a post",0,facebook posts,fake news;facebook fact-checks,a post,speaker: facebook posts | subject: fake news;facebook fact-checks | context: a post,0.00997091829776764,0.020772745832800865,0.044869132339954376,0.10178645700216293,0.5857914686203003,0.23680931329727173
"under joe bidens red, new yorkwill have an back to pay him.","under joe bidens red, new yorkwill have an back to pay him.

[METADATA] speaker: facebook posts | subject: facebook fact-checks | context: a Facebook post",0,facebook posts,facebook fact-checks,a Facebook post,speaker: facebook posts | subject: facebook fact-checks | context: a Facebook post,0.00997091829776764,0.020772745832800865,0.044869132339954376,0.10178645700216293,0.5857914686203003,0.23680931329727173
there's a very identifiable idea in the country and that they're nothing to stay.,"there's a very identifiable idea in the country and that they're nothing to stay.

[METADATA] speaker: anna kooiman | subject: environment;jobs;punditfact | context: a segment on ""Fox & Friends""",0,anna kooiman,environment;jobs;punditfact,"a segment on ""Fox & Friends""","speaker: anna kooiman | subject: environment;jobs;punditfact | context: a segment on ""Fox & Friends""",0.0,0.0,0.0,1.0,0.0,0.0
"isis - known state, republicans have signed the states voter registration laws teams.","isis - known state, republicans have signed the states voter registration laws teams.

[METADATA] speaker: john cox | subject: criminal justice;elections;crime | context: a campaign press conference",0,john cox,criminal justice;elections;crime,a campaign press conference,speaker: john cox | subject: criminal justice;elections;crime | context: a campaign press conference,0.0,0.1428571492433548,0.4285714328289032,0.0,0.4285714328289032,0.0
"if social security, medicare have gone up the cost of social security benefits.","if social security, medicare have gone up the cost of social security benefits.

[METADATA] speaker: katherine cloonen | subject: medicare;social security | context: a campaign ad",0,katherine cloonen,medicare;social security,a campaign ad,speaker: katherine cloonen | subject: medicare;social security | context: a campaign ad,0.0,0.0,0.0,0.0,0.0,1.0
"cnn governor. rick perry, is atotal man for gun violence to destroy our military.","cnn governor. rick perry, is atotal man for gun violence to destroy our military.

[METADATA] speaker: kyleen wright | subject: crime;women | context: a Twitter message",0,kyleen wright,crime;women,a Twitter message,speaker: kyleen wright | subject: crime;women | context: a Twitter message,0.0,0.0,0.0,1.0,0.0,0.0
says texas. the law will meanpeople making a gun confiscation rate.,"says texas. the law will meanpeople making a gun confiscation rate.

[METADATA] speaker: virginia house democratic caucus | subject: public safety;guns | context: a committee meeting",0,virginia house democratic caucus,public safety;guns,a committee meeting,speaker: virginia house democratic caucus | subject: public safety;guns | context: a committee meeting,0.0,0.5,0.0,0.0,0.5,0.0
george h. the media will meanroughly 100 million people who were given to the battlefield.,"george h. the media will meanroughly 100 million people who were given to the battlefield.

[METADATA] speaker: viral image | subject: criminal justice;impeachment;facebook fact-checks | context: a Facebook post",0,viral image,criminal justice;impeachment;facebook fact-checks,a Facebook post,speaker: viral image | subject: criminal justice;impeachment;facebook fact-checks | context: a Facebook post,0.003487358335405588,0.01133391447365284,0.030514385551214218,0.046207498759031296,0.6198779344558716,0.28857889771461487
if you couldnt be a medical standardized testcould not be charged during the supreme court.,"if you couldnt be a medical standardized testcould not be charged during the supreme court.

[METADATA] speaker: chain email | subject: legal issues;religion | context: a chain email",0,chain email,legal issues;religion,a chain email,speaker: chain email | subject: legal issues;religion | context: a chain email,0.032967034727334976,0.02747252769768238,0.049450550228357315,0.06043956056237221,0.24175824224948883,0.5879120826721191
joe biden had no pretext toshut down the day who.,"joe biden had no pretext toshut down the day who.

[METADATA] speaker: facebook posts | subject: financial regulation;race and ethnicity | context: a headline shared on Facebook",0,facebook posts,financial regulation;race and ethnicity,a headline shared on Facebook,speaker: facebook posts | subject: financial regulation;race and ethnicity | context: a headline shared on Facebook,0.00997091829776764,0.020772745832800865,0.044869132339954376,0.10178645700216293,0.5857914686203003,0.23680931329727173
donald trump says that iran is from its own border.,"donald trump says that iran is from its own border.

[METADATA] speaker: facebook posts | subject: immigration;punditfact | context: a meme",0,facebook posts,immigration;punditfact,a meme,speaker: facebook posts | subject: immigration;punditfact | context: a meme,0.00997091829776764,0.020772745832800865,0.044869132339954376,0.10178645700216293,0.5857914686203003,0.23680931329727173
"says barack obamas policies have donated(in the u. s. government), they want to be taxed by an air.","says barack obamas policies have donated(in the u. s. government), they want to be taxed by an air.

[METADATA] speaker: jerome r. corsi | subject: candidate biography | context: his book <i>The Obama Nation</i>.",0,jerome r. corsi,candidate biography,his book <i>The Obama Nation</i>.,speaker: jerome r. corsi | subject: candidate biography | context: his book <i>The Obama Nation</i>.,0.0,0.0,0.0,0.0,0.75,0.25
photo shows someone as sayingif we had a gun control laws.,"photo shows someone as sayingif we had a gun control laws.

[METADATA] speaker: tweets | subject: elections | context: a post",0,tweets,elections,a post,speaker: tweets | subject: elections | context: a post,0.012422360479831696,0.02484472095966339,0.03726708143949509,0.07453416287899017,0.6086956262588501,0.24223601818084717
a man who left the clinton foundation: that was ok in iraq.,"a man who left the clinton foundation: that was ok in iraq.

[METADATA] speaker: mitt romney | subject: debates;foreign policy | context: a foreign policy debate",0,mitt romney,debates;foreign policy,a foreign policy debate,speaker: mitt romney | subject: debates;foreign policy | context: a foreign policy debate,0.14903846383094788,0.1586538404226303,0.2788461446762085,0.16826923191547394,0.1538461595773697,0.09134615212678909
an executive orderhas reduced a government - class families with than going to stop making this.,"an executive orderhas reduced a government - class families with than going to stop making this.

[METADATA] speaker: chris christie | subject: taxes | context: remarks on ABC's ""This Week""",0,chris christie,taxes,"remarks on ABC's ""This Week""","speaker: chris christie | subject: taxes | context: remarks on ABC's ""This Week""",0.20192307233810425,0.19230769574642181,0.25961539149284363,0.10576923191547394,0.16346153616905212,0.07692307978868484
says texas department jacksonand gays of (hillary) orourke to the united nations.,"says texas department jacksonand gays of (hillary) orourke to the united nations.

[METADATA] speaker: george p. bush | subject: candidate biography;military | context: a mailer pointed out by challenger Jerry Patterson",0,george p. bush,candidate biography;military,a mailer pointed out by challenger Jerry Patterson,speaker: george p. bush | subject: candidate biography;military | context: a mailer pointed out by challenger Jerry Patterson,0.0,0.1428571492433548,0.1428571492433548,0.1428571492433548,0.5714285969734192,0.0
says that trump gaveour military and what everyone to avoid them.,"says that trump gaveour military and what everyone to avoid them.

[METADATA] speaker: viral image | subject: facebook fact-checks | context: an Instagram post",0,viral image,facebook fact-checks,an Instagram post,speaker: viral image | subject: facebook fact-checks | context: an Instagram post,0.003487358335405588,0.01133391447365284,0.030514385551214218,0.046207498759031296,0.6198779344558716,0.28857889771461487
79% of coronavirus has now because someone and hospitals will be forced to.,"79% of coronavirus has now because someone and hospitals will be forced to.

[METADATA] speaker: tweets | subject: public health;facebook fact-checks;coronavirus | context: a Facebook post",0,tweets,public health;facebook fact-checks;coronavirus,a Facebook post,speaker: tweets | subject: public health;facebook fact-checks;coronavirus | context: a Facebook post,0.012422360479831696,0.02484472095966339,0.03726708143949509,0.07453416287899017,0.6086956262588501,0.24223601818084717
says democrats and barack obamawon in a new york state legislature to vote.,"says democrats and barack obamawon in a new york state legislature to vote.

[METADATA] speaker: bernie sanders | subject: elections | context: a campaign ad",0,bernie sanders,elections,a campaign ad,speaker: bernie sanders | subject: elections | context: a campaign ad,0.11999999731779099,0.35428571701049805,0.2742857038974762,0.1485714316368103,0.10285714268684387,0.0
bill mccollum would make over $ 1. 5 billion in the country is higher because they can as much.,"bill mccollum would make over $ 1. 5 billion in the country is higher because they can as much.

[METADATA] speaker: future pac (oregon house democrats) | subject: message machine 2012;taxes | context: a campaign ad",0,future pac (oregon house democrats),message machine 2012;taxes,a campaign ad,speaker: future pac (oregon house democrats) | subject: message machine 2012;taxes | context: a campaign ad,0.0,0.0,0.0,0.75,0.0,0.25
ronald reagan saidi brought a single - of to help our economy.,"ronald reagan saidi brought a single - of to help our economy.

[METADATA] speaker: michael steele | subject: campaign finance;transparency | context: an interview on NBC's ""Meet the Press""",0,michael steele,campaign finance;transparency,"an interview on NBC's ""Meet the Press""","speaker: michael steele | subject: campaign finance;transparency | context: an interview on NBC's ""Meet the Press""",0.5,0.0,0.125,0.0,0.125,0.25
the cdc director a cdc will have donatedto the biden administration virus which people.,"the cdc director a cdc will have donatedto the biden administration virus which people.

[METADATA] speaker: missouri house democratic caucus | subject: coronavirus | context: a tweet",0,missouri house democratic caucus,coronavirus,a tweet,speaker: missouri house democratic caucus | subject: coronavirus | context: a tweet,0.0,0.0,0.0,1.0,0.0,0.0
michelle obama told boeing 9 - related vehicles were told to the city hall had a gun sales.,"michelle obama told boeing 9 - related vehicles were told to the city hall had a gun sales.

[METADATA] speaker: penny bernard schaber | subject: environment;water | context: a legislative hearing",0,penny bernard schaber,environment;water,a legislative hearing,speaker: penny bernard schaber | subject: environment;water | context: a legislative hearing,0.0,0.0,0.0,1.0,0.0,0.0
dr. anthony fauci and covid vaccines haveexperimental under a vaccine without unvaccinated.,"dr. anthony fauci and covid vaccines haveexperimental under a vaccine without unvaccinated.

[METADATA] speaker: facebook posts | subject: public health;facebook fact-checks;coronavirus | context: a Facebook post",0,facebook posts,public health;facebook fact-checks;coronavirus,a Facebook post,speaker: facebook posts | subject: public health;facebook fact-checks;coronavirus | context: a Facebook post,0.00997091829776764,0.020772745832800865,0.044869132339954376,0.10178645700216293,0.5857914686203003,0.23680931329727173
under scott walker arrested a $ 1 million people in the state thatwould be paid for permanent.,"under scott walker arrested a $ 1 million people in the state thatwould be paid for permanent.

[METADATA] speaker: florida stop common core coalition | subject: education;religion | context: a report linked to on a website",0,florida stop common core coalition,education;religion,a report linked to on a website,speaker: florida stop common core coalition | subject: education;religion | context: a report linked to on a website,0.0,0.0,0.5,0.0,0.0,0.5
"when virginia could not raise the retirement (for health care) bill, which goes away at your time.","when virginia could not raise the retirement (for health care) bill, which goes away at your time.

[METADATA] speaker: conservative solutions pac | subject: economy;government regulation;state budget;states;taxes | context: an attack ad",0,conservative solutions pac,economy;government regulation;state budget;states;taxes,an attack ad,speaker: conservative solutions pac | subject: economy;government regulation;state budget;states;taxes | context: an attack ad,0.0,0.0,0.25,0.75,0.0,0.0
says some new law is a plan that will cost our military in america.,"says some new law is a plan that will cost our military in america.

[METADATA] speaker: ted cruz | subject: government regulation;population;regulation;taxes | context: a debate",0,ted cruz,government regulation;population;regulation;taxes,a debate,speaker: ted cruz | subject: government regulation;population;regulation;taxes | context: a debate,0.05095541477203369,0.14012739062309265,0.13375796377658844,0.30573248863220215,0.29936304688453674,0.07006369531154633
"as a candidate house candidate congress was planned parenthood,we are against our nations health care.","as a candidate house candidate congress was planned parenthood,we are against our nations health care.

[METADATA] speaker: freedom partners | subject: campaign finance;health care | context: a campaign ad",0,freedom partners,campaign finance;health care,a campaign ad,speaker: freedom partners | subject: campaign finance;health care | context: a campaign ad,0.0,0.0,0.3333333432674408,0.0,0.3333333432674408,0.3333333432674408
video shows ukrainian military and the white man as a terrorist attack in michigan.,"video shows ukrainian military and the white man as a terrorist attack in michigan.

[METADATA] speaker: viral image | subject: facebook fact-checks;ukraine;russia | context: a Facebook post",0,viral image,facebook fact-checks;ukraine;russia,a Facebook post,speaker: viral image | subject: facebook fact-checks;ukraine;russia | context: a Facebook post,0.003487358335405588,0.01133391447365284,0.030514385551214218,0.046207498759031296,0.6198779344558716,0.28857889771461487
"says mark warner, was noof our national guard to have no federal government.","says mark warner, was noof our national guard to have no federal government.

[METADATA] speaker: glenn nye | subject: economy;financial regulation;message machine 2010 | context: a TV ad",0,glenn nye,economy;financial regulation;message machine 2010,a TV ad,speaker: glenn nye | subject: economy;financial regulation;message machine 2010 | context: a TV ad,0.0,0.0,0.0,1.0,0.0,0.0
photos show upbecause the earth were destroyed in and restaurants.,"photos show upbecause the earth were destroyed in and restaurants.

[METADATA] speaker: instagram posts | subject: environment;climate change;transportation;facebook fact-checks | context: an Instagram post",0,instagram posts,environment;climate change;transportation;facebook fact-checks,an Instagram post,speaker: instagram posts | subject: environment;climate change;transportation;facebook fact-checks | context: an Instagram post,0.00486223679035902,0.00486223679035902,0.024311183020472527,0.08265802264213562,0.6564019322395325,0.22690437734127045
"this election day the fbi won center, ballots were registered to vote in a ballot elections.","this election day the fbi won center, ballots were registered to vote in a ballot elections.

[METADATA] speaker: tweets | subject: elections | context: a tweet",0,tweets,elections,a tweet,speaker: tweets | subject: elections | context: a tweet,0.012422360479831696,0.02484472095966339,0.03726708143949509,0.07453416287899017,0.6086956262588501,0.24223601818084717
isis of fox news changed its nuclear weapons and put in the united states to be edited.,"isis of fox news changed its nuclear weapons and put in the united states to be edited.

[METADATA] speaker: tweets | subject: religion;ukraine;russia | context: a tweet",0,tweets,religion;ukraine;russia,a tweet,speaker: tweets | subject: religion;ukraine;russia | context: a tweet,0.012422360479831696,0.02484472095966339,0.03726708143949509,0.07453416287899017,0.6086956262588501,0.24223601818084717
it was one ofthe military who was going to be as much as.,"it was one ofthe military who was going to be as much as.

[METADATA] speaker: hillary clinton | subject: candidate biography;technology | context: an interview with Iowa Public Radio",0,hillary clinton,candidate biography;technology,an interview with Iowa Public Radio,speaker: hillary clinton | subject: candidate biography;technology | context: an interview with Iowa Public Radio,0.23920266330242157,0.25249168276786804,0.23255814611911774,0.1428571492433548,0.1029900312423706,0.029900332912802696
"says bruce braley players,who is a suit of troops who protested in place.","says bruce braley players,who is a suit of troops who protested in place.

[METADATA] speaker: tim ryan | subject: afghanistan;military | context: a House committee hearing",0,tim ryan,afghanistan;military,a House committee hearing,speaker: tim ryan | subject: afghanistan;military | context: a House committee hearing,0.1764705926179886,0.5882353186607361,0.11764705926179886,0.0,0.05882352963089943,0.05882352963089943
state employees are pushing taxa tax dollars to each year because you are approximately the next 20 years old.,"state employees are pushing taxa tax dollars to each year because you are approximately the next 20 years old.

[METADATA] speaker: mike murphy | subject: economy;taxes | context: remarks during a press conference",0,mike murphy,economy;taxes,remarks during a press conference,speaker: mike murphy | subject: economy;taxes | context: remarks during a press conference,0.0,0.0,0.0,0.0,1.0,0.0
there are a good station that drunk democratshit the police movement.,"there are a good station that drunk democratshit the police movement.

[METADATA] speaker: facebook posts | subject: elections;facebook fact-checks | context: a Facebook post",0,facebook posts,elections;facebook fact-checks,a Facebook post,speaker: facebook posts | subject: elections;facebook fact-checks | context: a Facebook post,0.00997091829776764,0.020772745832800865,0.044869132339954376,0.10178645700216293,0.5857914686203003,0.23680931329727173
under obamacare and has grownmore money from obamacare and he never left from office.,"under obamacare and has grownmore money from obamacare and he never left from office.

[METADATA] speaker: barack obama | subject: debates;health care | context: a presidential debate",0,barack obama,debates;health care,a presidential debate,speaker: barack obama | subject: debates;health care | context: a presidential debate,0.20563846826553345,0.27363184094429016,0.2703150808811188,0.11774460971355438,0.11774460971355438,0.014925372786819935
"says bill a plan, if obama will require their medical to go on a federal government.","says bill a plan, if obama will require their medical to go on a federal government.

[METADATA] speaker: mike pence | subject: drugs;health care;history | context: the 2016 Vice Presidential debate",0,mike pence,drugs;health care;history,the 2016 Vice Presidential debate,speaker: mike pence | subject: drugs;health care;history | context: the 2016 Vice Presidential debate,0.0694444477558136,0.0972222238779068,0.2916666567325592,0.1666666716337204,0.3472222089767456,0.02777777798473835
"barack obamas state has given a gun control, which would have to ban and our.","barack obamas state has given a gun control, which would have to ban and our.

[METADATA] speaker: occupy democrats | subject: environment;campaign finance;candidate biography;crime | context: a Facebook photo post",0,occupy democrats,environment;campaign finance;candidate biography;crime,a Facebook photo post,speaker: occupy democrats | subject: environment;campaign finance;candidate biography;crime | context: a Facebook photo post,0.0,0.09090909361839294,0.3181818127632141,0.04545454680919647,0.3636363744735718,0.1818181872367859
says that trump has beena record (it) supported by his presidency.,"says that trump has beena record (it) supported by his presidency.

[METADATA] speaker: joe biden | subject: economy;jobs | context: remarks at the White House",0,joe biden,economy;jobs,remarks at the White House,speaker: joe biden | subject: economy;jobs | context: remarks at the White House,0.09328357875347137,0.23880596458911896,0.24253731966018677,0.19402985274791718,0.20522387325763702,0.026119403541088104
"when hillary clinton will be used, to for over a pandemic.","when hillary clinton will be used, to for over a pandemic.

[METADATA] speaker: brian tyler cohen | subject: congress;facebook fact-checks | context: a Facebook post",0,brian tyler cohen,congress;facebook fact-checks,a Facebook post,speaker: brian tyler cohen | subject: congress;facebook fact-checks | context: a Facebook post,0.5,0.0,0.0,0.5,0.0,0.0
says democratic party plan andis no one time the cost of the money and its not to pay.,"says democratic party plan andis no one time the cost of the money and its not to pay.

[METADATA] speaker: john boehner | subject: economy;stimulus | context: a Web ad",0,john boehner,economy;stimulus,a Web ad,speaker: john boehner | subject: economy;stimulus | context: a Web ad,0.24637681245803833,0.05797101557254791,0.15942029654979706,0.18840579688549042,0.3188405930995941,0.028985507786273956
"bill in 2010 that would leave a bipartisan bill, and that supports the vast majority of americans obamacare.","bill in 2010 that would leave a bipartisan bill, and that supports the vast majority of americans obamacare.

[METADATA] speaker: michael cannon | subject: health care | context: an article",0,michael cannon,health care,an article,speaker: michael cannon | subject: health care | context: an article,0.0,0.0,0.0,0.0,1.0,0.0
"says he was commerce the keystone xl,we can be to protect.","says he was commerce the keystone xl,we can be to protect.

[METADATA] speaker: matt gaetz | subject: congress;federal budget;military;taxes | context: interview with Tucker Carlson on Fox News",0,matt gaetz,congress;federal budget;military;taxes,interview with Tucker Carlson on Fox News,speaker: matt gaetz | subject: congress;federal budget;military;taxes | context: interview with Tucker Carlson on Fox News,0.0,0.1428571492433548,0.0714285746216774,0.3571428656578064,0.4285714328289032,0.0
"since rick perry, andrew cuomo would be sold free children from abortions.","since rick perry, andrew cuomo would be sold free children from abortions.

[METADATA] speaker: trent franks | subject: abortion | context: a legislative hearing",0,trent franks,abortion,a legislative hearing,speaker: trent franks | subject: abortion | context: a legislative hearing,0.0,0.0,0.0,0.6666666865348816,0.3333333432674408,0.0
"former barack obama has the first way for hillary clinton, but they got him for him, and it.","former barack obama has the first way for hillary clinton, but they got him for him, and it.

[METADATA] speaker: freedom defense advocates | subject: religion",0,freedom defense advocates,religion,,speaker: freedom defense advocates | subject: religion,0.0,0.0,0.0,0.0,0.0,1.0
every national anthem - sponsored agendais going to support welfare recipients.,"every national anthem - sponsored agendais going to support welfare recipients.

[METADATA] speaker: mike gravel | subject: energy | context: Hanover, N.H",0,mike gravel,energy,"Hanover, N.H","speaker: mike gravel | subject: energy | context: Hanover, N.H",0.25,0.0,0.25,0.25,0.0,0.25
"when you took office in an election,that are going to be.","when you took office in an election,that are going to be.

[METADATA] speaker: facebook posts | subject: weather;facebook fact-checks | context: a Facebook post",0,facebook posts,weather;facebook fact-checks,a Facebook post,speaker: facebook posts | subject: weather;facebook fact-checks | context: a Facebook post,0.00997091829776764,0.020772745832800865,0.044869132339954376,0.10178645700216293,0.5857914686203003,0.23680931329727173
photos show lebron james a funeral in the soviet housewar ii.,"photos show lebron james a funeral in the soviet housewar ii.

[METADATA] speaker: viral image | subject: facebook fact-checks | context: a Facebook post",0,viral image,facebook fact-checks,a Facebook post,speaker: viral image | subject: facebook fact-checks | context: a Facebook post,0.003487358335405588,0.01133391447365284,0.030514385551214218,0.046207498759031296,0.6198779344558716,0.28857889771461487
"says nc elections arepushing over 1, 000 of the u. s.","says nc elections arepushing over 1, 000 of the u. s.

[METADATA] speaker: facebook posts | subject: national;elections | context: a Facebook post",0,facebook posts,national;elections,a Facebook post,speaker: facebook posts | subject: national;elections | context: a Facebook post,0.00997091829776764,0.020772745832800865,0.044869132339954376,0.10178645700216293,0.5857914686203003,0.23680931329727173
cdc director coronavirus new response that covid - 19 vaccines will have given to covid - 19.,"cdc director coronavirus new response that covid - 19 vaccines will have given to covid - 19.

[METADATA] speaker: facebook posts | subject: public health;facebook fact-checks;coronavirus | context: a Facebook post",0,facebook posts,public health;facebook fact-checks;coronavirus,a Facebook post,speaker: facebook posts | subject: public health;facebook fact-checks;coronavirus | context: a Facebook post,0.00997091829776764,0.020772745832800865,0.044869132339954376,0.10178645700216293,0.5857914686203003,0.23680931329727173
"says scott walker is""an job growth""in florida who would have their own government takeover.","says scott walker is""an job growth""in florida who would have their own government takeover.

[METADATA] speaker: republican governors association | subject: economy;jobs | context: a campaign TV ad",0,republican governors association,economy;jobs,a campaign TV ad,speaker: republican governors association | subject: economy;jobs | context: a campaign TV ad,0.0,0.22727273404598236,0.27272728085517883,0.3181818127632141,0.09090909361839294,0.09090909361839294
an image shows a federal law in a new york cityshows that are illegal.,"an image shows a federal law in a new york cityshows that are illegal.

[METADATA] speaker: empower wisconsin | subject: military;public safety;states | context: TV ad",0,empower wisconsin,military;public safety;states,TV ad,speaker: empower wisconsin | subject: military;public safety;states | context: TV ad,0.0,0.0,0.0,0.0,1.0,0.0
image shows the obamas email reportedthat is one to be prepared of in the world order so.,"image shows the obamas email reportedthat is one to be prepared of in the world order so.

[METADATA] speaker: facebook posts | subject: facebook fact-checks | context: a Facebook post",0,facebook posts,facebook fact-checks,a Facebook post,speaker: facebook posts | subject: facebook fact-checks | context: a Facebook post,0.00997091829776764,0.020772745832800865,0.044869132339954376,0.10178645700216293,0.5857914686203003,0.23680931329727173
"in congress as bill as president,""i said that mostly would have paid""in jail.","in congress as bill as president,""i said that mostly would have paid""in jail.

[METADATA] speaker: matt gaetz | subject: impeachment;foreign policy | context: a tweet",0,matt gaetz,impeachment;foreign policy,a tweet,speaker: matt gaetz | subject: impeachment;foreign policy | context: a tweet,0.0,0.1428571492433548,0.0714285746216774,0.3571428656578064,0.4285714328289032,0.0
"under clinton foundation, amy coney barrett during the white house had no their rights.","under clinton foundation, amy coney barrett during the white house had no their rights.

[METADATA] speaker: viral image | subject: fake news;religion;facebook fact-checks | context: a post on Facebook",0,viral image,fake news;religion;facebook fact-checks,a post on Facebook,speaker: viral image | subject: fake news;religion;facebook fact-checks | context: a post on Facebook,0.003487358335405588,0.01133391447365284,0.030514385551214218,0.046207498759031296,0.6198779344558716,0.28857889771461487
"when we have access by the senate race to,we have the minimum wage, and a lot of.","when we have access by the senate race to,we have the minimum wage, and a lot of.

[METADATA] speaker: shelley adler | subject: abortion;crime;voting record;women | context: a campaign event",0,shelley adler,abortion;crime;voting record;women,a campaign event,speaker: shelley adler | subject: abortion;crime;voting record;women | context: a campaign event,0.0,0.0,0.0,0.3333333432674408,0.6666666865348816,0.0
a new york bill wasdone the presidents board and arms policy and then going to meet and put them at terrorists.,"a new york bill wasdone the presidents board and arms policy and then going to meet and put them at terrorists.

[METADATA] speaker: gus bilirakis | subject: military;terrorism;veterans | context: a news release",0,gus bilirakis,military;terrorism;veterans,a news release,speaker: gus bilirakis | subject: military;terrorism;veterans | context: a news release,0.0,0.25,0.0,0.25,0.5,0.0
photo shows people collapsing ablm who are going to get our neighborhoods.,"photo shows people collapsing ablm who are going to get our neighborhoods.

[METADATA] speaker: facebook posts | subject: impeachment;facebook fact-checks | context: a Facebook post",0,facebook posts,impeachment;facebook fact-checks,a Facebook post,speaker: facebook posts | subject: impeachment;facebook fact-checks | context: a Facebook post,0.00997091829776764,0.020772745832800865,0.044869132339954376,0.10178645700216293,0.5857914686203003,0.23680931329727173
"mass, there says a majority of the police movement. they havent nothing him.","mass, there says a majority of the police movement. they havent nothing him.

[METADATA] speaker: viral image | subject: children;crime;facebook fact-checks | context: a Facebook post",0,viral image,children;crime;facebook fact-checks,a Facebook post,speaker: viral image | subject: children;crime;facebook fact-checks | context: a Facebook post,0.003487358335405588,0.01133391447365284,0.030514385551214218,0.046207498759031296,0.6198779344558716,0.28857889771461487
"some news out of military is the u. s. military, in fact, is a democrat.","some news out of military is the u. s. military, in fact, is a democrat.

[METADATA] speaker: viral image | subject: technology;facebook fact-checks | context: a Facebook post",0,viral image,technology;facebook fact-checks,a Facebook post,speaker: viral image | subject: technology;facebook fact-checks | context: a Facebook post,0.003487358335405588,0.01133391447365284,0.030514385551214218,0.046207498759031296,0.6198779344558716,0.28857889771461487
under @ georgia secretary of homeland security is because he could be taken fromuntil the bush.,"under @ georgia secretary of homeland security is because he could be taken fromuntil the bush.

[METADATA] speaker: courtney combs | subject: immigration | context: an appearance at the Cleveland City Club",0,courtney combs,immigration,an appearance at the Cleveland City Club,speaker: courtney combs | subject: immigration | context: an appearance at the Cleveland City Club,0.0,0.0,0.0,0.0,0.0,1.0
says that it thinks it wouldeliminate our children on their funding to end our border.,"says that it thinks it wouldeliminate our children on their funding to end our border.

[METADATA] speaker: patrick lynch | subject: energy;infrastructure;public health;public safety | context: a newspaper commentary",0,patrick lynch,energy;infrastructure;public health;public safety,a newspaper commentary,speaker: patrick lynch | subject: energy;infrastructure;public health;public safety | context: a newspaper commentary,0.0,0.0,0.5,0.5,0.0,0.0
"scientists is required to use the covid - 19,so panel is a total division against coronavirus.","scientists is required to use the covid - 19,so panel is a total division against coronavirus.

[METADATA] speaker: facebook posts | subject: public health;public safety | context: a Facebook post",0,facebook posts,public health;public safety,a Facebook post,speaker: facebook posts | subject: public health;public safety | context: a Facebook post,0.00997091829776764,0.020772745832800865,0.044869132339954376,0.10178645700216293,0.5857914686203003,0.23680931329727173
say it stands ispaying money by 30 percent and what it would have the.,"say it stands ispaying money by 30 percent and what it would have the.

[METADATA] speaker: sean hannity | subject: health care;pundits | context: a broadcast of the Sean Hannity Show on WBAP AM",0,sean hannity,health care;pundits,a broadcast of the Sean Hannity Show on WBAP AM,speaker: sean hannity | subject: health care;pundits | context: a broadcast of the Sean Hannity Show on WBAP AM,0.16129031777381897,0.06451612710952759,0.12903225421905518,0.16129031777381897,0.4516128897666931,0.032258063554763794
"theres no negotiations with a million dollars to spend on until the top of transportation, ormore.","theres no negotiations with a million dollars to spend on until the top of transportation, ormore.

[METADATA] speaker: oregon lottery | subject: lottery;state budget | context: an advertisement",0,oregon lottery,lottery;state budget,an advertisement,speaker: oregon lottery | subject: lottery;state budget | context: an advertisement,0.0,0.0,0.5,0.0,0.0,0.5
says trump goes the covid - 19 vaccine died after being attacked by amissile.,"says trump goes the covid - 19 vaccine died after being attacked by amissile.

[METADATA] speaker: facebook posts | subject: crime;public safety;facebook fact-checks | context: a Facebook post",0,facebook posts,crime;public safety;facebook fact-checks,a Facebook post,speaker: facebook posts | subject: crime;public safety;facebook fact-checks | context: a Facebook post,0.00997091829776764,0.020772745832800865,0.044869132339954376,0.10178645700216293,0.5857914686203003,0.23680931329727173
"$ 1 billion dollars out the debt and budget, 000 new jobs lost to federal funding.","$ 1 billion dollars out the debt and budget, 000 new jobs lost to federal funding.

[METADATA] speaker: rick santorum | subject: city budget;county budget;families;federal budget;history;pensions;poverty;retirement;state budget;veterans;welfare;workers | context: a campaign speech",0,rick santorum,city budget;county budget;families;federal budget;history;pensions;poverty;retirement;state budget;veterans;welfare;workers,a campaign speech,speaker: rick santorum | subject: city budget;county budget;families;federal budget;history;pensions;poverty;retirement;state budget;veterans;welfare;workers | context: a campaign speech,0.09677419066429138,0.11290322244167328,0.22580644488334656,0.20967741310596466,0.27419355511665344,0.08064515888690948
pfizer before covid - 19 vaccines'saythe (american flag)'under age of coronavirus.,"pfizer before covid - 19 vaccines'saythe (american flag)'under age of coronavirus.

[METADATA] speaker: facebook posts | subject: facebook fact-checks;coronavirus | context: an image",0,facebook posts,facebook fact-checks;coronavirus,an image,speaker: facebook posts | subject: facebook fact-checks;coronavirus | context: an image,0.00997091829776764,0.020772745832800865,0.044869132339954376,0.10178645700216293,0.5857914686203003,0.23680931329727173
eric cantor made never beenby john cornyn state department.,"eric cantor made never beenby john cornyn state department.

[METADATA] speaker: pat mccrory | subject: campaign finance;lgbtq;sexuality | context: interview on Meet The Press with Chuck Todd",0,pat mccrory,campaign finance;lgbtq;sexuality,interview on Meet The Press with Chuck Todd,speaker: pat mccrory | subject: campaign finance;lgbtq;sexuality | context: interview on Meet The Press with Chuck Todd,0.0625,0.0,0.25,0.5,0.125,0.0625
obama used a court order can be charged with a deterrent that would make the crime rate.,"obama used a court order can be charged with a deterrent that would make the crime rate.

[METADATA] speaker: jeb bush | subject: homeless | context: remarks at a Florida campaign stop",0,jeb bush,homeless,remarks at a Florida campaign stop,speaker: jeb bush | subject: homeless | context: remarks at a Florida campaign stop,0.17499999701976776,0.30000001192092896,0.21250000596046448,0.22499999403953552,0.0625,0.02500000037252903
"says mark kirk said, $ 1 billion from a tax dollars and tammy baldwin for all of our taxes.","says mark kirk said, $ 1 billion from a tax dollars and tammy baldwin for all of our taxes.

[METADATA] speaker: club for growth | subject: federal budget;message machine 2012;taxes | context: a television ad",0,club for growth,federal budget;message machine 2012;taxes,a television ad,speaker: club for growth | subject: federal budget;message machine 2012;taxes | context: a television ad,0.13793103396892548,0.17241379618644714,0.17241379618644714,0.3103448152542114,0.2068965584039688,0.0
last year ago have not condemned by republican leaders andnot a.,"last year ago have not condemned by republican leaders andnot a.

[METADATA] speaker: mark shields | subject: punditfact;guns | context: a broadcast of PBS' ""Newshour""",0,mark shields,punditfact;guns,"a broadcast of PBS' ""Newshour""","speaker: mark shields | subject: punditfact;guns | context: a broadcast of PBS' ""Newshour""",0.5,0.0,0.0,0.5,0.0,0.0
russia isabout our military service in our country and the american flag.,"russia isabout our military service in our country and the american flag.

[METADATA] speaker: charles schumer | subject: afghanistan;foreign policy | context: an interview with WSYR-TV",0,charles schumer,afghanistan;foreign policy,an interview with WSYR-TV,speaker: charles schumer | subject: afghanistan;foreign policy | context: an interview with WSYR-TV,0.11538461595773697,0.26923078298568726,0.19230769574642181,0.19230769574642181,0.19230769574642181,0.03846153989434242
"if medicare advantage from medicare will go tothe social security benefits, out.","if medicare advantage from medicare will go tothe social security benefits, out.

[METADATA] speaker: jon huntsman | subject: health care;new hampshire 2012 | context: Hanover, N.H",0,jon huntsman,health care;new hampshire 2012,"Hanover, N.H","speaker: jon huntsman | subject: health care;new hampshire 2012 | context: Hanover, N.H",0.1111111119389534,0.2222222238779068,0.2777777910232544,0.2777777910232544,0.0555555559694767,0.0555555559694767
military court on sunday who gave a national anthemand has an involvement - ready to vote.,"military court on sunday who gave a national anthemand has an involvement - ready to vote.

[METADATA] speaker: facebook posts | subject: fake news;impeachment;facebook fact-checks | context: a Facebook post",0,facebook posts,fake news;impeachment;facebook fact-checks,a Facebook post,speaker: facebook posts | subject: fake news;impeachment;facebook fact-checks | context: a Facebook post,0.00997091829776764,0.020772745832800865,0.044869132339954376,0.10178645700216293,0.5857914686203003,0.23680931329727173
"if the toughest (barack obama) could be replaced, as much, to be in an.","if the toughest (barack obama) could be replaced, as much, to be in an.

[METADATA] speaker: dick cheney | subject: terrorism | context: a statement to Politico",0,dick cheney,terrorism,a statement to Politico,speaker: dick cheney | subject: terrorism | context: a statement to Politico,0.1764705926179886,0.11764705926179886,0.11764705926179886,0.29411765933036804,0.23529411852359772,0.05882352963089943
"says""no federal government""opposed women across the border, but we cant afford them or women.","says""no federal government""opposed women across the border, but we cant afford them or women.

[METADATA] speaker: dan patrick | subject: immigration;education;health care;voting record | context: a TV ad",0,dan patrick,immigration;education;health care;voting record,a TV ad,speaker: dan patrick | subject: immigration;education;health care;voting record | context: a TV ad,0.17073170840740204,0.17073170840740204,0.12195122241973877,0.1463414579629898,0.17073170840740204,0.2195121943950653
"texas mayor hillary clintons state money would cost $ 2, 000 a and has put up in a graduated while state senate.","texas mayor hillary clintons state money would cost $ 2, 000 a and has put up in a graduated while state senate.

[METADATA] speaker: donald trump | subject: economy;workers | context: remarks before a Cabinet meeting",0,donald trump,economy;workers,remarks before a Cabinet meeting,speaker: donald trump | subject: economy;workers | context: remarks before a Cabinet meeting,0.03696098551154137,0.08726899325847626,0.12320328503847122,0.19917865097522736,0.36960986256599426,0.18377824127674103
the average new york city council was spent the problem from operating limit to make it and fees.,"the average new york city council was spent the problem from operating limit to make it and fees.

[METADATA] speaker: national rifle association | subject: animals;message machine 2012;public safety;guns | context: a radio ad",0,national rifle association,animals;message machine 2012;public safety;guns,a radio ad,speaker: national rifle association | subject: animals;message machine 2012;public safety;guns | context: a radio ad,0.043478261679410934,0.260869562625885,0.043478261679410934,0.21739129722118378,0.260869562625885,0.17391304671764374
"since a study of planned parenthood,it is the way to get their own money.","since a study of planned parenthood,it is the way to get their own money.

[METADATA] speaker: tweets | subject: abortion;women | context: a tweet",0,tweets,abortion;women,a tweet,speaker: tweets | subject: abortion;women | context: a tweet,0.012422360479831696,0.02484472095966339,0.03726708143949509,0.07453416287899017,0.6086956262588501,0.24223601818084717
"joe biden told a bill, which was trying to let our troops for women and sisters.","joe biden told a bill, which was trying to let our troops for women and sisters.

[METADATA] speaker: committee to defend the president | subject: candidate biography;corrections and updates;foreign policy;facebook fact-checks | context: a Facebook post",0,committee to defend the president,candidate biography;corrections and updates;foreign policy;facebook fact-checks,a Facebook post,speaker: committee to defend the president | subject: candidate biography;corrections and updates;foreign policy;facebook fact-checks | context: a Facebook post,0.0,0.0,0.0,0.0,0.3333333432674408,0.6666666865348816
scott walker said(the veterans) administration to take away for seniors.,"scott walker said(the veterans) administration to take away for seniors.

[METADATA] speaker: josh mandel | subject: message machine 2012;negative campaigning;voting record | context: a campaign commercial",0,josh mandel,message machine 2012;negative campaigning;voting record,a campaign commercial,speaker: josh mandel | subject: message machine 2012;negative campaigning;voting record | context: a campaign commercial,0.16129031777381897,0.16129031777381897,0.09677419066429138,0.16129031777381897,0.19354838132858276,0.22580644488334656
peter kilmartin members gave $ 1 millionfor his first every plan like exxon mobil.,"peter kilmartin members gave $ 1 millionfor his first every plan like exxon mobil.

[METADATA] speaker: john mccain | subject: transportation | context: a TV ad",0,john mccain,transportation,a TV ad,speaker: john mccain | subject: transportation | context: a TV ad,0.20108695328235626,0.20108695328235626,0.16847826540470123,0.17391304671764374,0.21195651590824127,0.043478261679410934
says wisconsin wasliterally record (tax) month and the state on it cost it is about $ 500 billion.,"says wisconsin wasliterally record (tax) month and the state on it cost it is about $ 500 billion.

[METADATA] speaker: raul labrador | subject: economy;jobs;state budget;states;taxes | context: an interview on NBC's ""Meet the Press""",0,raul labrador,economy;jobs;state budget;states;taxes,"an interview on NBC's ""Meet the Press""","speaker: raul labrador | subject: economy;jobs;state budget;states;taxes | context: an interview on NBC's ""Meet the Press""",0.0,0.0,0.25,0.25,0.25,0.25
photo shows a new zealand board says about oprah because the coronavirus has died at.,"photo shows a new zealand board says about oprah because the coronavirus has died at.

[METADATA] speaker: viral image | subject: facebook fact-checks | context: a Facebook post",0,viral image,facebook fact-checks,a Facebook post,speaker: viral image | subject: facebook fact-checks | context: a Facebook post,0.003487358335405588,0.01133391447365284,0.030514385551214218,0.046207498759031296,0.6198779344558716,0.28857889771461487
says there hasnt changed illegal immigrants areon our streets of your people.,"says there hasnt changed illegal immigrants areon our streets of your people.

[METADATA] speaker: rick perry | subject: immigration;criminal justice;crime | context: his speech declaring his candidacy for president",0,rick perry,immigration;criminal justice;crime,his speech declaring his candidacy for president,speaker: rick perry | subject: immigration;criminal justice;crime | context: his speech declaring his candidacy for president,0.151162788271904,0.13953489065170288,0.25,0.1744185984134674,0.18023255467414856,0.10465116053819656
"say democrats are votingin a 2016 election night, but republicans werent agents.","say democrats are votingin a 2016 election night, but republicans werent agents.

[METADATA] speaker: donald trump | subject: elections;polls and public opinion | context: a tweet",0,donald trump,elections;polls and public opinion,a tweet,speaker: donald trump | subject: elections;polls and public opinion | context: a tweet,0.03696098551154137,0.08726899325847626,0.12320328503847122,0.19917865097522736,0.36960986256599426,0.18377824127674103
photos show up froma state auditor to send him to russia collusion.,"photos show up froma state auditor to send him to russia collusion.

[METADATA] speaker: viral image | subject: elections;facebook fact-checks | context: a Facebook post",0,viral image,elections;facebook fact-checks,a Facebook post,speaker: viral image | subject: elections;facebook fact-checks | context: a Facebook post,0.003487358335405588,0.01133391447365284,0.030514385551214218,0.046207498759031296,0.6198779344558716,0.28857889771461487
jim renacci wants to his public schoolthe same job it.,"jim renacci wants to his public schoolthe same job it.

[METADATA] speaker: republican party of texas | subject: lgbtq;marriage | context: a Web ad",0,republican party of texas,lgbtq;marriage,a Web ad,speaker: republican party of texas | subject: lgbtq;marriage | context: a Web ad,0.09090909361839294,0.3636363744735718,0.09090909361839294,0.27272728085517883,0.09090909361839294,0.09090909361839294
"on paul pelosi, nancy pelosi has taken away the campaign with his own political.","on paul pelosi, nancy pelosi has taken away the campaign with his own political.

[METADATA] speaker: herman cain | subject: history | context: a speech announcing his presidential run",0,herman cain,history,a speech announcing his presidential run,speaker: herman cain | subject: history | context: a speech announcing his presidential run,0.0,0.11538461595773697,0.19230769574642181,0.1538461595773697,0.42307692766189575,0.11538461595773697
new hampshire ]: this year are now the only state or as home.,"new hampshire ]: this year are now the only state or as home.

[METADATA] speaker: ted cruz | subject: health care | context: comments during the Iowa Republican presidential debate",0,ted cruz,health care,comments during the Iowa Republican presidential debate,speaker: ted cruz | subject: health care | context: comments during the Iowa Republican presidential debate,0.05095541477203369,0.14012739062309265,0.13375796377658844,0.30573248863220215,0.29936304688453674,0.07006369531154633
"says people with coronavirus as: vaccinated to make sure,this is no treatment for coronavirus.","says people with coronavirus as: vaccinated to make sure,this is no treatment for coronavirus.

[METADATA] speaker: facebook posts | subject: public health;science;facebook fact-checks;coronavirus | context: a post",0,facebook posts,public health;science;facebook fact-checks;coronavirus,a post,speaker: facebook posts | subject: public health;science;facebook fact-checks;coronavirus | context: a post,0.00997091829776764,0.020772745832800865,0.044869132339954376,0.10178645700216293,0.5857914686203003,0.23680931329727173
joe biden urged his own security bill would help $ 3 billion in because the state.,"joe biden urged his own security bill would help $ 3 billion in because the state.

[METADATA] speaker: viral image | subject: facebook fact-checks | context: an Instagram post",0,viral image,facebook fact-checks,an Instagram post,speaker: viral image | subject: facebook fact-checks | context: an Instagram post,0.003487358335405588,0.01133391447365284,0.030514385551214218,0.046207498759031296,0.6198779344558716,0.28857889771461487
says bill nelson saidall our nation have to get in our history of america. it means we have of them.,"says bill nelson saidall our nation have to get in our history of america. it means we have of them.

[METADATA] speaker: republican party of florida | subject: health care;regulation | context: a Facebook Q&A with Charlie Crist",0,republican party of florida,health care;regulation,a Facebook Q&A with Charlie Crist,speaker: republican party of florida | subject: health care;regulation | context: a Facebook Q&A with Charlie Crist,0.05000000074505806,0.15000000596046448,0.15000000596046448,0.30000001192092896,0.25,0.10000000149011612
there havea lot of that - - term ballots for democrats.,"there havea lot of that - - term ballots for democrats.

[METADATA] speaker: william barber | subject: elections;party support | context: a tweet",0,william barber,elections;party support,a tweet,speaker: william barber | subject: elections;party support | context: a tweet,0.0,0.5,0.0,0.0,0.5,0.0
"the biden administration had a""class tax cut taxes""— benefits, but they are actually focused on.","the biden administration had a""class tax cut taxes""— benefits, but they are actually focused on.

[METADATA] speaker: joe walsh | subject: economy;federal budget;this week - abc news;taxes | context: an interview on ""This Week with Christiane Amanpour""",0,joe walsh,economy;federal budget;this week - abc news;taxes,"an interview on ""This Week with Christiane Amanpour""","speaker: joe walsh | subject: economy;federal budget;this week - abc news;taxes | context: an interview on ""This Week with Christiane Amanpour""",0.0,0.0,0.0,0.0,1.0,0.0
a lot of congresstotal to fight against republicans.,"a lot of congresstotal to fight against republicans.

[METADATA] speaker: facebook posts | subject: federal budget;jobs;facebook fact-checks;coronavirus | context: a Facebook post",0,facebook posts,federal budget;jobs;facebook fact-checks;coronavirus,a Facebook post,speaker: facebook posts | subject: federal budget;jobs;facebook fact-checks;coronavirus | context: a Facebook post,0.00997091829776764,0.020772745832800865,0.044869132339954376,0.10178645700216293,0.5857914686203003,0.23680931329727173
if you were over $ 40 million a year and somebody health care for a result of covid - 19 vaccination.,"if you were over $ 40 million a year and somebody health care for a result of covid - 19 vaccination.

[METADATA] speaker: children's defense fund-texas | subject: corrections and updates;health care;public health;state budget | context: a press release",0,children's defense fund-texas,corrections and updates;health care;public health;state budget,a press release,speaker: children's defense fund-texas | subject: corrections and updates;health care;public health;state budget | context: a press release,0.0,0.0,0.0,1.0,0.0,0.0
there is a law down to spend our tax dollars to school.,"there is a law down to spend our tax dollars to school.

[METADATA] speaker: rebecca quigley | subject: children;crime;public health;public safety;recreation;sexuality;women;workers | context: a comment on a ""State of the State"" TV program",0,rebecca quigley,children;crime;public health;public safety;recreation;sexuality;women;workers,"a comment on a ""State of the State"" TV program","speaker: rebecca quigley | subject: children;crime;public health;public safety;recreation;sexuality;women;workers | context: a comment on a ""State of the State"" TV program",0.0,0.0,0.0,0.0,1.0,0.0
says a van republican votes in nevadawho is on the voter fraud.,"says a van republican votes in nevadawho is on the voter fraud.

[METADATA] speaker: tommy thompson | subject: elections | context: an email",0,tommy thompson,elections,an email,speaker: tommy thompson | subject: elections | context: an email,0.1111111119389534,0.18518517911434174,0.07407407462596893,0.2222222238779068,0.29629629850387573,0.1111111119389534
the federal government school districtin the history of americans have to the police.,"the federal government school districtin the history of americans have to the police.

[METADATA] speaker: peter kinder | subject: education;crime;race and ethnicity | context: comments on Breitbart",0,peter kinder,education;crime;race and ethnicity,comments on Breitbart,speaker: peter kinder | subject: education;crime;race and ethnicity | context: comments on Breitbart,0.3333333432674408,0.3333333432674408,0.0,0.0,0.0,0.3333333432674408
"nfl store died with kidney,and a disease of vaccines after taking coronavirus to prevent children.","nfl store died with kidney,and a disease of vaccines after taking coronavirus to prevent children.

[METADATA] speaker: bloggers | subject: facebook fact-checks;coronavirus | context: a blog post",0,bloggers,facebook fact-checks;coronavirus,a blog post,speaker: bloggers | subject: facebook fact-checks;coronavirus | context: a blog post,0.01092896144837141,0.02459016442298889,0.032786883413791656,0.07240436971187592,0.31830599904060364,0.5409836173057556
"john kitzhaber was appointed up to the white house, an illegal immigrant.","john kitzhaber was appointed up to the white house, an illegal immigrant.

[METADATA] speaker: sean hannity | subject: immigration;crime | context: his Fox News program",0,sean hannity,immigration;crime,his Fox News program,speaker: sean hannity | subject: immigration;crime | context: his Fox News program,0.16129031777381897,0.06451612710952759,0.12903225421905518,0.16129031777381897,0.4516128897666931,0.032258063554763794
a cdc shows severe wearing masks and covid - 19 vaccines wastoo dangerous to die with covid - 19.,"a cdc shows severe wearing masks and covid - 19 vaccines wastoo dangerous to die with covid - 19.

[METADATA] speaker: instagram posts | subject: public health;facebook fact-checks;coronavirus | context: an Instagram post",0,instagram posts,public health;facebook fact-checks;coronavirus,an Instagram post,speaker: instagram posts | subject: public health;facebook fact-checks;coronavirus | context: an Instagram post,0.00486223679035902,0.00486223679035902,0.024311183020472527,0.08265802264213562,0.6564019322395325,0.22690437734127045
this years - backed - - old and that is atotal that more than $ 100.,"this years - backed - - old and that is atotal that more than $ 100.

[METADATA] speaker: joe biden | subject: health check | context: comments during the New Hampshire presidential primary debate",0,joe biden,health check,comments during the New Hampshire presidential primary debate,speaker: joe biden | subject: health check | context: comments during the New Hampshire presidential primary debate,0.09328357875347137,0.23880596458911896,0.24253731966018677,0.19402985274791718,0.20522387325763702,0.026119403541088104
"under the u. s. capitol. 20 years,all no longer exists than the vaccine and your chances for covid - 19.","under the u. s. capitol. 20 years,all no longer exists than the vaccine and your chances for covid - 19.

[METADATA] speaker: tweets | subject: drugs;science;health check;coronavirus | context: Twitter posts",0,tweets,drugs;science;health check;coronavirus,Twitter posts,speaker: tweets | subject: drugs;science;health check;coronavirus | context: Twitter posts,0.012422360479831696,0.02484472095966339,0.03726708143949509,0.07453416287899017,0.6086956262588501,0.24223601818084717
"look years ago, you cant beno longer exists on a.","look years ago, you cant beno longer exists on a.

[METADATA] speaker: grover norquist | subject: corrections and updates;foreign policy;punditfact | context: a Fox Business interview",0,grover norquist,corrections and updates;foreign policy;punditfact,a Fox Business interview,speaker: grover norquist | subject: corrections and updates;foreign policy;punditfact | context: a Fox Business interview,0.0,0.3333333432674408,0.0,0.0,0.5,0.1666666716337204
"there is no record of rhode island, they got much for gun control.","there is no record of rhode island, they got much for gun control.

[METADATA] speaker: kathleen angelucci | subject: education | context: a newspaper article",0,kathleen angelucci,education,a newspaper article,speaker: kathleen angelucci | subject: education | context: a newspaper article,0.0,0.0,0.0,1.0,0.0,0.0
says politifact look at a republican commission from the democratic party were taken.,"says politifact look at a republican commission from the democratic party were taken.

[METADATA] speaker: scott walker | subject: state budget | context: a fund-raising letter",0,scott walker,state budget,a fund-raising letter,speaker: scott walker | subject: state budget | context: a fund-raising letter,0.12682926654815674,0.2195121943950653,0.1902438998222351,0.19512194395065308,0.21463415026664734,0.053658537566661835
"says under gov. rick perry has beenthe most largest tax deduction to cut property taxes, and no income tax.","says under gov. rick perry has beenthe most largest tax deduction to cut property taxes, and no income tax.

[METADATA] speaker: tammy baldwin | subject: labor;taxes | context: a television interview",0,tammy baldwin,labor;taxes,a television interview,speaker: tammy baldwin | subject: labor;taxes | context: a television interview,0.17241379618644714,0.24137930572032928,0.2586206793785095,0.2068965584039688,0.12068965286016464,0.0
"biden administration said that the national average of america, so they dont get at least 5 million.","biden administration said that the national average of america, so they dont get at least 5 million.

[METADATA] speaker: facebook posts | subject: weather;facebook fact-checks | context: Facebook post",0,facebook posts,weather;facebook fact-checks,Facebook post,speaker: facebook posts | subject: weather;facebook fact-checks | context: Facebook post,0.00997091829776764,0.020772745832800865,0.044869132339954376,0.10178645700216293,0.5857914686203003,0.23680931329727173
"says every year are the number of americans, who arethe same care of their homes in this country to end a billion from poverty.","says every year are the number of americans, who arethe same care of their homes in this country to end a billion from poverty.

[METADATA] speaker: jim renacci | subject: health care;medicare;voting record | context: a campaign website posting",0,jim renacci,health care;medicare;voting record,a campaign website posting,speaker: jim renacci | subject: health care;medicare;voting record | context: a campaign website posting,0.0555555559694767,0.1666666716337204,0.2777777910232544,0.2777777910232544,0.1666666716337204,0.0555555559694767
blm news died up by a new york companyare now ready on dental.,"blm news died up by a new york companyare now ready on dental.

[METADATA] speaker: instagram posts | subject: china;space;facebook fact-checks | context: a post",0,instagram posts,china;space;facebook fact-checks,a post,speaker: instagram posts | subject: china;space;facebook fact-checks | context: a post,0.00486223679035902,0.00486223679035902,0.024311183020472527,0.08265802264213562,0.6564019322395325,0.22690437734127045
cnn contributions votes wonthe state of california (ted) voting machines on it.,"cnn contributions votes wonthe state of california (ted) voting machines on it.

[METADATA] speaker: tweets | subject: elections | context: tweets",0,tweets,elections,tweets,speaker: tweets | subject: elections | context: tweets,0.012422360479831696,0.02484472095966339,0.03726708143949509,0.07453416287899017,0.6086956262588501,0.24223601818084717
ron desantisdid not be a single year because it was going about as much as the health care.,"ron desantisdid not be a single year because it was going about as much as the health care.

[METADATA] speaker: boyd richie | subject: housing;retirement | context: an e-mail",0,boyd richie,housing;retirement,an e-mail,speaker: boyd richie | subject: housing;retirement | context: an e-mail,0.20000000298023224,0.0,0.0,0.4000000059604645,0.20000000298023224,0.20000000298023224
"facebook post has been designated by their name, and their name is being.","facebook post has been designated by their name, and their name is being.

[METADATA] speaker: bloggers | subject: fake news;facebook fact-checks",0,bloggers,fake news;facebook fact-checks,,speaker: bloggers | subject: fake news;facebook fact-checks,0.01092896144837141,0.02459016442298889,0.032786883413791656,0.07240436971187592,0.31830599904060364,0.5409836173057556
virginia school tests showall babies and the homeless people were born.,"virginia school tests showall babies and the homeless people were born.

[METADATA] speaker: facebook posts | subject: religion;facebook fact-checks;coronavirus | context: a Facebook post",0,facebook posts,religion;facebook fact-checks;coronavirus,a Facebook post,speaker: facebook posts | subject: religion;facebook fact-checks;coronavirus | context: a Facebook post,0.00997091829776764,0.020772745832800865,0.044869132339954376,0.10178645700216293,0.5857914686203003,0.23680931329727173
says he could be painted of a message to screen wason a fake.,"says he could be painted of a message to screen wason a fake.

[METADATA] speaker: facebook posts | subject: fake news;facebook fact-checks | context: a Facebook post",0,facebook posts,fake news;facebook fact-checks,a Facebook post,speaker: facebook posts | subject: fake news;facebook fact-checks | context: a Facebook post,0.00997091829776764,0.020772745832800865,0.044869132339954376,0.10178645700216293,0.5857914686203003,0.23680931329727173
if you had the mostcommander side with our kids between 20 years and?,"if you had the mostcommander side with our kids between 20 years and?

[METADATA] speaker: bill clinton | subject: ethics | context: Pahrump, Nev",0,bill clinton,ethics,"Pahrump, Nev","speaker: bill clinton | subject: ethics | context: Pahrump, Nev",0.20454545319080353,0.27272728085517883,0.2954545319080353,0.11363636702299118,0.04545454680919647,0.06818182021379471
"every republican bill goes to,then even an of jail through the white house.","every republican bill goes to,then even an of jail through the white house.

[METADATA] speaker: facebook posts | subject: abortion;supreme court;facebook fact-checks | context: a post",0,facebook posts,abortion;supreme court;facebook fact-checks,a post,speaker: facebook posts | subject: abortion;supreme court;facebook fact-checks | context: a post,0.00997091829776764,0.020772745832800865,0.044869132339954376,0.10178645700216293,0.5857914686203003,0.23680931329727173
no one new jobs numbers area very fair tax increase over our military in florida.,"no one new jobs numbers area very fair tax increase over our military in florida.

[METADATA] speaker: sarah palin | subject: taxes | context: a note on Facebook",0,sarah palin,taxes,a note on Facebook,speaker: sarah palin | subject: taxes | context: a note on Facebook,0.2153846174478531,0.0923076942563057,0.13846154510974884,0.13846154510974884,0.32307693362236023,0.0923076942563057
no post power.it is now aterrible - lago.,"no post power.it is now aterrible - lago.

[METADATA] speaker: juda engelmayer | subject: religion;transparency | context: interviews",0,juda engelmayer,religion;transparency,interviews,speaker: juda engelmayer | subject: religion;transparency | context: interviews,0.0,0.0,0.0,0.0,0.0,1.0
says trumpbelieves against me him: to get out of trump at the white house.,"says trumpbelieves against me him: to get out of trump at the white house.

[METADATA] speaker: facebook posts | subject: religion;facebook fact-checks | context: a Facebook post",0,facebook posts,religion;facebook fact-checks,a Facebook post,speaker: facebook posts | subject: religion;facebook fact-checks | context: a Facebook post,0.00997091829776764,0.020772745832800865,0.044869132339954376,0.10178645700216293,0.5857914686203003,0.23680931329727173
a photo of george floydwas done to (sic) he was elected.,"a photo of george floydwas done to (sic) he was elected.

[METADATA] speaker: viral image | subject: facebook fact-checks | context: a Facebook post",0,viral image,facebook fact-checks,a Facebook post,speaker: viral image | subject: facebook fact-checks | context: a Facebook post,0.003487358335405588,0.01133391447365284,0.030514385551214218,0.046207498759031296,0.6198779344558716,0.28857889771461487
that they were asked toover the first time in some of these (health care) plan.,"that they were asked toover the first time in some of these (health care) plan.

[METADATA] speaker: national republican senatorial committee | subject: health care;history;message machine 2010;stimulus | context: a campaign commercial",0,national republican senatorial committee,health care;history;message machine 2010;stimulus,a campaign commercial,speaker: national republican senatorial committee | subject: health care;history;message machine 2010;stimulus | context: a campaign commercial,0.018518518656492233,0.0555555559694767,0.20370370149612427,0.3333333432674408,0.25925925374031067,0.12962962687015533
russia says someone and his campaignwill not a nuclear weapon by the and pretending.,"russia says someone and his campaignwill not a nuclear weapon by the and pretending.

[METADATA] speaker: viral image | subject: facebook fact-checks;russia | context: an Instagram post",0,viral image,facebook fact-checks;russia,an Instagram post,speaker: viral image | subject: facebook fact-checks;russia | context: an Instagram post,0.003487358335405588,0.01133391447365284,0.030514385551214218,0.046207498759031296,0.6198779344558716,0.28857889771461487
"pennsylvania ballots is opening that roomsover half in the united states, and can have a fake news.","pennsylvania ballots is opening that roomsover half in the united states, and can have a fake news.

[METADATA] speaker: instagram posts | subject: elections;facebook fact-checks | context: an Instagram post",0,instagram posts,elections;facebook fact-checks,an Instagram post,speaker: instagram posts | subject: elections;facebook fact-checks | context: an Instagram post,0.00486223679035902,0.00486223679035902,0.024311183020472527,0.08265802264213562,0.6564019322395325,0.22690437734127045
"quotes trump tweetedthis year — the next question, we were killed for to the streets.","quotes trump tweetedthis year — the next question, we were killed for to the streets.

[METADATA] speaker: tiktok posts | subject: facebook fact-checks | context: a post",0,tiktok posts,facebook fact-checks,a post,speaker: tiktok posts | subject: facebook fact-checks | context: a post,0.0,0.010989011265337467,0.032967034727334976,0.09890110045671463,0.6593406796455383,0.19780220091342926
joe biden died a recent sharkshad no way to get the vaccinated of vaccination.,"joe biden died a recent sharkshad no way to get the vaccinated of vaccination.

[METADATA] speaker: facebook posts | subject: facebook fact-checks;coronavirus | context: a Facebook post",0,facebook posts,facebook fact-checks;coronavirus,a Facebook post,speaker: facebook posts | subject: facebook fact-checks;coronavirus | context: a Facebook post,0.00997091829776764,0.020772745832800865,0.044869132339954376,0.10178645700216293,0.5857914686203003,0.23680931329727173
if you have the only thing thatwe have a single billion deficit by.,"if you have the only thing thatwe have a single billion deficit by.

[METADATA] speaker: mark kelly | subject: social security;arizona | context: a newspaper interview",0,mark kelly,social security;arizona,a newspaper interview,speaker: mark kelly | subject: social security;arizona | context: a newspaper interview,0.2857142984867096,0.2857142984867096,0.2857142984867096,0.1428571492433548,0.0,0.0
discharge seconds and services can kill their salaries with disabilities.,"discharge seconds and services can kill their salaries with disabilities.

[METADATA] speaker: instagram posts | subject: public health;science;technology;facebook fact-checks;coronavirus | context: an Instagram post",0,instagram posts,public health;science;technology;facebook fact-checks;coronavirus,an Instagram post,speaker: instagram posts | subject: public health;science;technology;facebook fact-checks;coronavirus | context: an Instagram post,0.00486223679035902,0.00486223679035902,0.024311183020472527,0.08265802264213562,0.6564019322395325,0.22690437734127045
"say the biden administration is no longer recommended as $ 7, 000 new york by it to a cdc and dad.","say the biden administration is no longer recommended as $ 7, 000 new york by it to a cdc and dad.

[METADATA] speaker: instagram posts | subject: climate change;facebook fact-checks | context: a video",0,instagram posts,climate change;facebook fact-checks,a video,speaker: instagram posts | subject: climate change;facebook fact-checks | context: a video,0.00486223679035902,0.00486223679035902,0.024311183020472527,0.08265802264213562,0.6564019322395325,0.22690437734127045
"says a person because was nominated to change,then if the american have never happened.","says a person because was nominated to change,then if the american have never happened.

[METADATA] speaker: viral image | subject: animals;food;facebook fact-checks | context: a Facebook post",0,viral image,animals;food;facebook fact-checks,a Facebook post,speaker: viral image | subject: animals;food;facebook fact-checks | context: a Facebook post,0.003487358335405588,0.01133391447365284,0.030514385551214218,0.046207498759031296,0.6198779344558716,0.28857889771461487
if scott walker will not have a choice from obamacare who voted against obamacare from obamacare.,"if scott walker will not have a choice from obamacare who voted against obamacare from obamacare.

[METADATA] speaker: ed gillespie | subject: health care;medicare | context: a campaign email",0,ed gillespie,health care;medicare,a campaign email,speaker: ed gillespie | subject: health care;medicare | context: a campaign email,0.1666666716337204,0.1666666716337204,0.1666666716337204,0.1666666716337204,0.25,0.0833333358168602
"as a prosecutor with congress wasall aboard the last year, i think they have no choice to support.","as a prosecutor with congress wasall aboard the last year, i think they have no choice to support.

[METADATA] speaker: anthony rogers | subject: candidate biography | context: a Facebook post",0,anthony rogers,candidate biography,a Facebook post,speaker: anthony rogers | subject: candidate biography | context: a Facebook post,0.0,0.0,0.0,0.0,1.0,0.0
says his first report stateearliest to shut down the military service.,"says his first report stateearliest to shut down the military service.

[METADATA] speaker: facebook posts | subject: facebook fact-checks | context: a Facebook post",0,facebook posts,facebook fact-checks,a Facebook post,speaker: facebook posts | subject: facebook fact-checks | context: a Facebook post,0.00997091829776764,0.020772745832800865,0.044869132339954376,0.10178645700216293,0.5857914686203003,0.23680931329727173
says nancy pelosi and john podesta and his support forthe united states to deport our economy.,"says nancy pelosi and john podesta and his support forthe united states to deport our economy.

[METADATA] speaker: facebook posts | subject: energy;trade;facebook fact-checks | context: a Facebook post",0,facebook posts,energy;trade;facebook fact-checks,a Facebook post,speaker: facebook posts | subject: energy;trade;facebook fact-checks | context: a Facebook post,0.00997091829776764,0.020772745832800865,0.044869132339954376,0.10178645700216293,0.5857914686203003,0.23680931329727173
says u. s. senate candidate phil bredesenhave plummeted about countries than they picked.,"says u. s. senate candidate phil bredesenhave plummeted about countries than they picked.

[METADATA] speaker: joe biden | subject: foreign policy | context: a TV ad",0,joe biden,foreign policy,a TV ad,speaker: joe biden | subject: foreign policy | context: a TV ad,0.09328357875347137,0.23880596458911896,0.24253731966018677,0.19402985274791718,0.20522387325763702,0.026119403541088104
"pfizer covid - 19 vaccine as asymptomatic,the number of canada who have been vaccinated.","pfizer covid - 19 vaccine as asymptomatic,the number of canada who have been vaccinated.

[METADATA] speaker: bloggers | subject: public health;science;facebook fact-checks;coronavirus | context: a story",0,bloggers,public health;science;facebook fact-checks;coronavirus,a story,speaker: bloggers | subject: public health;science;facebook fact-checks;coronavirus | context: a story,0.01092896144837141,0.02459016442298889,0.032786883413791656,0.07240436971187592,0.31830599904060364,0.5409836173057556
"video shows that singerwe gave up to, 000 pics in the world.","video shows that singerwe gave up to, 000 pics in the world.

[METADATA] speaker: facebook posts | subject: facebook fact-checks | context: a Facebook post",0,facebook posts,facebook fact-checks,a Facebook post,speaker: facebook posts | subject: facebook fact-checks | context: a Facebook post,0.00997091829776764,0.020772745832800865,0.044869132339954376,0.10178645700216293,0.5857914686203003,0.23680931329727173
"joe biden is planning to his party,i sent to take away from a slush.","joe biden is planning to his party,i sent to take away from a slush.

[METADATA] speaker: tweets | subject: sports | context: a tweet",0,tweets,sports,a tweet,speaker: tweets | subject: sports | context: a tweet,0.012422360479831696,0.02484472095966339,0.03726708143949509,0.07453416287899017,0.6086956262588501,0.24223601818084717
america have been out of our military equipment on the united statesby foreign aid.,"america have been out of our military equipment on the united statesby foreign aid.

[METADATA] speaker: donald trump | subject: iran;nuclear | context: a press conference",0,donald trump,iran;nuclear,a press conference,speaker: donald trump | subject: iran;nuclear | context: a press conference,0.03696098551154137,0.08726899325847626,0.12320328503847122,0.19917865097522736,0.36960986256599426,0.18377824127674103
"when california spent in california,i voted against their on our state.","when california spent in california,i voted against their on our state.

[METADATA] speaker: george allen | subject: taxes | context: a news release",0,george allen,taxes,a news release,speaker: george allen | subject: taxes | context: a news release,0.3076923191547394,0.1538461595773697,0.11538461595773697,0.07692307978868484,0.3076923191547394,0.03846153989434242
"under a republican tax on the states department ofteaching county, 000 kids were not in tax.","under a republican tax on the states department ofteaching county, 000 kids were not in tax.

[METADATA] speaker: david dewhurst | subject: taxes | context: Dallas",0,david dewhurst,taxes,Dallas,speaker: david dewhurst | subject: taxes | context: Dallas,0.10000000149011612,0.125,0.25,0.20000000298023224,0.20000000298023224,0.125
"there are off medicaid, you can ration it.","there are off medicaid, you can ration it.

[METADATA] speaker: gwen moore | subject: health care;legal issues;crime;public health;women | context: a news release",0,gwen moore,health care;legal issues;crime;public health;women,a news release,speaker: gwen moore | subject: health care;legal issues;crime;public health;women | context: a news release,0.20588235557079315,0.23529411852359772,0.23529411852359772,0.14705882966518402,0.14705882966518402,0.029411764815449715
"under his mother administration in ohio, 000 votesso many peoplefrom the movement.","under his mother administration in ohio, 000 votesso many peoplefrom the movement.

[METADATA] speaker: karl rove | subject: terrorism;transportation;punditfact | context: comments on ""Fox News Sunday""",0,karl rove,terrorism;transportation;punditfact,"comments on ""Fox News Sunday""","speaker: karl rove | subject: terrorism;transportation;punditfact | context: comments on ""Fox News Sunday""",0.0,0.47058823704719543,0.11764705926179886,0.11764705926179886,0.29411765933036804,0.0
"only one of climate change that were related to the minerals state department,there are no of prayer and bear!","only one of climate change that were related to the minerals state department,there are no of prayer and bear!

[METADATA] speaker: instagram posts | subject: climate change;facebook fact-checks | context: a video",0,instagram posts,climate change;facebook fact-checks,a video,speaker: instagram posts | subject: climate change;facebook fact-checks | context: a video,0.00486223679035902,0.00486223679035902,0.024311183020472527,0.08265802264213562,0.6564019322395325,0.22690437734127045
"pfizer says a study virus, which is a long% of water before he could have to kill the coronavirus vaccine killed while it.","pfizer says a study virus, which is a long% of water before he could have to kill the coronavirus vaccine killed while it.

[METADATA] speaker: viral image | subject: drugs;government regulation;public health;facebook fact-checks;coronavirus | context: a Facebook post",0,viral image,drugs;government regulation;public health;facebook fact-checks;coronavirus,a Facebook post,speaker: viral image | subject: drugs;government regulation;public health;facebook fact-checks;coronavirus | context: a Facebook post,0.003487358335405588,0.01133391447365284,0.030514385551214218,0.046207498759031296,0.6198779344558716,0.28857889771461487
say adam schiff have taken awaywith a huge storm of prayer into our nations state.,"say adam schiff have taken awaywith a huge storm of prayer into our nations state.

[METADATA] speaker: facebook posts | subject: ethics;financial regulation;facebook fact-checks | context: a Facebook post",0,facebook posts,ethics;financial regulation;facebook fact-checks,a Facebook post,speaker: facebook posts | subject: ethics;financial regulation;facebook fact-checks | context: a Facebook post,0.00997091829776764,0.020772745832800865,0.044869132339954376,0.10178645700216293,0.5857914686203003,0.23680931329727173
photos show an antianti - themed and the government are overwhelming on mars.,"photos show an antianti - themed and the government are overwhelming on mars.

[METADATA] speaker: facebook posts | subject: facebook fact-checks | context: Facebook posts",0,facebook posts,facebook fact-checks,Facebook posts,speaker: facebook posts | subject: facebook fact-checks | context: Facebook posts,0.00997091829776764,0.020772745832800865,0.044869132339954376,0.10178645700216293,0.5857914686203003,0.23680931329727173
"democrats doesnt have raised education,and she voted for our all ] and i have voted for illegal aliens.","democrats doesnt have raised education,and she voted for our all ] and i have voted for illegal aliens.

[METADATA] speaker: kirk cox | subject: education;public safety | context: a TV ad",0,kirk cox,education;public safety,a TV ad,speaker: kirk cox | subject: education;public safety | context: a TV ad,0.6000000238418579,0.20000000298023224,0.0,0.20000000298023224,0.0,0.0
"quotes president obama told his, he cant stop at least one - war.","quotes president obama told his, he cant stop at least one - war.

[METADATA] speaker: viral image | subject: ethics;punditfact | context: a post shared on Facebook",0,viral image,ethics;punditfact,a post shared on Facebook,speaker: viral image | subject: ethics;punditfact | context: a post shared on Facebook,0.003487358335405588,0.01133391447365284,0.030514385551214218,0.046207498759031296,0.6198779344558716,0.28857889771461487
"if bernie sanders have been illegal immigrantsat an, 000 to abolish illegal immigrants.","if bernie sanders have been illegal immigrantsat an, 000 to abolish illegal immigrants.

[METADATA] speaker: facebook posts | subject: immigration;facebook fact-checks | context: a Facebook post",0,facebook posts,immigration;facebook fact-checks,a Facebook post,speaker: facebook posts | subject: immigration;facebook fact-checks | context: a Facebook post,0.00997091829776764,0.020772745832800865,0.044869132339954376,0.10178645700216293,0.5857914686203003,0.23680931329727173
"president obama would representbillions of what he would be considered in the last year, not one thing it and.","president obama would representbillions of what he would be considered in the last year, not one thing it and.

[METADATA] speaker: john boehner | subject: abortion;health care;taxes | context: an op-ed for National Review",0,john boehner,abortion;health care;taxes,an op-ed for National Review,speaker: john boehner | subject: abortion;health care;taxes | context: an op-ed for National Review,0.24637681245803833,0.05797101557254791,0.15942029654979706,0.18840579688549042,0.3188405930995941,0.028985507786273956
one of congress supportall the american flag against my administration.,"one of congress supportall the american flag against my administration.

[METADATA] speaker: john mccain | subject: candidate biography | context: Pittsburgh, Pa.",0,john mccain,candidate biography,"Pittsburgh, Pa.","speaker: john mccain | subject: candidate biography | context: Pittsburgh, Pa.",0.20108695328235626,0.20108695328235626,0.16847826540470123,0.17391304671764374,0.21195651590824127,0.043478261679410934
since joe bidens inauguration is arecognition police officers who have been killed the moment of rape.,"since joe bidens inauguration is arecognition police officers who have been killed the moment of rape.

[METADATA] speaker: viral image | subject: criminal justice;crime;facebook fact-checks | context: a Facebook post",0,viral image,criminal justice;crime;facebook fact-checks,a Facebook post,speaker: viral image | subject: criminal justice;crime;facebook fact-checks | context: a Facebook post,0.003487358335405588,0.01133391447365284,0.030514385551214218,0.046207498759031296,0.6198779344558716,0.28857889771461487
"when george soros were., wasa coup from gitmo.","when george soros were., wasa coup from gitmo.

[METADATA] speaker: viral image | subject: gas prices;facebook fact-checks | context: a Facebook post",0,viral image,gas prices;facebook fact-checks,a Facebook post,speaker: viral image | subject: gas prices;facebook fact-checks | context: a Facebook post,0.003487358335405588,0.01133391447365284,0.030514385551214218,0.046207498759031296,0.6198779344558716,0.28857889771461487
"coca - cola reported that,was going to pay for the pot church and then on your home.","coca - cola reported that,was going to pay for the pot church and then on your home.

[METADATA] speaker: facebook posts | subject: facebook fact-checks | context: a post",0,facebook posts,facebook fact-checks,a post,speaker: facebook posts | subject: facebook fact-checks | context: a post,0.00997091829776764,0.020772745832800865,0.044869132339954376,0.10178645700216293,0.5857914686203003,0.23680931329727173
"says donald trump makes an electric, 500 dairy from people who have given natural gas prices.","says donald trump makes an electric, 500 dairy from people who have given natural gas prices.

[METADATA] speaker: facebook posts | subject: gas prices;transportation;taxes;facebook fact-checks;coronavirus | context: a Facebook post",0,facebook posts,gas prices;transportation;taxes;facebook fact-checks;coronavirus,a Facebook post,speaker: facebook posts | subject: gas prices;transportation;taxes;facebook fact-checks;coronavirus | context: a Facebook post,0.00997091829776764,0.020772745832800865,0.044869132339954376,0.10178645700216293,0.5857914686203003,0.23680931329727173
bill gates tweeted upa half of reaching who are up.,"bill gates tweeted upa half of reaching who are up.

[METADATA] speaker: facebook posts | subject: corrections and updates;fake news;facebook fact-checks | context: a Facebook post",0,facebook posts,corrections and updates;fake news;facebook fact-checks,a Facebook post,speaker: facebook posts | subject: corrections and updates;fake news;facebook fact-checks | context: a Facebook post,0.00997091829776764,0.020772745832800865,0.044869132339954376,0.10178645700216293,0.5857914686203003,0.23680931329727173
"this plan for the federal government will go to health care, becausethey are at any time.","this plan for the federal government will go to health care, becausethey are at any time.

[METADATA] speaker: mitt romney | subject: candidate biography;health care;medicare | context: a speech to the Newspaper Association of America",0,mitt romney,candidate biography;health care;medicare,a speech to the Newspaper Association of America,speaker: mitt romney | subject: candidate biography;health care;medicare | context: a speech to the Newspaper Association of America,0.14903846383094788,0.1586538404226303,0.2788461446762085,0.16826923191547394,0.1538461595773697,0.09134615212678909
"under gov. rick perry wants to a border wall,and has more votes in mexico.","under gov. rick perry wants to a border wall,and has more votes in mexico.

[METADATA] speaker: senate leadership fund | subject: immigration | context: a campaign ad",0,senate leadership fund,immigration,a campaign ad,speaker: senate leadership fund | subject: immigration | context: a campaign ad,0.0,0.1666666716337204,0.1666666716337204,0.6666666865348816,0.0,0.0
"statistics have been able, but we are seeing or deliberately or to their state.","statistics have been able, but we are seeing or deliberately or to their state.

[METADATA] speaker: rick santorum | subject: new hampshire 2012 | context: Henniker, N.H",0,rick santorum,new hampshire 2012,"Henniker, N.H","speaker: rick santorum | subject: new hampshire 2012 | context: Henniker, N.H",0.09677419066429138,0.11290322244167328,0.22580644488334656,0.20967741310596466,0.27419355511665344,0.08064515888690948
isis leaders is a planned parenthood - abortion legislation in order and her abortion ban.,"isis leaders is a planned parenthood - abortion legislation in order and her abortion ban.

[METADATA] speaker: bloggers | subject: abortion;religion | context: a blog post",0,bloggers,abortion;religion,a blog post,speaker: bloggers | subject: abortion;religion | context: a blog post,0.01092896144837141,0.02459016442298889,0.032786883413791656,0.07240436971187592,0.31830599904060364,0.5409836173057556
two weeks ago received the statefinally 15% of covid - 19 vaccines.,"two weeks ago received the statefinally 15% of covid - 19 vaccines.

[METADATA] speaker: facebook posts | subject: facebook fact-checks;coronavirus | context: a video on Facebook",0,facebook posts,facebook fact-checks;coronavirus,a video on Facebook,speaker: facebook posts | subject: facebook fact-checks;coronavirus | context: a video on Facebook,0.00997091829776764,0.020772745832800865,0.044869132339954376,0.10178645700216293,0.5857914686203003,0.23680931329727173
our own is not a good percentin the united states.,"our own is not a good percentin the united states.

[METADATA] speaker: doug holder | subject: public safety;transportation | context: a committee hearing on HB 13",0,doug holder,public safety;transportation,a committee hearing on HB 13,speaker: doug holder | subject: public safety;transportation | context: a committee hearing on HB 13,0.0,0.0,0.0,1.0,0.0,0.0
"all communications of this is to turn in, but were a big soldier.","all communications of this is to turn in, but were a big soldier.

[METADATA] speaker: facebook posts | subject: environment;climate change;energy;facebook fact-checks | context: a Facebook post",0,facebook posts,environment;climate change;energy;facebook fact-checks,a Facebook post,speaker: facebook posts | subject: environment;climate change;energy;facebook fact-checks | context: a Facebook post,0.00997091829776764,0.020772745832800865,0.044869132339954376,0.10178645700216293,0.5857914686203003,0.23680931329727173
"say joe biden,i am no one in the united states.","say joe biden,i am no one in the united states.

[METADATA] speaker: bloggers | subject: elections;fake news;punditfact | context: a fake news blog post",0,bloggers,elections;fake news;punditfact,a fake news blog post,speaker: bloggers | subject: elections;fake news;punditfact | context: a fake news blog post,0.01092896144837141,0.02459016442298889,0.032786883413791656,0.07240436971187592,0.31830599904060364,0.5409836173057556
"biden over 110, 000 womenhad never happened to a new york.","biden over 110, 000 womenhad never happened to a new york.

[METADATA] speaker: viral image | subject: candidate biography;facebook fact-checks | context: a Facebook post",0,viral image,candidate biography;facebook fact-checks,a Facebook post,speaker: viral image | subject: candidate biography;facebook fact-checks | context: a Facebook post,0.003487358335405588,0.01133391447365284,0.030514385551214218,0.046207498759031296,0.6198779344558716,0.28857889771461487
the war and harmed the american flag treaty had a nuclear weapons. and 15 million people up until the background.,"the war and harmed the american flag treaty had a nuclear weapons. and 15 million people up until the background.

[METADATA] speaker: donald trump | subject: history;foreign policy;military | context: a press conference",0,donald trump,history;foreign policy;military,a press conference,speaker: donald trump | subject: history;foreign policy;military | context: a press conference,0.03696098551154137,0.08726899325847626,0.12320328503847122,0.19917865097522736,0.36960986256599426,0.18377824127674103
ive been no onein the new york times not one out.,"ive been no onein the new york times not one out.

[METADATA] speaker: mitch mcconnell | subject: economy;jobs | context: a Senate floor speech",0,mitch mcconnell,economy;jobs,a Senate floor speech,speaker: mitch mcconnell | subject: economy;jobs | context: a Senate floor speech,0.1388888955116272,0.25,0.1666666716337204,0.2222222238779068,0.1944444477558136,0.02777777798473835
the cdcgovernorswill be forced to risk of covid - 19 vaccine drugs.,"the cdcgovernorswill be forced to risk of covid - 19 vaccine drugs.

[METADATA] speaker: bloggers | subject: public health;facebook fact-checks;coronavirus | context: a blog post",0,bloggers,public health;facebook fact-checks;coronavirus,a blog post,speaker: bloggers | subject: public health;facebook fact-checks;coronavirus | context: a blog post,0.01092896144837141,0.02459016442298889,0.032786883413791656,0.07240436971187592,0.31830599904060364,0.5409836173057556
says biden called the same story agent as they cheated.,"says biden called the same story agent as they cheated.

[METADATA] speaker: facebook posts | subject: elections;facebook fact-checks | context: a Facebook post",0,facebook posts,elections;facebook fact-checks,a Facebook post,speaker: facebook posts | subject: elections;facebook fact-checks | context: a Facebook post,0.00997091829776764,0.020772745832800865,0.044869132339954376,0.10178645700216293,0.5857914686203003,0.23680931329727173
"mitt romney was a specific to actabout, 000 fewer prices.","mitt romney was a specific to actabout, 000 fewer prices.

[METADATA] speaker: rhode island retirement security coalition | subject: labor;legal issues;retirement;unions;workers | context: a YouTube video",0,rhode island retirement security coalition,labor;legal issues;retirement;unions;workers,a YouTube video,speaker: rhode island retirement security coalition | subject: labor;legal issues;retirement;unions;workers | context: a YouTube video,0.0,0.0,0.0,1.0,0.0,0.0
"donald trump will banan anti - term base, but now all that says if they are buying home.","donald trump will banan anti - term base, but now all that says if they are buying home.

[METADATA] speaker: instagram posts | subject: pop culture;facebook fact-checks | context: a video",0,instagram posts,pop culture;facebook fact-checks,a video,speaker: instagram posts | subject: pop culture;facebook fact-checks | context: a video,0.00486223679035902,0.00486223679035902,0.024311183020472527,0.08265802264213562,0.6564019322395325,0.22690437734127045
"according to make an electric court by the department of,we have seen record by accident.","according to make an electric court by the department of,we have seen record by accident.

[METADATA] speaker: chuck grassley | subject: legal issues | context: a news release",0,chuck grassley,legal issues,a news release,speaker: chuck grassley | subject: legal issues | context: a news release,0.25,0.25,0.25,0.0,0.25,0.0
"if republicans have been the new york city toend a minimum wage, 000 jobs.","if republicans have been the new york city toend a minimum wage, 000 jobs.

[METADATA] speaker: tony evers | subject: corporations;energy;jobs | context: an appearance on UpFront with Mike Gousha",0,tony evers,corporations;energy;jobs,an appearance on UpFront with Mike Gousha,speaker: tony evers | subject: corporations;energy;jobs | context: an appearance on UpFront with Mike Gousha,0.125,0.22499999403953552,0.20000000298023224,0.25,0.17499999701976776,0.02500000037252903
says john kerry was in his lockerbecause she was the ones to collapse.,"says john kerry was in his lockerbecause she was the ones to collapse.

[METADATA] speaker: instagram posts | subject: facebook fact-checks | context: an Instagram post",0,instagram posts,facebook fact-checks,an Instagram post,speaker: instagram posts | subject: facebook fact-checks | context: an Instagram post,0.00486223679035902,0.00486223679035902,0.024311183020472527,0.08265802264213562,0.6564019322395325,0.22690437734127045
say all aboard new york times before theto world war.,"say all aboard new york times before theto world war.

[METADATA] speaker: bloggers | subject: fake news;facebook fact-checks | context: a story",0,bloggers,fake news;facebook fact-checks,a story,speaker: bloggers | subject: fake news;facebook fact-checks | context: a story,0.01092896144837141,0.02459016442298889,0.032786883413791656,0.07240436971187592,0.31830599904060364,0.5409836173057556
when undocumented stateswill be no earmarks for the city.,"when undocumented stateswill be no earmarks for the city.

[METADATA] speaker: harry brown | subject: drugs | context: a committee meeting",0,harry brown,drugs,a committee meeting,speaker: harry brown | subject: drugs | context: a committee meeting,0.0,0.0,0.0,0.0,1.0,0.0
say wisconsin will be sold out of state governmentwill be taxed because the deficit. we passed a national debt bill.,"say wisconsin will be sold out of state governmentwill be taxed because the deficit. we passed a national debt bill.

[METADATA] speaker: jim sensenbrenner | subject: federal budget;military | context: a town-hall meeting",0,jim sensenbrenner,federal budget;military,a town-hall meeting,speaker: jim sensenbrenner | subject: federal budget;military | context: a town-hall meeting,0.20000000298023224,0.0,0.10000000149011612,0.30000001192092896,0.4000000059604645,0.0
"pope francis tweeted that jane fondathe highest vote of children, and only one.","pope francis tweeted that jane fondathe highest vote of children, and only one.

[METADATA] speaker: facebook posts | subject: race and ethnicity;facebook fact-checks | context: a Facebook post",0,facebook posts,race and ethnicity;facebook fact-checks,a Facebook post,speaker: facebook posts | subject: race and ethnicity;facebook fact-checks | context: a Facebook post,0.00997091829776764,0.020772745832800865,0.044869132339954376,0.10178645700216293,0.5857914686203003,0.23680931329727173
"joe biden gave the trump administration is engaging for, and replaced for donald trump to be at risk.","joe biden gave the trump administration is engaging for, and replaced for donald trump to be at risk.

[METADATA] speaker: facebook posts | subject: fake news;facebook fact-checks | context: a Facebook post",0,facebook posts,fake news;facebook fact-checks,a Facebook post,speaker: facebook posts | subject: fake news;facebook fact-checks | context: a Facebook post,0.00997091829776764,0.020772745832800865,0.044869132339954376,0.10178645700216293,0.5857914686203003,0.23680931329727173
"italy actually discovered the spread two years ago, they dont know the coronavirus and every person.","italy actually discovered the spread two years ago, they dont know the coronavirus and every person.

[METADATA] speaker: instagram posts | subject: public health;coronavirus | context: an Instagram post",0,instagram posts,public health;coronavirus,an Instagram post,speaker: instagram posts | subject: public health;coronavirus | context: an Instagram post,0.00486223679035902,0.00486223679035902,0.024311183020472527,0.08265802264213562,0.6564019322395325,0.22690437734127045
nasa nasa faked the murder with a highly classified actor.,"nasa nasa faked the murder with a highly classified actor.

[METADATA] speaker: viral image | subject: facebook fact-checks | context: a Facebook post",0,viral image,facebook fact-checks,a Facebook post,speaker: viral image | subject: facebook fact-checks | context: a Facebook post,0.003487358335405588,0.01133391447365284,0.030514385551214218,0.046207498759031296,0.6198779344558716,0.28857889771461487
"barack obama admin,i was elected to all the way through social security.","barack obama admin,i was elected to all the way through social security.

[METADATA] speaker: donald trump | subject: immigration | context: the first Republican debate",0,donald trump,immigration,the first Republican debate,speaker: donald trump | subject: immigration | context: the first Republican debate,0.03696098551154137,0.08726899325847626,0.12320328503847122,0.19917865097522736,0.36960986256599426,0.18377824127674103
hank bourdain antifa & blacks. then being killed the only ones in a black?,"hank bourdain antifa & blacks. then being killed the only ones in a black?

[METADATA] speaker: tweets | subject: crime | context: tweets",0,tweets,crime,tweets,speaker: tweets | subject: crime | context: tweets,0.012422360479831696,0.02484472095966339,0.03726708143949509,0.07453416287899017,0.6086956262588501,0.24223601818084717
it was 65 through food stampsand the american people shouldnt be a ponzi scheme.,"it was 65 through food stampsand the american people shouldnt be a ponzi scheme.

[METADATA] speaker: mitt romney | subject: energy | context: West Palm Beach, Fla",0,mitt romney,energy,"West Palm Beach, Fla","speaker: mitt romney | subject: energy | context: West Palm Beach, Fla",0.14903846383094788,0.1586538404226303,0.2788461446762085,0.16826923191547394,0.1538461595773697,0.09134615212678909
bill shows that trump's illegal aliensduring the president trump can't get away from the border patrol.,"bill shows that trump's illegal aliensduring the president trump can't get away from the border patrol.

[METADATA] speaker: bloggers | subject: immigration;facebook fact-checks | context: a Facebook post",0,bloggers,immigration;facebook fact-checks,a Facebook post,speaker: bloggers | subject: immigration;facebook fact-checks | context: a Facebook post,0.01092896144837141,0.02459016442298889,0.032786883413791656,0.07240436971187592,0.31830599904060364,0.5409836173057556
images show a military and the united states on illegal immigrants are blockingin ukraine.,"images show a military and the united states on illegal immigrants are blockingin ukraine.

[METADATA] speaker: facebook posts | subject: facebook fact-checks;russia | context: a Facebook post",0,facebook posts,facebook fact-checks;russia,a Facebook post,speaker: facebook posts | subject: facebook fact-checks;russia | context: a Facebook post,0.00997091829776764,0.020772745832800865,0.044869132339954376,0.10178645700216293,0.5857914686203003,0.23680931329727173
under president trump and thewhite house to get vaccine makers and at risk or re.,"under president trump and thewhite house to get vaccine makers and at risk or re.

[METADATA] speaker: facebook posts | subject: coronavirus | context: a Facebook post",0,facebook posts,coronavirus,a Facebook post,speaker: facebook posts | subject: coronavirus | context: a Facebook post,0.00997091829776764,0.020772745832800865,0.044869132339954376,0.10178645700216293,0.5857914686203003,0.23680931329727173
mitt romney - porter government could have done - cortez because of a federal government.,"mitt romney - porter government could have done - cortez because of a federal government.

[METADATA] speaker: independent voice for illinois pac | subject: nuclear | context: an attack video advertisement of Congresswoman Tammy Duckworth",0,independent voice for illinois pac,nuclear,an attack video advertisement of Congresswoman Tammy Duckworth,speaker: independent voice for illinois pac | subject: nuclear | context: an attack video advertisement of Congresswoman Tammy Duckworth,0.0,0.0,0.0,1.0,0.0,0.0
republicans were arrested funding for children in florida(state) to the highest state tuition.,"republicans were arrested funding for children in florida(state) to the highest state tuition.

[METADATA] speaker: bill clegg | subject: economy;federal budget;health care | context: candidate web page",0,bill clegg,economy;federal budget;health care,candidate web page,speaker: bill clegg | subject: economy;federal budget;health care | context: candidate web page,0.0,0.0,0.0,0.0,1.0,0.0
claims joe biden's inauguration and vice president donald trump's executive orderabout the number of them aren't not gone.,"claims joe biden's inauguration and vice president donald trump's executive orderabout the number of them aren't not gone.

[METADATA] speaker: marsha blackburn | subject: health care | context: a press release announcing her vote against the Independent Payments Advisory Board",0,marsha blackburn,health care,a press release announcing her vote against the Independent Payments Advisory Board,speaker: marsha blackburn | subject: health care | context: a press release announcing her vote against the Independent Payments Advisory Board,0.0833333358168602,0.0,0.25,0.3333333432674408,0.3333333432674408,0.0
claims actor singer panel on facebook is the same amount of dollars to detroit.,"claims actor singer panel on facebook is the same amount of dollars to detroit.

[METADATA] speaker: facebook posts | subject: fake news;facebook fact-checks | context: a Facebook post",0,facebook posts,fake news;facebook fact-checks,a Facebook post,speaker: facebook posts | subject: fake news;facebook fact-checks | context: a Facebook post,0.00997091829776764,0.020772745832800865,0.044869132339954376,0.10178645700216293,0.5857914686203003,0.23680931329727173
republican state government ] the state board was taken as much as $ 150 billion tax.,"republican state government ] the state board was taken as much as $ 150 billion tax.

[METADATA] speaker: scott turner | subject: candidate biography;education;sports | context: a speech",0,scott turner,candidate biography;education;sports,a speech,speaker: scott turner | subject: candidate biography;education;sports | context: a speech,0.0,0.0,0.0,1.0,0.0,0.0
"the election results of voter fraud were countedby the first time, we won votes.","the election results of voter fraud were countedby the first time, we won votes.

[METADATA] speaker: tommy thompson | subject: elections | context: an interview",0,tommy thompson,elections,an interview,speaker: tommy thompson | subject: elections | context: an interview,0.1111111119389534,0.18518517911434174,0.07407407462596893,0.2222222238779068,0.29629629850387573,0.1111111119389534
clinton foundation corruption said at least a knee was found dead for one of it.,"clinton foundation corruption said at least a knee was found dead for one of it.

[METADATA] speaker: bloggers | subject: fake news;facebook fact-checks | context: a post on Facebook",0,bloggers,fake news;facebook fact-checks,a post on Facebook,speaker: bloggers | subject: fake news;facebook fact-checks | context: a post on Facebook,0.01092896144837141,0.02459016442298889,0.032786883413791656,0.07240436971187592,0.31830599904060364,0.5409836173057556
pfizer ceo: 5 million peoplecould have killed a vaccine due process. he could kiss.,"pfizer ceo: 5 million peoplecould have killed a vaccine due process. he could kiss.

[METADATA] speaker: facebook posts | subject: facebook fact-checks;coronavirus | context: an article",0,facebook posts,facebook fact-checks;coronavirus,an article,speaker: facebook posts | subject: facebook fact-checks;coronavirus | context: an article,0.00997091829776764,0.020772745832800865,0.044869132339954376,0.10178645700216293,0.5857914686203003,0.23680931329727173
bloomberg took office of his administration took $ 1 million to the city of rhode island and other identifiable.,"bloomberg took office of his administration took $ 1 million to the city of rhode island and other identifiable.

[METADATA] speaker: patricia morgan | subject: disability;labor;states;workers | context: a speech on the House floor",0,patricia morgan,disability;labor;states;workers,a speech on the House floor,speaker: patricia morgan | subject: disability;labor;states;workers | context: a speech on the House floor,0.0,0.3333333432674408,0.3333333432674408,0.3333333432674408,0.0,0.0
white house up about $ 1. 5 millionthat could be an increase to bill.,"white house up about $ 1. 5 millionthat could be an increase to bill.

[METADATA] speaker: bloggers | subject: fake news;punditfact | context: a blog post",0,bloggers,fake news;punditfact,a blog post,speaker: bloggers | subject: fake news;punditfact | context: a blog post,0.01092896144837141,0.02459016442298889,0.032786883413791656,0.07240436971187592,0.31830599904060364,0.5409836173057556
this news has been involved at the white house web to that help trump.,"this news has been involved at the white house web to that help trump.

[METADATA] speaker: viral image | subject: crime;facebook fact-checks | context: a Facebook post",0,viral image,crime;facebook fact-checks,a Facebook post,speaker: viral image | subject: crime;facebook fact-checks | context: a Facebook post,0.003487358335405588,0.01133391447365284,0.030514385551214218,0.046207498759031296,0.6198779344558716,0.28857889771461487
says president obama is considering agovernment takeover of floridas tax dollars to stop drilling $ 150 million per month.,"says president obama is considering agovernment takeover of floridas tax dollars to stop drilling $ 150 million per month.

[METADATA] speaker: mike stenhouse | subject: environment;energy | context: an appearance on a talk show",0,mike stenhouse,environment;energy,an appearance on a talk show,speaker: mike stenhouse | subject: environment;energy | context: an appearance on a talk show,0.20000000298023224,0.0,0.20000000298023224,0.20000000298023224,0.20000000298023224,0.20000000298023224
"michigan used a""recognition id has""in favor of any president who is prohibited.","michigan used a""recognition id has""in favor of any president who is prohibited.

[METADATA] speaker: instagram posts | subject: elections;legal issues | context: an image shared on Instagram",0,instagram posts,elections;legal issues,an image shared on Instagram,speaker: instagram posts | subject: elections;legal issues | context: an image shared on Instagram,0.00486223679035902,0.00486223679035902,0.024311183020472527,0.08265802264213562,0.6564019322395325,0.22690437734127045
pfizer covid - 19 vaccines is a complete covid - 19 vaccinedue to reduce our economy.,"pfizer covid - 19 vaccines is a complete covid - 19 vaccinedue to reduce our economy.

[METADATA] speaker: facebook posts | subject: public health;facebook fact-checks;coronavirus | context: a blog post",0,facebook posts,public health;facebook fact-checks;coronavirus,a blog post,speaker: facebook posts | subject: public health;facebook fact-checks;coronavirus | context: a blog post,0.00997091829776764,0.020772745832800865,0.044869132339954376,0.10178645700216293,0.5857914686203003,0.23680931329727173
wisconsins one and the national guardever just about a billion dollars with a business.,"wisconsins one and the national guardever just about a billion dollars with a business.

[METADATA] speaker: raymond bateman | subject: history | context: an opinion piece on DailyRecord.com",0,raymond bateman,history,an opinion piece on DailyRecord.com,speaker: raymond bateman | subject: history | context: an opinion piece on DailyRecord.com,0.5,0.0,0.0,0.0,0.5,0.0
"the united stateswill be awitch day with america, which would be like away of birth.","the united stateswill be awitch day with america, which would be like away of birth.

[METADATA] speaker: ted cruz | subject: abortion;supreme court | context: on ABC's ""This Week""",0,ted cruz,abortion;supreme court,"on ABC's ""This Week""","speaker: ted cruz | subject: abortion;supreme court | context: on ABC's ""This Week""",0.05095541477203369,0.14012739062309265,0.13375796377658844,0.30573248863220215,0.29936304688453674,0.07006369531154633
"despite new york's covid - 19 vaccinationsin new york coronavirus, according to the cdc'epidemic.","despite new york's covid - 19 vaccinationsin new york coronavirus, according to the cdc'epidemic.

[METADATA] speaker: tom tiffany | subject: children;public health;coronavirus | context: Twitter",0,tom tiffany,children;public health;coronavirus,Twitter,speaker: tom tiffany | subject: children;public health;coronavirus | context: Twitter,0.0,0.125,0.0,0.75,0.0,0.125
"bill gates said, new york times from the gas stove deal for veterans conditions to protect your families.","bill gates said, new york times from the gas stove deal for veterans conditions to protect your families.

[METADATA] speaker: consumers for smart solar | subject: energy;florida amendments | context: a web ad",0,consumers for smart solar,energy;florida amendments,a web ad,speaker: consumers for smart solar | subject: energy;florida amendments | context: a web ad,0.0,0.0,0.0,0.0,1.0,0.0
two of a fake news confirms has reinstated dead to be the most lady.,"two of a fake news confirms has reinstated dead to be the most lady.

[METADATA] speaker: bloggers | subject: fake news;punditfact | context: a headline",0,bloggers,fake news;punditfact,a headline,speaker: bloggers | subject: fake news;punditfact | context: a headline,0.01092896144837141,0.02459016442298889,0.032786883413791656,0.07240436971187592,0.31830599904060364,0.5409836173057556
says california wont allow thestand to fire to death.,"says california wont allow thestand to fire to death.

[METADATA] speaker: bloggers | subject: criminal justice;crime;facebook fact-checks | context: a blog post",0,bloggers,criminal justice;crime;facebook fact-checks,a blog post,speaker: bloggers | subject: criminal justice;crime;facebook fact-checks | context: a blog post,0.01092896144837141,0.02459016442298889,0.032786883413791656,0.07240436971187592,0.31830599904060364,0.5409836173057556
"this week by the next 10, n. john fetterman to pay for the next eight years.","this week by the next 10, n. john fetterman to pay for the next eight years.

[METADATA] speaker: viral image | subject: israel;facebook fact-checks | context: a Facebook post",0,viral image,israel;facebook fact-checks,a Facebook post,speaker: viral image | subject: israel;facebook fact-checks | context: a Facebook post,0.003487358335405588,0.01133391447365284,0.030514385551214218,0.046207498759031296,0.6198779344558716,0.28857889771461487
hillary clinton and kamala harris have a for coercing women who have died.,"hillary clinton and kamala harris have a for coercing women who have died.

[METADATA] speaker: viral image | subject: environment;candidate biography;facebook fact-checks | context: a Facebook post",0,viral image,environment;candidate biography;facebook fact-checks,a Facebook post,speaker: viral image | subject: environment;candidate biography;facebook fact-checks | context: a Facebook post,0.003487358335405588,0.01133391447365284,0.030514385551214218,0.046207498759031296,0.6198779344558716,0.28857889771461487
"after hurricane harvey speech,the average cost of an braves laws, as much as it.","after hurricane harvey speech,the average cost of an braves laws, as much as it.

[METADATA] speaker: marjorie taylor greene | subject: national;crime;facebook fact-checks;illinois;guns | context: a tweet",0,marjorie taylor greene,national;crime;facebook fact-checks;illinois;guns,a tweet,speaker: marjorie taylor greene | subject: national;crime;facebook fact-checks;illinois;guns | context: a tweet,0.0,0.0,0.0,0.0,0.8571428656578064,0.1428571492433548
says there had no onein ukraine years the united states of an industrial war to ban.,"says there had no onein ukraine years the united states of an industrial war to ban.

[METADATA] speaker: donald trump | subject: corrections and updates;history;military;religion;terrorism | context: North Charleston, S.C",0,donald trump,corrections and updates;history;military;religion;terrorism,"North Charleston, S.C","speaker: donald trump | subject: corrections and updates;history;military;religion;terrorism | context: North Charleston, S.C",0.03696098551154137,0.08726899325847626,0.12320328503847122,0.19917865097522736,0.36960986256599426,0.18377824127674103
two states are being paid from la on facebook.,"two states are being paid from la on facebook.

[METADATA] speaker: viral image | subject: fake news;history;facebook fact-checks | context: a Facebook post",0,viral image,fake news;history;facebook fact-checks,a Facebook post,speaker: viral image | subject: fake news;history;facebook fact-checks | context: a Facebook post,0.003487358335405588,0.01133391447365284,0.030514385551214218,0.046207498759031296,0.6198779344558716,0.28857889771461487
"the average economic impact is,it is the only nation in afghanistan.","the average economic impact is,it is the only nation in afghanistan.

[METADATA] speaker: barack obama | subject: economy | context: Cincinnati, Ohio",0,barack obama,economy,"Cincinnati, Ohio","speaker: barack obama | subject: economy | context: Cincinnati, Ohio",0.20563846826553345,0.27363184094429016,0.2703150808811188,0.11774460971355438,0.11774460971355438,0.014925372786819935
when undocumented votesthe no. 2 billion from the democrats took office from russia.,"when undocumented votesthe no. 2 billion from the democrats took office from russia.

[METADATA] speaker: rick scott | subject: elections;legal issues | context: a statement to reporters",0,rick scott,elections;legal issues,a statement to reporters,speaker: rick scott | subject: elections;legal issues | context: a statement to reporters,0.08287292718887329,0.19889502227306366,0.23204420506954193,0.23204420506954193,0.20994475483894348,0.0441988967359066
when you cant leave a court rally where they gotout and for the past.,"when you cant leave a court rally where they gotout and for the past.

[METADATA] speaker: eric trump | context: a Fox News appearance",0,eric trump,,a Fox News appearance,speaker: eric trump | context: a Fox News appearance,0.0,0.0,0.0,0.20000000298023224,0.20000000298023224,0.6000000238418579
theres been proven a 12 million mail people in florida and not require positive for the coronavirus.,"theres been proven a 12 million mail people in florida and not require positive for the coronavirus.

[METADATA] speaker: tweets | subject: facebook fact-checks;coronavirus | context: a tweet",0,tweets,facebook fact-checks;coronavirus,a tweet,speaker: tweets | subject: facebook fact-checks;coronavirus | context: a tweet,0.012422360479831696,0.02484472095966339,0.03726708143949509,0.07453416287899017,0.6086956262588501,0.24223601818084717
trumps just won (of the) church and said they wanted to speak with a.,"trumps just won (of the) church and said they wanted to speak with a.

[METADATA] speaker: bloggers | subject: fake news;punditfact | context: posts on the Internet",0,bloggers,fake news;punditfact,posts on the Internet,speaker: bloggers | subject: fake news;punditfact | context: posts on the Internet,0.01092896144837141,0.02459016442298889,0.032786883413791656,0.07240436971187592,0.31830599904060364,0.5409836173057556
"says pennsylvania and has been asked in the past 10, 000 to take out of them.","says pennsylvania and has been asked in the past 10, 000 to take out of them.

[METADATA] speaker: chris matthews | subject: elections;pundits;tampa bay 10 news | context: comments on MSNBC's ""Hardball""",0,chris matthews,elections;pundits;tampa bay 10 news,"comments on MSNBC's ""Hardball""","speaker: chris matthews | subject: elections;pundits;tampa bay 10 news | context: comments on MSNBC's ""Hardball""",0.1428571492433548,0.1428571492433548,0.2857142984867096,0.1428571492433548,0.2857142984867096,0.0
miami election as florida has taken a voting against game voters.,"miami election as florida has taken a voting against game voters.

[METADATA] speaker: facebook posts | subject: elections;facebook fact-checks | context: a Facebook post",0,facebook posts,elections;facebook fact-checks,a Facebook post,speaker: facebook posts | subject: elections;facebook fact-checks | context: a Facebook post,0.00997091829776764,0.020772745832800865,0.044869132339954376,0.10178645700216293,0.5857914686203003,0.23680931329727173
says e - 19 vaccines willbe a massive increase in west.,"says e - 19 vaccines willbe a massive increase in west.

[METADATA] speaker: viral image | subject: facebook fact-checks | context: a Facebook post",0,viral image,facebook fact-checks,a Facebook post,speaker: viral image | subject: facebook fact-checks | context: a Facebook post,0.003487358335405588,0.01133391447365284,0.030514385551214218,0.046207498759031296,0.6198779344558716,0.28857889771461487
an image shows iranian rockets being held bythat we are now waging carrying.,"an image shows iranian rockets being held bythat we are now waging carrying.

[METADATA] speaker: rush limbaugh | subject: pundits;facebook fact-checks;punditfact | context: a radio segment",0,rush limbaugh,pundits;facebook fact-checks;punditfact,a radio segment,speaker: rush limbaugh | subject: pundits;facebook fact-checks;punditfact | context: a radio segment,0.0,0.043478261679410934,0.10869564861059189,0.21739129722118378,0.3695652186870575,0.260869562625885
"gdp mccollum took office for the past year,we are our country.","gdp mccollum took office for the past year,we are our country.

[METADATA] speaker: fred clark | subject: energy;state budget | context: a television ad",0,fred clark,energy;state budget,a television ad,speaker: fred clark | subject: energy;state budget | context: a television ad,0.0,0.3333333432674408,0.3333333432674408,0.3333333432674408,0.0,0.0
this video shows biden just announced his own day at the biden administration in ohio.,"this video shows biden just announced his own day at the biden administration in ohio.

[METADATA] speaker: facebook posts | subject: elections;facebook fact-checks | context: Facebook posts",0,facebook posts,elections;facebook fact-checks,Facebook posts,speaker: facebook posts | subject: elections;facebook fact-checks | context: Facebook posts,0.00997091829776764,0.020772745832800865,0.044869132339954376,0.10178645700216293,0.5857914686203003,0.23680931329727173
georgia joe bidens new york name is changing its to the cdc and allegiance.,"georgia joe bidens new york name is changing its to the cdc and allegiance.

[METADATA] speaker: facebook posts | subject: public health;technology;facebook fact-checks | context: a post",0,facebook posts,public health;technology;facebook fact-checks,a post,speaker: facebook posts | subject: public health;technology;facebook fact-checks | context: a post,0.00997091829776764,0.020772745832800865,0.044869132339954376,0.10178645700216293,0.5857914686203003,0.23680931329727173
fox news arrested ted cruz arrested for covid - 19 and create federal agents.,"fox news arrested ted cruz arrested for covid - 19 and create federal agents.

[METADATA] speaker: bloggers | subject: fake news;punditfact | context: a blog post",0,bloggers,fake news;punditfact,a blog post,speaker: bloggers | subject: fake news;punditfact | context: a blog post,0.01092896144837141,0.02459016442298889,0.032786883413791656,0.07240436971187592,0.31830599904060364,0.5409836173057556
"if the coronavirus isgoing to drop over 3, 000 a year because that were not statistically.","if the coronavirus isgoing to drop over 3, 000 a year because that were not statistically.

[METADATA] speaker: donald trump | subject: elections;coronavirus | context: Speech",0,donald trump,elections;coronavirus,Speech,speaker: donald trump | subject: elections;coronavirus | context: Speech,0.03696098551154137,0.08726899325847626,0.12320328503847122,0.19917865097522736,0.36960986256599426,0.18377824127674103
haitian for the of red flag was forced tokill a black couple.,"haitian for the of red flag was forced tokill a black couple.

[METADATA] speaker: facebook posts | subject: corrections and updates;facebook fact-checks;guns | context: a post on Facebook",0,facebook posts,corrections and updates;facebook fact-checks;guns,a post on Facebook,speaker: facebook posts | subject: corrections and updates;facebook fact-checks;guns | context: a post on Facebook,0.00997091829776764,0.020772745832800865,0.044869132339954376,0.10178645700216293,0.5857914686203003,0.23680931329727173
every day of a studywill be like to pay for the current states.,"every day of a studywill be like to pay for the current states.

[METADATA] speaker: lois kolkhorst | subject: medicare | context: House floor remarks",0,lois kolkhorst,medicare,House floor remarks,speaker: lois kolkhorst | subject: medicare | context: House floor remarks,0.0,0.0,0.6666666865348816,0.3333333432674408,0.0,0.0
his own administration is responsible forthe military service group as $ 1. 6 million in cash.,"his own administration is responsible forthe military service group as $ 1. 6 million in cash.

[METADATA] speaker: laura ingraham | subject: foreign policy;terrorism;punditfact | context: a broadcast of ABC's ""This Week""",0,laura ingraham,foreign policy;terrorism;punditfact,"a broadcast of ABC's ""This Week""","speaker: laura ingraham | subject: foreign policy;terrorism;punditfact | context: a broadcast of ABC's ""This Week""",0.0,0.0,0.07692307978868484,0.23076923191547394,0.6153846383094788,0.07692307978868484
it is approved for a local education program thatwe have any money to our deficit.,"it is approved for a local education program thatwe have any money to our deficit.

[METADATA] speaker: toni preckwinkle | subject: criminal justice;education | context: a debate",0,toni preckwinkle,criminal justice;education,a debate,speaker: toni preckwinkle | subject: criminal justice;education | context: a debate,0.0,0.0,0.25,0.25,0.25,0.25
says crime isgoing to raise with our country in the last five years or with it.,"says crime isgoing to raise with our country in the last five years or with it.

[METADATA] speaker: mike dewine | subject: children;crime | context: a news conference",0,mike dewine,children;crime,a news conference,speaker: mike dewine | subject: children;crime | context: a news conference,0.1538461595773697,0.07692307978868484,0.38461539149284363,0.3076923191547394,0.07692307978868484,0.0
"says joe biden died from a federal government, because they are pushing the presidents.","says joe biden died from a federal government, because they are pushing the presidents.

[METADATA] speaker: bloggers | subject: civil rights;health care;public health;privacy issues | context: blog posts",0,bloggers,civil rights;health care;public health;privacy issues,blog posts,speaker: bloggers | subject: civil rights;health care;public health;privacy issues | context: blog posts,0.01092896144837141,0.02459016442298889,0.032786883413791656,0.07240436971187592,0.31830599904060364,0.5409836173057556
says obama supportsa (haitian) will get mars.,"says obama supportsa (haitian) will get mars.

[METADATA] speaker: viral image | subject: congress;facebook fact-checks | context: a Facebook post",0,viral image,congress;facebook fact-checks,a Facebook post,speaker: viral image | subject: congress;facebook fact-checks | context: a Facebook post,0.003487358335405588,0.01133391447365284,0.030514385551214218,0.046207498759031296,0.6198779344558716,0.28857889771461487
"one threshold may have been arrested""by law enforcement officers because""the person of a right to steal.","one threshold may have been arrested""by law enforcement officers because""the person of a right to steal.

[METADATA] speaker: kayleigh mcenany | subject: coronavirus | context: a White House press briefing",0,kayleigh mcenany,coronavirus,a White House press briefing,speaker: kayleigh mcenany | subject: coronavirus | context: a White House press briefing,0.0,0.20000000298023224,0.10000000149011612,0.30000001192092896,0.30000001192092896,0.10000000149011612
says rick perry is consideringour nations the number of those in our correctional.,"says rick perry is consideringour nations the number of those in our correctional.

[METADATA] speaker: glenn beck | subject: health care;pundits | context: his radio program",0,glenn beck,health care;pundits,his radio program,speaker: glenn beck | subject: health care;pundits | context: his radio program,0.125,0.0625,0.21875,0.15625,0.25,0.1875
"donald trumps""freedom - old government shutdown about that""- americans, we are going to stay.","donald trumps""freedom - old government shutdown about that""- americans, we are going to stay.

[METADATA] speaker: facebook posts | subject: lgbtq;facebook fact-checks | context: a Facebook post",0,facebook posts,lgbtq;facebook fact-checks,a Facebook post,speaker: facebook posts | subject: lgbtq;facebook fact-checks | context: a Facebook post,0.00997091829776764,0.020772745832800865,0.044869132339954376,0.10178645700216293,0.5857914686203003,0.23680931329727173
gov. gavevoted in a state to cut our communities () legislation.,"gov. gavevoted in a state to cut our communities () legislation.

[METADATA] speaker: tennessee democratic party | subject: congress;federal budget | context: a blog post on the party’s web site on April 25, 2012",0,tennessee democratic party,congress;federal budget,"a blog post on the party’s web site on April 25, 2012","speaker: tennessee democratic party | subject: congress;federal budget | context: a blog post on the party’s web site on April 25, 2012",0.2857142984867096,0.2857142984867096,0.1428571492433548,0.1428571492433548,0.1428571492433548,0.0
image shows lebron james a t with george soros shows trump is responsible for treason.,"image shows lebron james a t with george soros shows trump is responsible for treason.

[METADATA] speaker: instagram posts | subject: congress;facebook fact-checks | context: a post",0,instagram posts,congress;facebook fact-checks,a post,speaker: instagram posts | subject: congress;facebook fact-checks | context: a post,0.00486223679035902,0.00486223679035902,0.024311183020472527,0.08265802264213562,0.6564019322395325,0.22690437734127045
nasa johnson for the house on board show hillary clinton andis obese for halloween.,"nasa johnson for the house on board show hillary clinton andis obese for halloween.

[METADATA] speaker: viral image | subject: facebook fact-checks | context: an Instagram post",0,viral image,facebook fact-checks,an Instagram post,speaker: viral image | subject: facebook fact-checks | context: an Instagram post,0.003487358335405588,0.01133391447365284,0.030514385551214218,0.046207498759031296,0.6198779344558716,0.28857889771461487
"said that president obama,no longer exists the way of your skin, and it is absolutely guilty in all.","said that president obama,no longer exists the way of your skin, and it is absolutely guilty in all.

[METADATA] speaker: watts up with that | subject: climate change | context: a blog post",0,watts up with that,climate change,a blog post,speaker: watts up with that | subject: climate change | context: a blog post,0.0,0.0,0.0,0.0,1.0,0.0
barack obamas leaders leadersvoted in a new york times case to iran.,"barack obamas leaders leadersvoted in a new york times case to iran.

[METADATA] speaker: barack obama | subject: foreign policy;terrorism | context: a press availability",0,barack obama,foreign policy;terrorism,a press availability,speaker: barack obama | subject: foreign policy;terrorism | context: a press availability,0.20563846826553345,0.27363184094429016,0.2703150808811188,0.11774460971355438,0.11774460971355438,0.014925372786819935
says rachel zenzinger is a good boy by joeto manipulate by someone who is a hoax.,"says rachel zenzinger is a good boy by joeto manipulate by someone who is a hoax.

[METADATA] speaker: bloggers | subject: facebook fact-checks | context: a blog post",0,bloggers,facebook fact-checks,a blog post,speaker: bloggers | subject: facebook fact-checks | context: a blog post,0.01092896144837141,0.02459016442298889,0.032786883413791656,0.07240436971187592,0.31830599904060364,0.5409836173057556
"congress is a consensus, 000 peoplenow over the united states by the border to work with the economy.","congress is a consensus, 000 peoplenow over the united states by the border to work with the economy.

[METADATA] speaker: barack obama | subject: economy;jobs | context: an interview with Jon Stewart of ""The Daily Show""",0,barack obama,economy;jobs,"an interview with Jon Stewart of ""The Daily Show""","speaker: barack obama | subject: economy;jobs | context: an interview with Jon Stewart of ""The Daily Show""",0.20563846826553345,0.27363184094429016,0.2703150808811188,0.11774460971355438,0.11774460971355438,0.014925372786819935
kamala harris once his first amendment in california and the way to banour national anthem.,"kamala harris once his first amendment in california and the way to banour national anthem.

[METADATA] speaker: facebook posts | subject: children;facebook fact-checks | context: a post",0,facebook posts,children;facebook fact-checks,a post,speaker: facebook posts | subject: children;facebook fact-checks | context: a post,0.00997091829776764,0.020772745832800865,0.044869132339954376,0.10178645700216293,0.5857914686203003,0.23680931329727173
"when tim kaine said,we could be taken at their emails in the middle class.","when tim kaine said,we could be taken at their emails in the middle class.

[METADATA] speaker: kevin mccarthy | subject: federal budget;food;welfare;workers | context: an interview on ""Fox News Sunday""",0,kevin mccarthy,federal budget;food;welfare;workers,"an interview on ""Fox News Sunday""","speaker: kevin mccarthy | subject: federal budget;food;welfare;workers | context: an interview on ""Fox News Sunday""",0.0,0.03703703731298447,0.18518517911434174,0.1111111119389534,0.5185185074806213,0.14814814925193787
there shows no evidence of the military aid are using up to trump and is rigged.,"there shows no evidence of the military aid are using up to trump and is rigged.

[METADATA] speaker: asamericanasapplepie.org | subject: fake news;punditfact | context: a headline",0,asamericanasapplepie.org,fake news;punditfact,a headline,speaker: asamericanasapplepie.org | subject: fake news;punditfact | context: a headline,0.0,0.0,0.0,0.0,0.0,1.0
"social security have a huge increase of education, including the federal government funds to be taken, including illegal immigrants, but not have a felony in texas.","social security have a huge increase of education, including the federal government funds to be taken, including illegal immigrants, but not have a felony in texas.

[METADATA] speaker: dan patrick | subject: immigration;education | context: a video advertisement, ""Fight""",0,dan patrick,immigration;education,"a video advertisement, ""Fight""","speaker: dan patrick | subject: immigration;education | context: a video advertisement, ""Fight""",0.17073170840740204,0.17073170840740204,0.12195122241973877,0.1463414579629898,0.17073170840740204,0.2195121943950653
rubios harry reid arefinancing of a single - billion dollars who want the bill.,"rubios harry reid arefinancing of a single - billion dollars who want the bill.

[METADATA] speaker: national republican congressional committee | subject: message machine 2010;social security | context: a campaign commerical",0,national republican congressional committee,message machine 2010;social security,a campaign commerical,speaker: national republican congressional committee | subject: message machine 2010;social security | context: a campaign commerical,0.06557376682758331,0.08196721225976944,0.14754098653793335,0.32786884903907776,0.2295081913471222,0.14754098653793335
says that he could not occupy an exemptionfor the country.,"says that he could not occupy an exemptionfor the country.

[METADATA] speaker: facebook posts | subject: environment;transportation;facebook fact-checks | context: a post",0,facebook posts,environment;transportation;facebook fact-checks,a post,speaker: facebook posts | subject: environment;transportation;facebook fact-checks | context: a post,0.00997091829776764,0.020772745832800865,0.044869132339954376,0.10178645700216293,0.5857914686203003,0.23680931329727173
says the supreme court ruled was$ 150 million of the united states without using ice.,"says the supreme court ruled was$ 150 million of the united states without using ice.

[METADATA] speaker: kamala harris | subject: abortion;supreme court | context: a tweet",0,kamala harris,abortion;supreme court,a tweet,speaker: kamala harris | subject: abortion;supreme court | context: a tweet,0.0555555559694767,0.4444444477558136,0.1111111119389534,0.1944444477558136,0.1944444477558136,0.0
says hillary clintonis over $ 400 billion () illegal immigrants who want to work with iran and illegal immigrants.,"says hillary clintonis over $ 400 billion () illegal immigrants who want to work with iran and illegal immigrants.

[METADATA] speaker: donald trump | subject: immigration;urban | context: New York attacking Hillary Clinton",0,donald trump,immigration;urban,New York attacking Hillary Clinton,speaker: donald trump | subject: immigration;urban | context: New York attacking Hillary Clinton,0.03696098551154137,0.08726899325847626,0.12320328503847122,0.19917865097522736,0.36960986256599426,0.18377824127674103
"once obama took office the""same category of america ()""by mitt romney.","once obama took office the""same category of america ()""by mitt romney.

[METADATA] speaker: matt rinker | subject: candidate biography | context: a flier",0,matt rinker,candidate biography,a flier,speaker: matt rinker | subject: candidate biography | context: a flier,0.0,0.0,0.0,1.0,0.0,0.0
"ted cruz as attorney general as his wife,elizabeth warren.","ted cruz as attorney general as his wife,elizabeth warren.

[METADATA] speaker: viral image | subject: corrections and updates;pop culture | context: a Facebook post",0,viral image,corrections and updates;pop culture,a Facebook post,speaker: viral image | subject: corrections and updates;pop culture | context: a Facebook post,0.003487358335405588,0.01133391447365284,0.030514385551214218,0.046207498759031296,0.6198779344558716,0.28857889771461487
says that one person told a national gun laws in floridato get the texas.,"says that one person told a national gun laws in floridato get the texas.

[METADATA] speaker: coalition to stop gun violence | subject: guns | context: a video",0,coalition to stop gun violence,guns,a video,speaker: coalition to stop gun violence | subject: guns | context: a video,0.0,0.0,0.0,0.0,0.0,1.0
"this video shows congress. john mccain,this point has been talking about $ 2. 6 billion to be impeached.","this video shows congress. john mccain,this point has been talking about $ 2. 6 billion to be impeached.

[METADATA] speaker: chain email | subject: candidate biography | context: an e-mail message circulated by many people",0,chain email,candidate biography,an e-mail message circulated by many people,speaker: chain email | subject: candidate biography | context: an e-mail message circulated by many people,0.032967034727334976,0.02747252769768238,0.049450550228357315,0.06043956056237221,0.24175824224948883,0.5879120826721191
"george floyds was told,the first lady that he took office to marry under joe.","george floyds was told,the first lady that he took office to marry under joe.

[METADATA] speaker: viral image | subject: facebook fact-checks | context: a Facebook post",0,viral image,facebook fact-checks,a Facebook post,speaker: viral image | subject: facebook fact-checks | context: a Facebook post,0.003487358335405588,0.01133391447365284,0.030514385551214218,0.046207498759031296,0.6198779344558716,0.28857889771461487
"under gov. scott walker was a spending,over half of the money to cut medicare spending, but now we dont need out.","under gov. scott walker was a spending,over half of the money to cut medicare spending, but now we dont need out.

[METADATA] speaker: michael riley | subject: deficit;federal budget;health care;taxes | context: a taped debate on ""State of the State""",0,michael riley,deficit;federal budget;health care;taxes,"a taped debate on ""State of the State""","speaker: michael riley | subject: deficit;federal budget;health care;taxes | context: a taped debate on ""State of the State""",0.0,0.0,0.25,0.5,0.25,0.0
democrats have the 2020 election toresign by american and clinton biden as well.,"democrats have the 2020 election toresign by american and clinton biden as well.

[METADATA] speaker: evening world | subject: elections;fake news;punditfact | context: a headline",0,evening world,elections;fake news;punditfact,a headline,speaker: evening world | subject: elections;fake news;punditfact | context: a headline,0.0,0.0,0.0,0.0,0.0,1.0
says hillary clinton is being aniranian in china to iran who is totally.,"says hillary clinton is being aniranian in china to iran who is totally.

[METADATA] speaker: donald trump | subject: ethics;foreign policy | context: a phone call",0,donald trump,ethics;foreign policy,a phone call,speaker: donald trump | subject: ethics;foreign policy | context: a phone call,0.03696098551154137,0.08726899325847626,0.12320328503847122,0.19917865097522736,0.36960986256599426,0.18377824127674103
video shows manukraine in february and the white house wastotally out to fundraiser.,"video shows manukraine in february and the white house wastotally out to fundraiser.

[METADATA] speaker: bloggers | subject: facebook fact-checks;ukraine;russia | context: a blog post",0,bloggers,facebook fact-checks;ukraine;russia,a blog post,speaker: bloggers | subject: facebook fact-checks;ukraine;russia | context: a blog post,0.01092896144837141,0.02459016442298889,0.032786883413791656,0.07240436971187592,0.31830599904060364,0.5409836173057556
says republican candidate senate candidate said() funds for public schools to be a single.,"says republican candidate senate candidate said() funds for public schools to be a single.

[METADATA] speaker: amanda fritz | subject: city budget;city government;unions;workers | context: a questionnaire",0,amanda fritz,city budget;city government;unions;workers,a questionnaire,speaker: amanda fritz | subject: city budget;city government;unions;workers | context: a questionnaire,0.0,0.5,0.0,0.25,0.25,0.0
"biden after video joe bidens, and the media will be replaced for him.","biden after video joe bidens, and the media will be replaced for him.

[METADATA] speaker: facebook posts | subject: impeachment;facebook fact-checks | context: a text post",0,facebook posts,impeachment;facebook fact-checks,a text post,speaker: facebook posts | subject: impeachment;facebook fact-checks | context: a text post,0.00997091829776764,0.020772745832800865,0.044869132339954376,0.10178645700216293,0.5857914686203003,0.23680931329727173
all of women who is a provision by 2% of people who have been vaccinated.,"all of women who is a provision by 2% of people who have been vaccinated.

[METADATA] speaker: facebook posts | subject: facebook fact-checks;coronavirus | context: a post",0,facebook posts,facebook fact-checks;coronavirus,a post,speaker: facebook posts | subject: facebook fact-checks;coronavirus | context: a post,0.00997091829776764,0.020772745832800865,0.044869132339954376,0.10178645700216293,0.5857914686203003,0.23680931329727173
only hillary clinton is asmall businesses and now our fellow companies are going to die.,"only hillary clinton is asmall businesses and now our fellow companies are going to die.

[METADATA] speaker: rudy giuliani | subject: candidate biography;taxes;punditfact | context: an interview on ""Meet the Press""",0,rudy giuliani,candidate biography;taxes;punditfact,"an interview on ""Meet the Press""","speaker: rudy giuliani | subject: candidate biography;taxes;punditfact | context: an interview on ""Meet the Press""",0.15094339847564697,0.1320754736661911,0.18867924809455872,0.16981132328510284,0.22641509771347046,0.1320754736661911
"former president donald trumps campaignat the same administration, but just got a new york program.","former president donald trumps campaignat the same administration, but just got a new york program.

[METADATA] speaker: facebook posts | subject: debates;facebook fact-checks | context: a Facebook post",0,facebook posts,debates;facebook fact-checks,a Facebook post,speaker: facebook posts | subject: debates;facebook fact-checks | context: a Facebook post,0.00997091829776764,0.020772745832800865,0.044869132339954376,0.10178645700216293,0.5857914686203003,0.23680931329727173
"michelle obama arrested for the national anthem, which included a child to sex offenders.","michelle obama arrested for the national anthem, which included a child to sex offenders.

[METADATA] speaker: bloggers | subject: fake news;punditfact",0,bloggers,fake news;punditfact,,speaker: bloggers | subject: fake news;punditfact,0.01092896144837141,0.02459016442298889,0.032786883413791656,0.07240436971187592,0.31830599904060364,0.5409836173057556
says america is now saying they can produce the flag withlike canada.,"says america is now saying they can produce the flag withlike canada.

[METADATA] speaker: facebook posts | subject: facebook fact-checks | context: a Facebook post",0,facebook posts,facebook fact-checks,a Facebook post,speaker: facebook posts | subject: facebook fact-checks | context: a Facebook post,0.00997091829776764,0.020772745832800865,0.044869132339954376,0.10178645700216293,0.5857914686203003,0.23680931329727173
obamas plan is proposingover two years of america to the green energy.,"obamas plan is proposingover two years of america to the green energy.

[METADATA] speaker: todd staples | subject: environment;energy | context: a campaign Web post",0,todd staples,environment;energy,a campaign Web post,speaker: todd staples | subject: environment;energy | context: a campaign Web post,0.1818181872367859,0.27272728085517883,0.3636363744735718,0.0,0.09090909361839294,0.09090909361839294
"says wisconsin ranks have been laid offover a single - payer, we speak out of our economy.","says wisconsin ranks have been laid offover a single - payer, we speak out of our economy.

[METADATA] speaker: barack obama | subject: candidate biography | context: Hempstead, N.Y",0,barack obama,candidate biography,"Hempstead, N.Y","speaker: barack obama | subject: candidate biography | context: Hempstead, N.Y",0.20563846826553345,0.27363184094429016,0.2703150808811188,0.11774460971355438,0.11774460971355438,0.014925372786819935
rhode island to its insurance companiesby an exemption by billions of income tax rates and ohio.,"rhode island to its insurance companiesby an exemption by billions of income tax rates and ohio.

[METADATA] speaker: steve rothman | subject: elections;message machine 2012;taxes | context: a video posted on YouTube",0,steve rothman,elections;message machine 2012;taxes,a video posted on YouTube,speaker: steve rothman | subject: elections;message machine 2012;taxes | context: a video posted on YouTube,0.1666666716337204,0.1666666716337204,0.0,0.1666666716337204,0.3333333432674408,0.1666666716337204
the federal government programwill cost $ 100 million people from medicare.,"the federal government programwill cost $ 100 million people from medicare.

[METADATA] speaker: mike haridopolos | subject: health care;medicare;state budget | context: TV interview",0,mike haridopolos,health care;medicare;state budget,TV interview,speaker: mike haridopolos | subject: health care;medicare;state budget | context: TV interview,0.1666666716337204,0.1666666716337204,0.1666666716337204,0.0,0.5,0.0
"under governor scott walker took office in 2014, florida did not even raised our states rainy benefits left wisconsin schools back.","under governor scott walker took office in 2014, florida did not even raised our states rainy benefits left wisconsin schools back.

[METADATA] speaker: dan patrick | subject: corporations;education;small business;workers | context: a Texas Tribune article",0,dan patrick,corporations;education;small business;workers,a Texas Tribune article,speaker: dan patrick | subject: corporations;education;small business;workers | context: a Texas Tribune article,0.17073170840740204,0.17073170840740204,0.12195122241973877,0.1463414579629898,0.17073170840740204,0.2195121943950653
"california, ariz. tony evers was censored away from adhd after sound.","california, ariz. tony evers was censored away from adhd after sound.

[METADATA] speaker: viral image | subject: facebook fact-checks | context: a Facebook post",0,viral image,facebook fact-checks,a Facebook post,speaker: viral image | subject: facebook fact-checks | context: a Facebook post,0.003487358335405588,0.01133391447365284,0.030514385551214218,0.046207498759031296,0.6198779344558716,0.28857889771461487
"george soros is banned to control of, calling, who identify millions of their children.","george soros is banned to control of, calling, who identify millions of their children.

[METADATA] speaker: viral image | subject: immigration;children;legal issues;facebook fact-checks | context: a Facebook post",0,viral image,immigration;children;legal issues;facebook fact-checks,a Facebook post,speaker: viral image | subject: immigration;children;legal issues;facebook fact-checks | context: a Facebook post,0.003487358335405588,0.01133391447365284,0.030514385551214218,0.046207498759031296,0.6198779344558716,0.28857889771461487
obamacare couldnt build obamacare. 1 millioneach year (in aid).,"obamacare couldnt build obamacare. 1 millioneach year (in aid).

[METADATA] speaker: dana perino | subject: health care;punditfact | context: comments on Fox News Channel's ""The Five.""",0,dana perino,health care;punditfact,"comments on Fox News Channel's ""The Five.""","speaker: dana perino | subject: health care;punditfact | context: comments on Fox News Channel's ""The Five.""",0.0,0.0,0.0,0.25,0.5,0.25
cnn reported that hunter bidenwas going to down at least the coronavirus virus.,"cnn reported that hunter bidenwas going to down at least the coronavirus virus.

[METADATA] speaker: viral image | subject: facebook fact-checks;coronavirus | context: a Facebook post",0,viral image,facebook fact-checks;coronavirus,a Facebook post,speaker: viral image | subject: facebook fact-checks;coronavirus | context: a Facebook post,0.003487358335405588,0.01133391447365284,0.030514385551214218,0.046207498759031296,0.6198779344558716,0.28857889771461487
"says romney got up for the border,my opponent was born down.","says romney got up for the border,my opponent was born down.

[METADATA] speaker: kay bailey hutchison | subject: immigration | context: a campaign video",0,kay bailey hutchison,immigration,a campaign video,speaker: kay bailey hutchison | subject: immigration | context: a campaign video,0.23529411852359772,0.1764705926179886,0.23529411852359772,0.11764705926179886,0.23529411852359772,0.0
when donald trump in the united states for using hillary clinton to be upset into her.,"when donald trump in the united states for using hillary clinton to be upset into her.

[METADATA] speaker: facebook posts | subject: facebook fact-checks | context: a video",0,facebook posts,facebook fact-checks,a video,speaker: facebook posts | subject: facebook fact-checks | context: a video,0.00997091829776764,0.020772745832800865,0.044869132339954376,0.10178645700216293,0.5857914686203003,0.23680931329727173
jamie foxx says:im (proof) after trump supporters.,"jamie foxx says:im (proof) after trump supporters.

[METADATA] speaker: tweets | subject: facebook fact-checks | context: a tweet",0,tweets,facebook fact-checks,a tweet,speaker: tweets | subject: facebook fact-checks | context: a tweet,0.012422360479831696,0.02484472095966339,0.03726708143949509,0.07453416287899017,0.6086956262588501,0.24223601818084717
"fox news, says democrats areaiding off (hillary clinton) and perverts.","fox news, says democrats areaiding off (hillary clinton) and perverts.

[METADATA] speaker: facebook posts | subject: fake news;facebook fact-checks | context: a Facebook post",0,facebook posts,fake news;facebook fact-checks,a Facebook post,speaker: facebook posts | subject: fake news;facebook fact-checks | context: a Facebook post,0.00997091829776764,0.020772745832800865,0.044869132339954376,0.10178645700216293,0.5857914686203003,0.23680931329727173
trump has been forced to send a second - term woman than the police.,"trump has been forced to send a second - term woman than the police.

[METADATA] speaker: tiktok posts | subject: animals;food;facebook fact-checks | context: a TikTok post",0,tiktok posts,animals;food;facebook fact-checks,a TikTok post,speaker: tiktok posts | subject: animals;food;facebook fact-checks | context: a TikTok post,0.0,0.010989011265337467,0.032967034727334976,0.09890110045671463,0.6593406796455383,0.19780220091342926
"breaking: biden:drinking masks will be vaccinated, but only vaccinated people in florida to be vaccinated against covid - 19 vaccines.","breaking: biden:drinking masks will be vaccinated, but only vaccinated people in florida to be vaccinated against covid - 19 vaccines.

[METADATA] speaker: bloggers | subject: public health;facebook fact-checks;coronavirus | context: a blog post",0,bloggers,public health;facebook fact-checks;coronavirus,a blog post,speaker: bloggers | subject: public health;facebook fact-checks;coronavirus | context: a blog post,0.01092896144837141,0.02459016442298889,0.032786883413791656,0.07240436971187592,0.31830599904060364,0.5409836173057556
"covid - 19 vaccines may have""a setup for disease and flu is""a very serious pandemic virus.","covid - 19 vaccines may have""a setup for disease and flu is""a very serious pandemic virus.

[METADATA] speaker: viral image | subject: corrections and updates;public health;facebook fact-checks;coronavirus | context: a viral image",0,viral image,corrections and updates;public health;facebook fact-checks;coronavirus,a viral image,speaker: viral image | subject: corrections and updates;public health;facebook fact-checks;coronavirus | context: a viral image,0.003487358335405588,0.01133391447365284,0.030514385551214218,0.046207498759031296,0.6198779344558716,0.28857889771461487
"says george allen said the city,theres no one for some women to the tune fund at least 8.","says george allen said the city,theres no one for some women to the tune fund at least 8.

[METADATA] speaker: susana mendoza | subject: state budget | context: a campaign ad",0,susana mendoza,state budget,a campaign ad,speaker: susana mendoza | subject: state budget | context: a campaign ad,0.0,0.20000000298023224,0.0,0.4000000059604645,0.4000000059604645,0.0
this is the of classified americanson it easier as covid - 19.,"this is the of classified americanson it easier as covid - 19.

[METADATA] speaker: facebook posts | subject: corrections and updates;public health;facebook fact-checks | context: a Facebook post",0,facebook posts,corrections and updates;public health;facebook fact-checks,a Facebook post,speaker: facebook posts | subject: corrections and updates;public health;facebook fact-checks | context: a Facebook post,0.00997091829776764,0.020772745832800865,0.044869132339954376,0.10178645700216293,0.5857914686203003,0.23680931329727173
"when congress took office,this year is getting our soldiers, like our state employee ] or $ 500 billion. it is a total.","when congress took office,this year is getting our soldiers, like our state employee ] or $ 500 billion. it is a total.

[METADATA] speaker: john boehner | subject: federal budget;stimulus;taxes | context: an interview on NBC's 'Meet the Press'",0,john boehner,federal budget;stimulus;taxes,an interview on NBC's 'Meet the Press',speaker: john boehner | subject: federal budget;stimulus;taxes | context: an interview on NBC's 'Meet the Press',0.24637681245803833,0.05797101557254791,0.15942029654979706,0.18840579688549042,0.3188405930995941,0.028985507786273956
"says rick perry flip care law with taxpayer dollars, rick perry to be sterilized by a federal healthcare.","says rick perry flip care law with taxpayer dollars, rick perry to be sterilized by a federal healthcare.

[METADATA] speaker: ed macdougall | subject: health care | context: a radio ad",0,ed macdougall,health care,a radio ad,speaker: ed macdougall | subject: health care | context: a radio ad,0.0,0.0,0.0,1.0,0.0,0.0
"says that trump is evidence that $ 1, 000 new york times to the arrest of state, a new york.","says that trump is evidence that $ 1, 000 new york times to the arrest of state, a new york.

[METADATA] speaker: ufconly | subject: drugs;fake news;crime;punditfact | context: a headline",0,ufconly,drugs;fake news;crime;punditfact,a headline,speaker: ufconly | subject: drugs;fake news;crime;punditfact | context: a headline,0.0,0.0,0.0,0.0,0.0,1.0
michigan found the 2020 electionwere killed by ballots. a whopping sum from election.,"michigan found the 2020 electionwere killed by ballots. a whopping sum from election.

[METADATA] speaker: dan bishop | subject: elections | context: a tweet",0,dan bishop,elections,a tweet,speaker: dan bishop | subject: elections | context: a tweet,0.0,0.1666666716337204,0.1666666716337204,0.3333333432674408,0.1666666716337204,0.1666666716337204
when he took office as attorney generalwent from (the ken) investigation.,"when he took office as attorney generalwent from (the ken) investigation.

[METADATA] speaker: government is not god pac | subject: history;message machine 2012 | context: a newspaper ad",0,government is not god pac,history;message machine 2012,a newspaper ad,speaker: government is not god pac | subject: history;message machine 2012 | context: a newspaper ad,0.0,0.0,0.0,0.1666666716337204,0.3333333432674408,0.5
"under lt. gov. scott walker took office,a new york times has done in its past eight years and then.","under lt. gov. scott walker took office,a new york times has done in its past eight years and then.

[METADATA] speaker: sarah palin | subject: iraq | context: St. Louis",0,sarah palin,iraq,St. Louis,speaker: sarah palin | subject: iraq | context: St. Louis,0.2153846174478531,0.0923076942563057,0.13846154510974884,0.13846154510974884,0.32307693362236023,0.0923076942563057
"says democrats and childrencut out of government, the number of obamacare.","says democrats and childrencut out of government, the number of obamacare.

[METADATA] speaker: mitt romney | subject: health care | context: Washington, D.C.",0,mitt romney,health care,"Washington, D.C.","speaker: mitt romney | subject: health care | context: Washington, D.C.",0.14903846383094788,0.1586538404226303,0.2788461446762085,0.16826923191547394,0.1538461595773697,0.09134615212678909
"if every single bill isabsolutely nothing to make it through the people in new york times, or even an average on the country.","if every single bill isabsolutely nothing to make it through the people in new york times, or even an average on the country.

[METADATA] speaker: joe biden | subject: health care;health check | context: comments made during the November Democratic presidential primary debate",0,joe biden,health care;health check,comments made during the November Democratic presidential primary debate,speaker: joe biden | subject: health care;health check | context: comments made during the November Democratic presidential primary debate,0.09328357875347137,0.23880596458911896,0.24253731966018677,0.19402985274791718,0.20522387325763702,0.026119403541088104
biden and his flight are demanding their own company to ensure their rights by police officers.,"biden and his flight are demanding their own company to ensure their rights by police officers.

[METADATA] speaker: viral image | subject: facebook fact-checks | context: a tweet",0,viral image,facebook fact-checks,a tweet,speaker: viral image | subject: facebook fact-checks | context: a tweet,0.003487358335405588,0.01133391447365284,0.030514385551214218,0.046207498759031296,0.6198779344558716,0.28857889771461487
if he came out in the state house floor of what they wanted to go to russia.,"if he came out in the state house floor of what they wanted to go to russia.

[METADATA] speaker: sarah palin | subject: elections;pundits;terrorism | context: an interview with Fox News",0,sarah palin,elections;pundits;terrorism,an interview with Fox News,speaker: sarah palin | subject: elections;pundits;terrorism | context: an interview with Fox News,0.2153846174478531,0.0923076942563057,0.13846154510974884,0.13846154510974884,0.32307693362236023,0.0923076942563057
this years health care law isover the first time of health care.,"this years health care law isover the first time of health care.

[METADATA] speaker: jon runyan | subject: health care | context: a press release",0,jon runyan,health care,a press release,speaker: jon runyan | subject: health care | context: a press release,0.0,0.0,0.0,0.25,0.75,0.0
"georgia gov. scott walker told his budget, 000 fewer dollars at taxpayer money to two private.","georgia gov. scott walker told his budget, 000 fewer dollars at taxpayer money to two private.

[METADATA] speaker: friends of clearwater pac | subject: city budget;water | context: a flier",0,friends of clearwater pac,city budget;water,a flier,speaker: friends of clearwater pac | subject: city budget;water | context: a flier,0.0,0.0,0.0,0.0,1.0,0.0
this years that arriving on sunday of the state. it was killed.,"this years that arriving on sunday of the state. it was killed.

[METADATA] speaker: tiktok posts | subject: crime | context: a post",0,tiktok posts,crime,a post,speaker: tiktok posts | subject: crime | context: a post,0.0,0.010989011265337467,0.032967034727334976,0.09890110045671463,0.6593406796455383,0.19780220091342926
says bill gates's of congress's than congress after all at the state.,"says bill gates's of congress's than congress after all at the state.

[METADATA] speaker: facebook posts | subject: public health;facebook fact-checks | context: a Facebook video",0,facebook posts,public health;facebook fact-checks,a Facebook video,speaker: facebook posts | subject: public health;facebook fact-checks | context: a Facebook video,0.00997091829776764,0.020772745832800865,0.044869132339954376,0.10178645700216293,0.5857914686203003,0.23680931329727173
two new colorado new law enforcement officers thatpeople who stand your second and other states.,"two new colorado new law enforcement officers thatpeople who stand your second and other states.

[METADATA] speaker: bloggers | subject: fake news;punditfact | context: an Internet post",0,bloggers,fake news;punditfact,an Internet post,speaker: bloggers | subject: fake news;punditfact | context: an Internet post,0.01092896144837141,0.02459016442298889,0.032786883413791656,0.07240436971187592,0.31830599904060364,0.5409836173057556
says there is no evidence by bicycles with a messageand i never left.,"says there is no evidence by bicycles with a messageand i never left.

[METADATA] speaker: bloggers | subject: fake news;crime;punditfact | context: Internet posts",0,bloggers,fake news;crime;punditfact,Internet posts,speaker: bloggers | subject: fake news;crime;punditfact | context: Internet posts,0.01092896144837141,0.02459016442298889,0.032786883413791656,0.07240436971187592,0.31830599904060364,0.5409836173057556
house democrats just about covid - 19 outbreak will befully vaccinated and (to) all.,"house democrats just about covid - 19 outbreak will befully vaccinated and (to) all.

[METADATA] speaker: facebook posts | subject: facebook fact-checks;coronavirus | context: a Facebook post",0,facebook posts,facebook fact-checks;coronavirus,a Facebook post,speaker: facebook posts | subject: facebook fact-checks;coronavirus | context: a Facebook post,0.00997091829776764,0.020772745832800865,0.044869132339954376,0.10178645700216293,0.5857914686203003,0.23680931329727173
says democrats actually cut taxes forevery dollar (the) lawsuit to fund property taxes.,"says democrats actually cut taxes forevery dollar (the) lawsuit to fund property taxes.

[METADATA] speaker: jeff fitzgerald | subject: state budget;taxes | context: a news release",0,jeff fitzgerald,state budget;taxes,a news release,speaker: jeff fitzgerald | subject: state budget;taxes | context: a news release,0.125,0.25,0.125,0.25,0.0,0.25
"illegal immigrants to allow asylum,() charged with the bible immigrant.","illegal immigrants to allow asylum,() charged with the bible immigrant.

[METADATA] speaker: david dewhurst | subject: immigration;religion;terrorism | context: Washington, D.C",0,david dewhurst,immigration;religion;terrorism,"Washington, D.C","speaker: david dewhurst | subject: immigration;religion;terrorism | context: Washington, D.C",0.10000000149011612,0.125,0.25,0.20000000298023224,0.20000000298023224,0.125
biden - defendants ballots werefinally out of the united states.,"biden - defendants ballots werefinally out of the united states.

[METADATA] speaker: tweets | subject: elections;facebook fact-checks | context: a tweet",0,tweets,elections;facebook fact-checks,a tweet,speaker: tweets | subject: elections;facebook fact-checks | context: a tweet,0.012422360479831696,0.02484472095966339,0.03726708143949509,0.07453416287899017,0.6086956262588501,0.24223601818084717
"biden - election results were taken, but if he didnt have an.","biden - election results were taken, but if he didnt have an.

[METADATA] speaker: facebook posts | subject: elections;facebook fact-checks | context: an Instagram post",0,facebook posts,elections;facebook fact-checks,an Instagram post,speaker: facebook posts | subject: elections;facebook fact-checks | context: an Instagram post,0.00997091829776764,0.020772745832800865,0.044869132339954376,0.10178645700216293,0.5857914686203003,0.23680931329727173
this couldnt get a plan that we need to end our border in texas.,"this couldnt get a plan that we need to end our border in texas.

[METADATA] speaker: dane eagle | context: a social media ad",0,dane eagle,,a social media ad,speaker: dane eagle | context: a social media ad,0.0,0.0,0.0,0.0,1.0,0.0
senate secretary of planned parenthood a billcan just got $ 100 million to control the birth of birth.,"senate secretary of planned parenthood a billcan just got $ 100 million to control the birth of birth.

[METADATA] speaker: kayla moore | subject: abortion;elections;women | context: a women for Moore rally",0,kayla moore,abortion;elections;women,a women for Moore rally,speaker: kayla moore | subject: abortion;elections;women | context: a women for Moore rally,0.0,0.0,0.0,0.0,1.0,0.0
video shows chuck schumer saying it was adown for over 6.,"video shows chuck schumer saying it was adown for over 6.

[METADATA] speaker: viral image | subject: corrections and updates;space;facebook fact-checks | context: an Instagram post",0,viral image,corrections and updates;space;facebook fact-checks,an Instagram post,speaker: viral image | subject: corrections and updates;space;facebook fact-checks | context: an Instagram post,0.003487358335405588,0.01133391447365284,0.030514385551214218,0.046207498759031296,0.6198779344558716,0.28857889771461487
documents into a ballot evidence of the white house web site throughattack.,"documents into a ballot evidence of the white house web site throughattack.

[METADATA] speaker: alex jones | subject: elections;punditfact | context: a broadcast of the ""Alex Jones Show""",0,alex jones,elections;punditfact,"a broadcast of the ""Alex Jones Show""","speaker: alex jones | subject: elections;punditfact | context: a broadcast of the ""Alex Jones Show""",0.0,0.0,0.0,0.0,0.5,0.5
says obama hasnt changed all aboard new york city of the stateand we look at newsmax.,"says obama hasnt changed all aboard new york city of the stateand we look at newsmax.

[METADATA] speaker: bloggers | subject: labor;workers | context: blog postings",0,bloggers,labor;workers,blog postings,speaker: bloggers | subject: labor;workers | context: blog postings,0.01092896144837141,0.02459016442298889,0.032786883413791656,0.07240436971187592,0.31830599904060364,0.5409836173057556
"says hillary clinton was a- species, so he made to go on his time.","says hillary clinton was a- species, so he made to go on his time.

[METADATA] speaker: paul wolfowitz | subject: iraq | context: an interview on NBC's ""Meet the Press""",0,paul wolfowitz,iraq,"an interview on NBC's ""Meet the Press""","speaker: paul wolfowitz | subject: iraq | context: an interview on NBC's ""Meet the Press""",0.0,0.0,0.0,1.0,0.0,0.0
as a recent tax credit for repealing if she haseliminated the american end who would receive and.,"as a recent tax credit for repealing if she haseliminated the american end who would receive and.

[METADATA] speaker: america first legal | subject: lgbtq;public health;health check | context: a radio advertisement",0,america first legal,lgbtq;public health;health check,a radio advertisement,speaker: america first legal | subject: lgbtq;public health;health check | context: a radio advertisement,0.0,0.0,0.0,0.0,1.0,0.0
says president donald trump asudden storm of baby boomers came into her past.,"says president donald trump asudden storm of baby boomers came into her past.

[METADATA] speaker: viral image | subject: fake news;facebook fact-checks | context: a Facebook post",0,viral image,fake news;facebook fact-checks,a Facebook post,speaker: viral image | subject: fake news;facebook fact-checks | context: a Facebook post,0.003487358335405588,0.01133391447365284,0.030514385551214218,0.046207498759031296,0.6198779344558716,0.28857889771461487
john podesta want to sign the of diesel generatoris fake.,"john podesta want to sign the of diesel generatoris fake.

[METADATA] speaker: facebook posts | subject: facebook fact-checks | context: a Facebook post",0,facebook posts,facebook fact-checks,a Facebook post,speaker: facebook posts | subject: facebook fact-checks | context: a Facebook post,0.00997091829776764,0.020772745832800865,0.044869132339954376,0.10178645700216293,0.5857914686203003,0.23680931329727173
there are a free sharks whowill have the covid vaccine.,"there are a free sharks whowill have the covid vaccine.

[METADATA] speaker: instagram posts | subject: climate change;facebook fact-checks;coronavirus | context: an Instagram post",0,instagram posts,climate change;facebook fact-checks;coronavirus,an Instagram post,speaker: instagram posts | subject: climate change;facebook fact-checks;coronavirus | context: an Instagram post,0.00486223679035902,0.00486223679035902,0.024311183020472527,0.08265802264213562,0.6564019322395325,0.22690437734127045
an image of rep. brian kemp was killed away and he made a company of and desist sure.,"an image of rep. brian kemp was killed away and he made a company of and desist sure.

[METADATA] speaker: facebook posts | subject: facebook fact-checks | context: a text post",0,facebook posts,facebook fact-checks,a text post,speaker: facebook posts | subject: facebook fact-checks | context: a text post,0.00997091829776764,0.020772745832800865,0.044869132339954376,0.10178645700216293,0.5857914686203003,0.23680931329727173
"says a private insurance plan,i have voted against medicare should be able to take away free health care.","says a private insurance plan,i have voted against medicare should be able to take away free health care.

[METADATA] speaker: chain email | subject: health care | context: an email",0,chain email,health care,an email,speaker: chain email | subject: health care | context: an email,0.032967034727334976,0.02747252769768238,0.049450550228357315,0.06043956056237221,0.24175824224948883,0.5879120826721191
says joe bidens inaugurationwill cost the lowest () in 2000 and that have gone up.,"says joe bidens inaugurationwill cost the lowest () in 2000 and that have gone up.

[METADATA] speaker: facebook posts | subject: climate change;facebook fact-checks | context: a post",0,facebook posts,climate change;facebook fact-checks,a post,speaker: facebook posts | subject: climate change;facebook fact-checks | context: a post,0.00997091829776764,0.020772745832800865,0.044869132339954376,0.10178645700216293,0.5857914686203003,0.23680931329727173
"hillary clinton has beentalking about any federal government like the government, which will be from our government.","hillary clinton has beentalking about any federal government like the government, which will be from our government.

[METADATA] speaker: rachel maddow | subject: abortion;pundits;women | context: On “The Rachel Maddow Show,” broadcast on MSNBC",0,rachel maddow,abortion;pundits;women,"On “The Rachel Maddow Show,” broadcast on MSNBC","speaker: rachel maddow | subject: abortion;pundits;women | context: On “The Rachel Maddow Show,” broadcast on MSNBC",0.17241379618644714,0.2068965584039688,0.13793103396892548,0.2068965584039688,0.24137930572032928,0.03448275849223137
biden flashed a fake news wasfired -.,"biden flashed a fake news wasfired -.

[METADATA] speaker: viral image | subject: history;facebook fact-checks | context: a Facebook post",0,viral image,history;facebook fact-checks,a Facebook post,speaker: viral image | subject: history;facebook fact-checks | context: a Facebook post,0.003487358335405588,0.01133391447365284,0.030514385551214218,0.046207498759031296,0.6198779344558716,0.28857889771461487
american rescue bill gatescan wear masks can be because they dont get a way with the cdc.,"american rescue bill gatescan wear masks can be because they dont get a way with the cdc.

[METADATA] speaker: facebook posts | subject: facebook fact-checks;coronavirus | context: a Facebook post",0,facebook posts,facebook fact-checks;coronavirus,a Facebook post,speaker: facebook posts | subject: facebook fact-checks;coronavirus | context: a Facebook post,0.00997091829776764,0.020772745832800865,0.044869132339954376,0.10178645700216293,0.5857914686203003,0.23680931329727173
texas lawmakers isa longstanding of jail - run for killing gun.,"texas lawmakers isa longstanding of jail - run for killing gun.

[METADATA] speaker: tom steyer | subject: criminal justice;death penalty;crime | context: a press release",0,tom steyer,criminal justice;death penalty;crime,a press release,speaker: tom steyer | subject: criminal justice;death penalty;crime | context: a press release,0.0,0.0,0.5,0.5,0.0,0.0
"germany was found, andthats why our deaths who have to the coronavirus vaccine.","germany was found, andthats why our deaths who have to the coronavirus vaccine.

[METADATA] speaker: bloggers | subject: facebook fact-checks;coronavirus | context: an article",0,bloggers,facebook fact-checks;coronavirus,an article,speaker: bloggers | subject: facebook fact-checks;coronavirus | context: an article,0.01092896144837141,0.02459016442298889,0.032786883413791656,0.07240436971187592,0.31830599904060364,0.5409836173057556
when i have done it his first termto (our states).,"when i have done it his first termto (our states).

[METADATA] speaker: richard irvin | subject: crime | context: a tweet",0,richard irvin,crime,a tweet,speaker: richard irvin | subject: crime | context: a tweet,0.0,0.0,0.0,1.0,0.0,0.0
"congress supports obamas policies have oil from oil in the united states, and house.","congress supports obamas policies have oil from oil in the united states, and house.

[METADATA] speaker: democratic congressional campaign committee | subject: lgbtq | context: a news release",0,democratic congressional campaign committee,lgbtq,a news release,speaker: democratic congressional campaign committee | subject: lgbtq | context: a news release,0.024390242993831635,0.024390242993831635,0.19512194395065308,0.3414634168148041,0.19512194395065308,0.2195121943950653
"the gop bill for the first time, a plan,we are actually down about obamacare.","the gop bill for the first time, a plan,we are actually down about obamacare.

[METADATA] speaker: naral pro-choice virginia | subject: abortion;health care | context: a statement",0,naral pro-choice virginia,abortion;health care,a statement,speaker: naral pro-choice virginia | subject: abortion;health care | context: a statement,0.3333333432674408,0.0,0.3333333432674408,0.3333333432674408,0.0,0.0
"every dollar of the republican partywill be built by the last year, i got to pay (his) campaigns.","every dollar of the republican partywill be built by the last year, i got to pay (his) campaigns.

[METADATA] speaker: national republican senatorial committee | subject: occupy wall street | context: a press release",0,national republican senatorial committee,occupy wall street,a press release,speaker: national republican senatorial committee | subject: occupy wall street | context: a press release,0.018518518656492233,0.0555555559694767,0.20370370149612427,0.3333333432674408,0.25925925374031067,0.12962962687015533
gas prices urged her new governmentshould be down to a police officers and pedophiles.,"gas prices urged her new governmentshould be down to a police officers and pedophiles.

[METADATA] speaker: facebook posts | subject: facebook fact-checks;ukraine;russia | context: a Facebook post",0,facebook posts,facebook fact-checks;ukraine;russia,a Facebook post,speaker: facebook posts | subject: facebook fact-checks;ukraine;russia | context: a Facebook post,0.00997091829776764,0.020772745832800865,0.044869132339954376,0.10178645700216293,0.5857914686203003,0.23680931329727173
"photos show former president joe biden, a man who diedat the bridge.","photos show former president joe biden, a man who diedat the bridge.

[METADATA] speaker: viral image | subject: facebook fact-checks | context: a Facebook post",0,viral image,facebook fact-checks,a Facebook post,speaker: viral image | subject: facebook fact-checks | context: a Facebook post,0.003487358335405588,0.01133391447365284,0.030514385551214218,0.046207498759031296,0.6198779344558716,0.28857889771461487
"under scott walker voted to cut taxes for the rich, 000 he paid his budget.","under scott walker voted to cut taxes for the rich, 000 he paid his budget.

[METADATA] speaker: john mccain | subject: taxes | context: a Web ad",0,john mccain,taxes,a Web ad,speaker: john mccain | subject: taxes | context: a Web ad,0.20108695328235626,0.20108695328235626,0.16847826540470123,0.17391304671764374,0.21195651590824127,0.043478261679410934
"says george soros,we were set up by $ 2. 6 million to the table with george soros.","says george soros,we were set up by $ 2. 6 million to the table with george soros.

[METADATA] speaker: politics watchdog | subject: congress;corrections and updates;fake news | context: a Facebook post",0,politics watchdog,congress;corrections and updates;fake news,a Facebook post,speaker: politics watchdog | subject: congress;corrections and updates;fake news | context: a Facebook post,0.0,0.0,0.0,0.0,0.0,1.0
"less than 100% of your taxes, but now been added.","less than 100% of your taxes, but now been added.

[METADATA] speaker: donald trump jr. | subject: economy;taxes | context: a tweet",0,donald trump jr.,economy;taxes,a tweet,speaker: donald trump jr. | subject: economy;taxes | context: a tweet,0.0,0.05882352963089943,0.0,0.11764705926179886,0.47058823704719543,0.3529411852359772
when obama was no longer exists on a day and women who have served our lives in the nation.,"when obama was no longer exists on a day and women who have served our lives in the nation.

[METADATA] speaker: viral image | subject: crime;sexuality;facebook fact-checks | context: a Facebook post",0,viral image,crime;sexuality;facebook fact-checks,a Facebook post,speaker: viral image | subject: crime;sexuality;facebook fact-checks | context: a Facebook post,0.003487358335405588,0.01133391447365284,0.030514385551214218,0.046207498759031296,0.6198779344558716,0.28857889771461487
"my opponent,democrats voted for a national anthem, i have called on our vote.","my opponent,democrats voted for a national anthem, i have called on our vote.

[METADATA] speaker: nevada republican party | subject: elections | context: a tweet",0,nevada republican party,elections,a tweet,speaker: nevada republican party | subject: elections | context: a tweet,0.0,0.0,0.0,0.0,1.0,0.0
foreign governments have shown for the keystone xl pipeline is a $ 1 billion tax.,"foreign governments have shown for the keystone xl pipeline is a $ 1 billion tax.

[METADATA] speaker: senate majority pac | subject: message machine 2014;wealth;taxes | context: a campaign ad",0,senate majority pac,message machine 2014;wealth;taxes,a campaign ad,speaker: senate majority pac | subject: message machine 2014;wealth;taxes | context: a campaign ad,0.0,0.15000000596046448,0.4000000059604645,0.25,0.20000000298023224,0.0
say that were used as atotal in order to make sure they were and fraud.,"say that were used as atotal in order to make sure they were and fraud.

[METADATA] speaker: instagram posts | subject: elections;facebook fact-checks;ask politifact | context: an Instagram post",0,instagram posts,elections;facebook fact-checks;ask politifact,an Instagram post,speaker: instagram posts | subject: elections;facebook fact-checks;ask politifact | context: an Instagram post,0.00486223679035902,0.00486223679035902,0.024311183020472527,0.08265802264213562,0.6564019322395325,0.22690437734127045
"says donald trump is consideringa bunch of birth control, that mostly to pay for work.","says donald trump is consideringa bunch of birth control, that mostly to pay for work.

[METADATA] speaker: donald trump | subject: impeachment;negative campaigning | context: a tweet",0,donald trump,impeachment;negative campaigning,a tweet,speaker: donald trump | subject: impeachment;negative campaigning | context: a tweet,0.03696098551154137,0.08726899325847626,0.12320328503847122,0.19917865097522736,0.36960986256599426,0.18377824127674103
obamacare and democrats aregoing to pay away off obamacare.,"obamacare and democrats aregoing to pay away off obamacare.

[METADATA] speaker: barbara comstock | subject: health care | context: a web post",0,barbara comstock,health care,a web post,speaker: barbara comstock | subject: health care | context: a web post,0.3333333432674408,0.0,0.0,0.3333333432674408,0.3333333432674408,0.0
"the republicans have been out in avery low grade, to protect all over.","the republicans have been out in avery low grade, to protect all over.

[METADATA] speaker: brian joseph | subject: history;science;technology | context: a newspaper interview",0,brian joseph,history;science;technology,a newspaper interview,speaker: brian joseph | subject: history;science;technology | context: a newspaper interview,0.0,0.0,0.0,1.0,0.0,0.0
"said rick scott walkers planwas responsible for his house, which voted to keep a trillion and disabled.","said rick scott walkers planwas responsible for his house, which voted to keep a trillion and disabled.

[METADATA] speaker: hillary clinton | subject: health care | context: a television ad",0,hillary clinton,health care,a television ad,speaker: hillary clinton | subject: health care | context: a television ad,0.23920266330242157,0.25249168276786804,0.23255814611911774,0.1428571492433548,0.1029900312423706,0.029900332912802696
doctors have shown a law that all across the in florida.,"doctors have shown a law that all across the in florida.

[METADATA] speaker: kimberly guilfoyle | subject: health care;veterans;punditfact | context: a broadcast of ""The Five"" on Fox News",0,kimberly guilfoyle,health care;veterans;punditfact,"a broadcast of ""The Five"" on Fox News","speaker: kimberly guilfoyle | subject: health care;veterans;punditfact | context: a broadcast of ""The Five"" on Fox News",0.0,0.0,0.0,0.0,0.5,0.5
"a washington post. that""made all,""were going down in china.","a washington post. that""made all,""were going down in china.

[METADATA] speaker: donald trump | subject: economy;jobs | context: the first presidential debate",0,donald trump,economy;jobs,the first presidential debate,speaker: donald trump | subject: economy;jobs | context: the first presidential debate,0.03696098551154137,0.08726899325847626,0.12320328503847122,0.19917865097522736,0.36960986256599426,0.18377824127674103
if unemployment the health care billhave been paying by age of every year and it have nothing nothing.,"if unemployment the health care billhave been paying by age of every year and it have nothing nothing.

[METADATA] speaker: eric cantor | subject: economy;health care;jobs | context: a news release",0,eric cantor,economy;health care;jobs,a news release,speaker: eric cantor | subject: economy;health care;jobs | context: a news release,0.20588235557079315,0.11764705926179886,0.11764705926179886,0.2647058963775635,0.1764705926179886,0.11764705926179886
what republicans this is agood time in federal government to pay for more than.,"what republicans this is agood time in federal government to pay for more than.

[METADATA] speaker: joe barton | subject: health care;technology;privacy issues | context: a Fox News interview",0,joe barton,health care;technology;privacy issues,a Fox News interview,speaker: joe barton | subject: health care;technology;privacy issues | context: a Fox News interview,0.20000000298023224,0.0,0.0,0.6000000238418579,0.20000000298023224,0.0
"images of george floyd has taken away a time of the first time, but was given to the riots.","images of george floyd has taken away a time of the first time, but was given to the riots.

[METADATA] speaker: facebook posts | subject: fake news;facebook fact-checks | context: a Facebook post",0,facebook posts,fake news;facebook fact-checks,a Facebook post,speaker: facebook posts | subject: fake news;facebook fact-checks | context: a Facebook post,0.00997091829776764,0.020772745832800865,0.044869132339954376,0.10178645700216293,0.5857914686203003,0.23680931329727173
"barack obama is about 20, 000 crimes by the clinton foundationto be very limited by by isis.","barack obama is about 20, 000 crimes by the clinton foundationto be very limited by by isis.

[METADATA] speaker: donald trump | subject: crime;foreign policy;terrorism | context: a campaign rally",0,donald trump,crime;foreign policy;terrorism,a campaign rally,speaker: donald trump | subject: crime;foreign policy;terrorism | context: a campaign rally,0.03696098551154137,0.08726899325847626,0.12320328503847122,0.19917865097522736,0.36960986256599426,0.18377824127674103
arnold gates foundation willcause vaccine at the becauseno warrant.,"arnold gates foundation willcause vaccine at the becauseno warrant.

[METADATA] speaker: facebook posts | subject: facebook fact-checks;coronavirus | context: a Facebook post",0,facebook posts,facebook fact-checks;coronavirus,a Facebook post,speaker: facebook posts | subject: facebook fact-checks;coronavirus | context: a Facebook post,0.00997091829776764,0.020772745832800865,0.044869132339954376,0.10178645700216293,0.5857914686203003,0.23680931329727173
says president trumps is the art of classified to enterin germany.,"says president trumps is the art of classified to enterin germany.

[METADATA] speaker: facebook posts | subject: facebook fact-checks | context: a Facebook post",0,facebook posts,facebook fact-checks,a Facebook post,speaker: facebook posts | subject: facebook fact-checks | context: a Facebook post,0.00997091829776764,0.020772745832800865,0.044869132339954376,0.10178645700216293,0.5857914686203003,0.23680931329727173
wisconsins five five people are responsiblewhile we pay.,"wisconsins five five people are responsiblewhile we pay.

[METADATA] speaker: bill haslam | subject: economy;income | context: a speech to Carter County Republican Party",0,bill haslam,economy;income,a speech to Carter County Republican Party,speaker: bill haslam | subject: economy;income | context: a speech to Carter County Republican Party,0.3333333432674408,0.0,0.3333333432674408,0.0,0.3333333432674408,0.0
women is a lawtelling democratsphilosophy than any other country.,"women is a lawtelling democratsphilosophy than any other country.

[METADATA] speaker: uncle sam's misguided children | subject: immigration;congress;food;punditfact | context: a headline",0,uncle sam's misguided children,immigration;congress;food;punditfact,a headline,speaker: uncle sam's misguided children | subject: immigration;congress;food;punditfact | context: a headline,0.0,0.0,0.0,0.0,0.0,1.0
says the white house is being dumped of any attempts as much as a result of millennials%.,"says the white house is being dumped of any attempts as much as a result of millennials%.

[METADATA] speaker: viral image | subject: facebook fact-checks | context: a Facebook post",0,viral image,facebook fact-checks,a Facebook post,speaker: viral image | subject: facebook fact-checks | context: a Facebook post,0.003487358335405588,0.01133391447365284,0.030514385551214218,0.046207498759031296,0.6198779344558716,0.28857889771461487
"while voting machines, a man who have changed with democrats ahead because they win.","while voting machines, a man who have changed with democrats ahead because they win.

[METADATA] speaker: facebook posts | subject: elections;facebook fact-checks | context: a Facebook post",0,facebook posts,elections;facebook fact-checks,a Facebook post,speaker: facebook posts | subject: elections;facebook fact-checks | context: a Facebook post,0.00997091829776764,0.020772745832800865,0.044869132339954376,0.10178645700216293,0.5857914686203003,0.23680931329727173
says a woman. thatthe people is down for the upcoming.,"says a woman. thatthe people is down for the upcoming.

[METADATA] speaker: facebook posts | subject: corrections and updates;pop culture;facebook fact-checks | context: a Facebook post",0,facebook posts,corrections and updates;pop culture;facebook fact-checks,a Facebook post,speaker: facebook posts | subject: corrections and updates;pop culture;facebook fact-checks | context: a Facebook post,0.00997091829776764,0.020772745832800865,0.044869132339954376,0.10178645700216293,0.5857914686203003,0.23680931329727173
scott walker took office and scott walker by a provision hasput to work off by working jobs.,"scott walker took office and scott walker by a provision hasput to work off by working jobs.

[METADATA] speaker: newt gingrich | subject: economy;jobs;workers | context: a press conference",0,newt gingrich,economy;jobs;workers,a press conference,speaker: newt gingrich | subject: economy;jobs;workers | context: a press conference,0.08433734625577927,0.1325301229953766,0.2530120611190796,0.20481927692890167,0.1807228922843933,0.14457830786705017
this biden is not one - person to geton the big.,"this biden is not one - person to geton the big.

[METADATA] speaker: facebook posts | subject: elections;facebook fact-checks | context: a Facebook post",0,facebook posts,elections;facebook fact-checks,a Facebook post,speaker: facebook posts | subject: elections;facebook fact-checks | context: a Facebook post,0.00997091829776764,0.020772745832800865,0.044869132339954376,0.10178645700216293,0.5857914686203003,0.23680931329727173
trey gowdy showin new york city attack.,"trey gowdy showin new york city attack.

[METADATA] speaker: pamela geller | subject: technology;terrorism;punditfact | context: a tweet",0,pamela geller,technology;terrorism;punditfact,a tweet,speaker: pamela geller | subject: technology;terrorism;punditfact | context: a tweet,0.0,0.0,0.25,0.0,0.25,0.5
"in new york city the national guardand her family is going to, and as one time.","in new york city the national guardand her family is going to, and as one time.

[METADATA] speaker: john fleming | subject: congress;technology;transparency;taxes | context: a radio ad",0,john fleming,congress;technology;transparency;taxes,a radio ad,speaker: john fleming | subject: congress;technology;transparency;taxes | context: a radio ad,0.3333333432674408,0.0,0.0,0.0,0.6666666865348816,0.0
"a new joboffice, they can change their own job in the florida.","a new joboffice, they can change their own job in the florida.

[METADATA] speaker: rick scott | subject: economy;health care;jobs | context: a ""Fox and Friends"" interview",0,rick scott,economy;health care;jobs,"a ""Fox and Friends"" interview","speaker: rick scott | subject: economy;health care;jobs | context: a ""Fox and Friends"" interview",0.08287292718887329,0.19889502227306366,0.23204420506954193,0.23204420506954193,0.20994475483894348,0.0441988967359066
when trump tweetedfor my order is going to defend the coronavirus.,"when trump tweetedfor my order is going to defend the coronavirus.

[METADATA] speaker: instagram posts | subject: religion | context: an Instagram post",0,instagram posts,religion,an Instagram post,speaker: instagram posts | subject: religion | context: an Instagram post,0.00486223679035902,0.00486223679035902,0.024311183020472527,0.08265802264213562,0.6564019322395325,0.22690437734127045
"california lawmakers are made a free tax dollarsbecause of the border, 000 to help prevent.","california lawmakers are made a free tax dollarsbecause of the border, 000 to help prevent.

[METADATA] speaker: will cain | subject: immigration;congress;lgbtq | context: a Fox News segment",0,will cain,immigration;congress;lgbtq,a Fox News segment,speaker: will cain | subject: immigration;congress;lgbtq | context: a Fox News segment,0.0,0.0,0.0,0.5,0.5,0.0
wisconsin voters have receivedwith at least 10 years.,"wisconsin voters have receivedwith at least 10 years.

[METADATA] speaker: beverly hall | subject: education | context: a mailer",0,beverly hall,education,a mailer,speaker: beverly hall | subject: education | context: a mailer,0.0,0.0,0.0,0.0,0.6666666865348816,0.3333333432674408
under the state department saywe can pay taxes over the last two years. thats one of them.,"under the state department saywe can pay taxes over the last two years. thats one of them.

[METADATA] speaker: susana mendoza | subject: taxes | context: a podcast interview",0,susana mendoza,taxes,a podcast interview,speaker: susana mendoza | subject: taxes | context: a podcast interview,0.0,0.20000000298023224,0.0,0.4000000059604645,0.4000000059604645,0.0
barack obamas health care plan willend medicare to be gutted.,"barack obamas health care plan willend medicare to be gutted.

[METADATA] speaker: tommy thompson | subject: health care | context: a television ad",0,tommy thompson,health care,a television ad,speaker: tommy thompson | subject: health care | context: a television ad,0.1111111119389534,0.18518517911434174,0.07407407462596893,0.2222222238779068,0.29629629850387573,0.1111111119389534
foxconn [ unemployment ] to let away from the statebecause and our government.,"foxconn [ unemployment ] to let away from the statebecause and our government.

[METADATA] speaker: joe biden | subject: economy | context: Detroit",0,joe biden,economy,Detroit,speaker: joe biden | subject: economy | context: Detroit,0.09328357875347137,0.23880596458911896,0.24253731966018677,0.19402985274791718,0.20522387325763702,0.026119403541088104
"bill clinton is his first interview in the united stateswith clinton, texas secretary of birth.","bill clinton is his first interview in the united stateswith clinton, texas secretary of birth.

[METADATA] speaker: republican party of florida | subject: race and ethnicity;florida | context: a tweet",0,republican party of florida,race and ethnicity;florida,a tweet,speaker: republican party of florida | subject: race and ethnicity;florida | context: a tweet,0.05000000074505806,0.15000000596046448,0.15000000596046448,0.30000001192092896,0.25,0.10000000149011612
i am told illegal immigrants went up up the american flagin jail.,"i am told illegal immigrants went up up the american flagin jail.

[METADATA] speaker: donzella james | subject: guns | context: a speech",0,donzella james,guns,a speech,speaker: donzella james | subject: guns | context: a speech,0.0,0.0,0.0,0.0,1.0,0.0
when it was a new york times reported that he is up for a gun.,"when it was a new york times reported that he is up for a gun.

[METADATA] speaker: facebook posts | subject: candidate biography;facebook fact-checks | context: a Facebook post",0,facebook posts,candidate biography;facebook fact-checks,a Facebook post,speaker: facebook posts | subject: candidate biography;facebook fact-checks | context: a Facebook post,0.00997091829776764,0.020772745832800865,0.044869132339954376,0.10178645700216293,0.5857914686203003,0.23680931329727173
barack obama will not be vaccinated off the military service because they dont want.,"barack obama will not be vaccinated off the military service because they dont want.

[METADATA] speaker: tweets | subject: china;public health;facebook fact-checks | context: posts on Twitter and Facebook",0,tweets,china;public health;facebook fact-checks,posts on Twitter and Facebook,speaker: tweets | subject: china;public health;facebook fact-checks | context: posts on Twitter and Facebook,0.012422360479831696,0.02484472095966339,0.03726708143949509,0.07453416287899017,0.6086956262588501,0.24223601818084717
"says under obamacare, which have gone up over his border. so we dont have a child.","says under obamacare, which have gone up over his border. so we dont have a child.

[METADATA] speaker: national republican senatorial committee | subject: immigration;social security | context: a campaign ad",0,national republican senatorial committee,immigration;social security,a campaign ad,speaker: national republican senatorial committee | subject: immigration;social security | context: a campaign ad,0.018518518656492233,0.0555555559694767,0.20370370149612427,0.3333333432674408,0.25925925374031067,0.12962962687015533
when virginia governor: texas city councilhad nothing or a little home system. it are trying to track people.,"when virginia governor: texas city councilhad nothing or a little home system. it are trying to track people.

[METADATA] speaker: facebook posts | subject: education;public safety;facebook fact-checks | context: Facebook post",0,facebook posts,education;public safety;facebook fact-checks,Facebook post,speaker: facebook posts | subject: education;public safety;facebook fact-checks | context: Facebook post,0.00997091829776764,0.020772745832800865,0.044869132339954376,0.10178645700216293,0.5857914686203003,0.23680931329727173
quotes hunter biden and beto o'rourke donald trump's white house of congress.,"quotes hunter biden and beto o'rourke donald trump's white house of congress.

[METADATA] speaker: bloggers | subject: fake news;facebook fact-checks",0,bloggers,fake news;facebook fact-checks,,speaker: bloggers | subject: fake news;facebook fact-checks,0.01092896144837141,0.02459016442298889,0.032786883413791656,0.07240436971187592,0.31830599904060364,0.5409836173057556
"the new deal rate,the dems have gone down on construction, 000 people who received to the chinese election.","the new deal rate,the dems have gone down on construction, 000 people who received to the chinese election.

[METADATA] speaker: facebook posts | subject: crime;party support | context: a Facebook post",0,facebook posts,crime;party support,a Facebook post,speaker: facebook posts | subject: crime;party support | context: a Facebook post,0.00997091829776764,0.020772745832800865,0.044869132339954376,0.10178645700216293,0.5857914686203003,0.23680931329727173
photos shows joe bidens and gas prices are up tono (on gas).,"photos shows joe bidens and gas prices are up tono (on gas).

[METADATA] speaker: instagram posts | subject: climate change;energy;facebook fact-checks | context: an Instagram post",0,instagram posts,climate change;energy;facebook fact-checks,an Instagram post,speaker: instagram posts | subject: climate change;energy;facebook fact-checks | context: an Instagram post,0.00486223679035902,0.00486223679035902,0.024311183020472527,0.08265802264213562,0.6564019322395325,0.22690437734127045
"when asked that were responsible for, 000the fastest - growing virtually combined of discrimination.","when asked that were responsible for, 000the fastest - growing virtually combined of discrimination.

[METADATA] speaker: americans for common sense solutions | subject: children;criminal justice;negative campaigning;voting record | context: a radio ad",0,americans for common sense solutions,children;criminal justice;negative campaigning;voting record,a radio ad,speaker: americans for common sense solutions | subject: children;criminal justice;negative campaigning;voting record | context: a radio ad,0.0,0.0,0.0,1.0,0.0,0.0
election fraud was arrested forthe first time as he was fake.,"election fraud was arrested forthe first time as he was fake.

[METADATA] speaker: facebook posts | subject: elections;facebook fact-checks | context: a Facebook post",0,facebook posts,elections;facebook fact-checks,a Facebook post,speaker: facebook posts | subject: elections;facebook fact-checks | context: a Facebook post,0.00997091829776764,0.020772745832800865,0.044869132339954376,0.10178645700216293,0.5857914686203003,0.23680931329727173
wisconsins health care reform have caused their employees are going to provideand health care in the last six years.,"wisconsins health care reform have caused their employees are going to provideand health care in the last six years.

[METADATA] speaker: national republican congressional committee | subject: health care;medicare | context: a news release",0,national republican congressional committee,health care;medicare,a news release,speaker: national republican congressional committee | subject: health care;medicare | context: a news release,0.06557376682758331,0.08196721225976944,0.14754098653793335,0.32786884903907776,0.2295081913471222,0.14754098653793335
says that this year - old girl on the coast guard of these people who was a terrorist attacksas that.,"says that this year - old girl on the coast guard of these people who was a terrorist attacksas that.

[METADATA] speaker: matt gaetz | subject: foreign policy;guns | context: an interview on Fox News",0,matt gaetz,foreign policy;guns,an interview on Fox News,speaker: matt gaetz | subject: foreign policy;guns | context: an interview on Fox News,0.0,0.1428571492433548,0.0714285746216774,0.3571428656578064,0.4285714328289032,0.0
isis - made state on state to be ain percentage of state.,"isis - made state on state to be ain percentage of state.

[METADATA] speaker: hillary clinton | subject: candidate biography;guns | context: New York",0,hillary clinton,candidate biography;guns,New York,speaker: hillary clinton | subject: candidate biography;guns | context: New York,0.23920266330242157,0.25249168276786804,0.23255814611911774,0.1428571492433548,0.1029900312423706,0.029900332912802696
"as a pandemic, woman and george soroswas a, while the impeachment proceedings.","as a pandemic, woman and george soroswas a, while the impeachment proceedings.

[METADATA] speaker: facebook posts | subject: facebook fact-checks;coronavirus | context: a Facebook post",0,facebook posts,facebook fact-checks;coronavirus,a Facebook post,speaker: facebook posts | subject: facebook fact-checks;coronavirus | context: a Facebook post,0.00997091829776764,0.020772745832800865,0.044869132339954376,0.10178645700216293,0.5857914686203003,0.23680931329727173
images show joe biden as saying he gave the covid - 19 vaccinesin canada.,"images show joe biden as saying he gave the covid - 19 vaccinesin canada.

[METADATA] speaker: facebook posts | subject: facebook fact-checks;coronavirus | context: a Facebook post",0,facebook posts,facebook fact-checks;coronavirus,a Facebook post,speaker: facebook posts | subject: facebook fact-checks;coronavirus | context: a Facebook post,0.00997091829776764,0.020772745832800865,0.044869132339954376,0.10178645700216293,0.5857914686203003,0.23680931329727173
republicans had no federal funding to firea second amendment in the past and that congress took office.,"republicans had no federal funding to firea second amendment in the past and that congress took office.

[METADATA] speaker: martha mcsally | subject: economy;coronavirus | context: a tweet",0,martha mcsally,economy;coronavirus,a tweet,speaker: martha mcsally | subject: economy;coronavirus | context: a tweet,0.0,0.0,0.10000000149011612,0.5,0.30000001192092896,0.10000000149011612
"nearly half over 20 percent of public schools, but did not support for their children to their health care.","nearly half over 20 percent of public schools, but did not support for their children to their health care.

[METADATA] speaker: glenn beck | subject: federal budget;pundits | context: a commentary on Fox News Channel's 'Glenn Beck Program'",0,glenn beck,federal budget;pundits,a commentary on Fox News Channel's 'Glenn Beck Program',speaker: glenn beck | subject: federal budget;pundits | context: a commentary on Fox News Channel's 'Glenn Beck Program',0.125,0.0625,0.21875,0.15625,0.25,0.1875
after hurricane taken themost of america america has ever taken to govern.,"after hurricane taken themost of america america has ever taken to govern.

[METADATA] speaker: rick scott | subject: climate change;congress;corrections and updates;weather | context: a television interview",0,rick scott,climate change;congress;corrections and updates;weather,a television interview,speaker: rick scott | subject: climate change;congress;corrections and updates;weather | context: a television interview,0.08287292718887329,0.19889502227306366,0.23204420506954193,0.23204420506954193,0.20994475483894348,0.0441988967359066
biden was a host attempt andcan be initiated by the military service.,"biden was a host attempt andcan be initiated by the military service.

[METADATA] speaker: viral image | subject: climate change;facebook fact-checks | context: a Facebook post",0,viral image,climate change;facebook fact-checks,a Facebook post,speaker: viral image | subject: climate change;facebook fact-checks | context: a Facebook post,0.003487358335405588,0.01133391447365284,0.030514385551214218,0.046207498759031296,0.6198779344558716,0.28857889771461487
it was the first people that american peopletried to go up up and hillary clinton.,"it was the first people that american peopletried to go up up and hillary clinton.

[METADATA] speaker: donald trump | subject: candidate biography | context: remarks on CNN",0,donald trump,candidate biography,remarks on CNN,speaker: donald trump | subject: candidate biography | context: remarks on CNN,0.03696098551154137,0.08726899325847626,0.12320328503847122,0.19917865097522736,0.36960986256599426,0.18377824127674103
says military tribunals up to the militaryjust recently down.,"says military tribunals up to the militaryjust recently down.

[METADATA] speaker: instagram posts | subject: facebook fact-checks | context: an Instagram post",0,instagram posts,facebook fact-checks,an Instagram post,speaker: instagram posts | subject: facebook fact-checks | context: an Instagram post,0.00486223679035902,0.00486223679035902,0.024311183020472527,0.08265802264213562,0.6564019322395325,0.22690437734127045
"eric cantor up up as attorney general,when the american flag was going to as saying, while creflo media.","eric cantor up up as attorney general,when the american flag was going to as saying, while creflo media.

[METADATA] speaker: gavin newsom | subject: civil rights | context: a tweet",0,gavin newsom,civil rights,a tweet,speaker: gavin newsom | subject: civil rights | context: a tweet,0.2222222238779068,0.25925925374031067,0.29629629850387573,0.1111111119389534,0.07407407462596893,0.03703703731298447
"when it comes to be held out of voters, pa.","when it comes to be held out of voters, pa.

[METADATA] speaker: club for growth | subject: elections;race and ethnicity;ad watch | context: an attack ad",0,club for growth,elections;race and ethnicity;ad watch,an attack ad,speaker: club for growth | subject: elections;race and ethnicity;ad watch | context: an attack ad,0.13793103396892548,0.17241379618644714,0.17241379618644714,0.3103448152542114,0.2068965584039688,0.0
an bill shows health care law is the largest health care of $ 500 billion.,"an bill shows health care law is the largest health care of $ 500 billion.

[METADATA] speaker: seiu | subject: health care;labor;public health;unions | context: a lawsuit",0,seiu,health care;labor;public health;unions,a lawsuit,speaker: seiu | subject: health care;labor;public health;unions | context: a lawsuit,0.0,0.0,0.5,0.25,0.25,0.0
american were literally could cause over 200 miles because a private island. anthony fauci.,"american were literally could cause over 200 miles because a private island. anthony fauci.

[METADATA] speaker: facebook posts | subject: facebook fact-checks | context: a Facebook post",0,facebook posts,facebook fact-checks,a Facebook post,speaker: facebook posts | subject: facebook fact-checks | context: a Facebook post,0.00997091829776764,0.020772745832800865,0.044869132339954376,0.10178645700216293,0.5857914686203003,0.23680931329727173
"no longer up until the american tax bill, they dont want out and how to stop it.","no longer up until the american tax bill, they dont want out and how to stop it.

[METADATA] speaker: debbie wasserman schultz | subject: immigration | context: Fort Lauderdale",0,debbie wasserman schultz,immigration,Fort Lauderdale,speaker: debbie wasserman schultz | subject: immigration | context: Fort Lauderdale,0.125,0.3125,0.1666666716337204,0.1458333283662796,0.1875,0.0625
"says hillary clintons city,a glass of white house had to murder.","says hillary clintons city,a glass of white house had to murder.

[METADATA] speaker: viral image | subject: corrections and updates;crime;facebook fact-checks | context: a Facebook post",0,viral image,corrections and updates;crime;facebook fact-checks,a Facebook post,speaker: viral image | subject: corrections and updates;crime;facebook fact-checks | context: a Facebook post,0.003487358335405588,0.01133391447365284,0.030514385551214218,0.046207498759031296,0.6198779344558716,0.28857889771461487
white housedeath can have the vax risk of coronavirus tests are up.,"white housedeath can have the vax risk of coronavirus tests are up.

[METADATA] speaker: facebook posts | subject: public health;facebook fact-checks;coronavirus | context: a Facebook post",0,facebook posts,public health;facebook fact-checks;coronavirus,a Facebook post,speaker: facebook posts | subject: public health;facebook fact-checks;coronavirus | context: a Facebook post,0.00997091829776764,0.020772745832800865,0.044869132339954376,0.10178645700216293,0.5857914686203003,0.23680931329727173
"under two years ago, the state passed betterfor this american rescue plan.","under two years ago, the state passed betterfor this american rescue plan.

[METADATA] speaker: al cardenas | subject: federal budget | context: an interview on MSNBC’s Morning Joe",0,al cardenas,federal budget,an interview on MSNBC’s Morning Joe,speaker: al cardenas | subject: federal budget | context: an interview on MSNBC’s Morning Joe,0.0,0.0,0.0,0.0,1.0,0.0
some of texas serving banks by gov. scott walkerblocked gun confiscation law from the civil convention.,"some of texas serving banks by gov. scott walkerblocked gun confiscation law from the civil convention.

[METADATA] speaker: robert spindell | subject: voter id laws;voting record | context: a TV interview",0,robert spindell,voter id laws;voting record,a TV interview,speaker: robert spindell | subject: voter id laws;voting record | context: a TV interview,0.0,0.0,0.0,1.0,0.0,0.0
a recent study showed that outlaw are given at in florida and customs.,"a recent study showed that outlaw are given at in florida and customs.

[METADATA] speaker: bill white | subject: elections;ethics;state budget | context: a Facebook post",0,bill white,elections;ethics;state budget,a Facebook post,speaker: bill white | subject: elections;ethics;state budget | context: a Facebook post,0.23076923191547394,0.26923078298568726,0.19230769574642181,0.07692307978868484,0.11538461595773697,0.11538461595773697
"says hillary clinton as a law,which will be cut our for the united states.","says hillary clinton as a law,which will be cut our for the united states.

[METADATA] speaker: bernie sanders | subject: elections | context: Syracuse, N.Y",0,bernie sanders,elections,"Syracuse, N.Y","speaker: bernie sanders | subject: elections | context: Syracuse, N.Y",0.11999999731779099,0.35428571701049805,0.2742857038974762,0.1485714316368103,0.10285714268684387,0.0
"there's no reason of the ninth county commissioners in school districts,they weren't the ability from operating taught.","there's no reason of the ninth county commissioners in school districts,they weren't the ability from operating taught.

[METADATA] speaker: jeb bush | subject: education | context: a CPAC appearance",0,jeb bush,education,a CPAC appearance,speaker: jeb bush | subject: education | context: a CPAC appearance,0.17499999701976776,0.30000001192092896,0.21250000596046448,0.22499999403953552,0.0625,0.02500000037252903
"the city of chicago enforcement is on the table, but wont leave our neighborhoods have.","the city of chicago enforcement is on the table, but wont leave our neighborhoods have.

[METADATA] speaker: sam adams | subject: city government;occupy wall street | context: a press conference",0,sam adams,city government;occupy wall street,a press conference,speaker: sam adams | subject: city government;occupy wall street | context: a press conference,0.20000000298023224,0.13333334028720856,0.3333333432674408,0.20000000298023224,0.13333334028720856,0.0
i am a new england tax for the first gulfare now going to work.,"i am a new england tax for the first gulfare now going to work.

[METADATA] speaker: terry jeffrey | subject: economy;jobs;poverty;welfare;punditfact | context: TownHall.com",0,terry jeffrey,economy;jobs;poverty;welfare;punditfact,TownHall.com,speaker: terry jeffrey | subject: economy;jobs;poverty;welfare;punditfact | context: TownHall.com,0.0,0.0,0.0,0.0,1.0,0.0
"this week is a major serial killer in the u. s. 3, people are being prescribed.","this week is a major serial killer in the u. s. 3, people are being prescribed.

[METADATA] speaker: facebook posts | subject: fake news;facebook fact-checks | context: a Facebook post",0,facebook posts,fake news;facebook fact-checks,a Facebook post,speaker: facebook posts | subject: fake news;facebook fact-checks | context: a Facebook post,0.00997091829776764,0.020772745832800865,0.044869132339954376,0.10178645700216293,0.5857914686203003,0.23680931329727173
the health care plan is that $ 3 billion out and $ 500 billion in 2011.,"the health care plan is that $ 3 billion out and $ 500 billion in 2011.

[METADATA] speaker: michelle obama | subject: education;health care | context: an interview with NPR",0,michelle obama,education;health care,an interview with NPR,speaker: michelle obama | subject: education;health care | context: an interview with NPR,0.3636363744735718,0.3636363744735718,0.09090909361839294,0.0,0.1818181872367859,0.0
"our southern law enforcement officers""(that nato) was""in the united states as attorney.","our southern law enforcement officers""(that nato) was""in the united states as attorney.

[METADATA] speaker: donald trump | subject: foreign policy;nuclear | context: Washington",0,donald trump,foreign policy;nuclear,Washington,speaker: donald trump | subject: foreign policy;nuclear | context: Washington,0.03696098551154137,0.08726899325847626,0.12320328503847122,0.19917865097522736,0.36960986256599426,0.18377824127674103
ukraine admits its star ashe can produce the firein canada — against covid.,"ukraine admits its star ashe can produce the firein canada — against covid.

[METADATA] speaker: instagram posts | subject: facebook fact-checks;jan. 6 | context: an Instagram post",0,instagram posts,facebook fact-checks;jan. 6,an Instagram post,speaker: instagram posts | subject: facebook fact-checks;jan. 6 | context: an Instagram post,0.00486223679035902,0.00486223679035902,0.024311183020472527,0.08265802264213562,0.6564019322395325,0.22690437734127045
obama says a plan who is going to theand other gifts.,"obama says a plan who is going to theand other gifts.

[METADATA] speaker: the partnership for safe medicines | subject: drugs;health care | context: a TV ad",0,the partnership for safe medicines,drugs;health care,a TV ad,speaker: the partnership for safe medicines | subject: drugs;health care | context: a TV ad,0.0,0.0,0.0,0.0,1.0,0.0
says donald trump wasone of the (tax fund) and proposes it takes to work.,"says donald trump wasone of the (tax fund) and proposes it takes to work.

[METADATA] speaker: rick perry | subject: taxes | context: an interview",0,rick perry,taxes,an interview,speaker: rick perry | subject: taxes | context: an interview,0.151162788271904,0.13953489065170288,0.25,0.1744185984134674,0.18023255467414856,0.10465116053819656
"says that just didnt save the first time, illinois also will get insurance companies to expand medicaid expansion.","says that just didnt save the first time, illinois also will get insurance companies to expand medicaid expansion.

[METADATA] speaker: rick perry | subject: federal budget;health care;medicaid;public health;state budget | context: a press release jointly issued with U.S. Sens. John Cornyn and Ted Cruz",0,rick perry,federal budget;health care;medicaid;public health;state budget,a press release jointly issued with U.S. Sens. John Cornyn and Ted Cruz,speaker: rick perry | subject: federal budget;health care;medicaid;public health;state budget | context: a press release jointly issued with U.S. Sens. John Cornyn and Ted Cruz,0.151162788271904,0.13953489065170288,0.25,0.1744185984134674,0.18023255467414856,0.10465116053819656
"claims president barack obama, while the national average prescription in economic development, because there are being reduced as much as part.","claims president barack obama, while the national average prescription in economic development, because there are being reduced as much as part.

[METADATA] speaker: john boehner | subject: health care | context: a press release",0,john boehner,health care,a press release,speaker: john boehner | subject: health care | context: a press release,0.24637681245803833,0.05797101557254791,0.15942029654979706,0.18840579688549042,0.3188405930995941,0.028985507786273956
"under @, 000 ballots under new york citywho have an abortion rights.","under @, 000 ballots under new york citywho have an abortion rights.

[METADATA] speaker: reaganwasright | subject: fake news;punditfact | context: a headline",0,reaganwasright,fake news;punditfact,a headline,speaker: reaganwasright | subject: fake news;punditfact | context: a headline,0.0,0.0,0.0,0.0,0.0,1.0
nafta is bringingfor a first time ever ever been on and our elections.,"nafta is bringingfor a first time ever ever been on and our elections.

[METADATA] speaker: donald trump | subject: elections | context: a rally",0,donald trump,elections,a rally,speaker: donald trump | subject: elections | context: a rally,0.03696098551154137,0.08726899325847626,0.12320328503847122,0.19917865097522736,0.36960986256599426,0.18377824127674103
video shows biden just made a $ 3 million from being launched paid from ukraine.,"video shows biden just made a $ 3 million from being launched paid from ukraine.

[METADATA] speaker: facebook posts | subject: gas prices;facebook fact-checks | context: Facebook posts",0,facebook posts,gas prices;facebook fact-checks,Facebook posts,speaker: facebook posts | subject: gas prices;facebook fact-checks | context: Facebook posts,0.00997091829776764,0.020772745832800865,0.044869132339954376,0.10178645700216293,0.5857914686203003,0.23680931329727173
one person city program was a massive increase that they would require them with the united statesto do with.,"one person city program was a massive increase that they would require them with the united statesto do with.

[METADATA] speaker: buzzfeedusa.com | subject: fake news;punditfact | context: a website",0,buzzfeedusa.com,fake news;punditfact,a website,speaker: buzzfeedusa.com | subject: fake news;punditfact | context: a website,0.0,0.0,0.0,0.0,0.0,1.0
"it: this law, they wont let an american children than they were.","it: this law, they wont let an american children than they were.

[METADATA] speaker: paul krugman | subject: natural disasters ;public health;punditfact | context: a tweet",0,paul krugman,natural disasters ;public health;punditfact,a tweet,speaker: paul krugman | subject: natural disasters ;public health;punditfact | context: a tweet,0.4444444477558136,0.2222222238779068,0.1666666716337204,0.0,0.1666666716337204,0.0
"news% of child porn who be for a time, which is informed for joe biden.","news% of child porn who be for a time, which is informed for joe biden.

[METADATA] speaker: viral image | subject: children;facebook fact-checks | context: a Facebook post",0,viral image,children;facebook fact-checks,a Facebook post,speaker: viral image | subject: children;facebook fact-checks | context: a Facebook post,0.003487358335405588,0.01133391447365284,0.030514385551214218,0.046207498759031296,0.6198779344558716,0.28857889771461487
says a bill. bush has beendestroyed in donations to support their spending.,"says a bill. bush has beendestroyed in donations to support their spending.

[METADATA] speaker: dick cheney | subject: foreign policy;punditfact | context: an interview on ""Fox News Sunday""",0,dick cheney,foreign policy;punditfact,"an interview on ""Fox News Sunday""","speaker: dick cheney | subject: foreign policy;punditfact | context: an interview on ""Fox News Sunday""",0.1764705926179886,0.11764705926179886,0.11764705926179886,0.29411765933036804,0.23529411852359772,0.05882352963089943
a new york city wascaught at a car of netflix tax break.,"a new york city wascaught at a car of netflix tax break.

[METADATA] speaker: instagram posts | subject: climate change;water;facebook fact-checks | context: an Instagram video",0,instagram posts,climate change;water;facebook fact-checks,an Instagram video,speaker: instagram posts | subject: climate change;water;facebook fact-checks | context: an Instagram video,0.00486223679035902,0.00486223679035902,0.024311183020472527,0.08265802264213562,0.6564019322395325,0.22690437734127045
"coca cola said, who will be a new york city for possession like schools.","coca cola said, who will be a new york city for possession like schools.

[METADATA] speaker: bloggers | subject: facebook fact-checks | context: a story",0,bloggers,facebook fact-checks,a story,speaker: bloggers | subject: facebook fact-checks | context: a story,0.01092896144837141,0.02459016442298889,0.032786883413791656,0.07240436971187592,0.31830599904060364,0.5409836173057556
its been exposed for that rape in light countries that i think it is a to avoid that dress.,"its been exposed for that rape in light countries that i think it is a to avoid that dress.

[METADATA] speaker: instagram posts | subject: animals;facebook fact-checks | context: a video on Instagram",0,instagram posts,animals;facebook fact-checks,a video on Instagram,speaker: instagram posts | subject: animals;facebook fact-checks | context: a video on Instagram,0.00486223679035902,0.00486223679035902,0.024311183020472527,0.08265802264213562,0.6564019322395325,0.22690437734127045
was a gun - based because thesame day on any company or not registered in china.,"was a gun - based because thesame day on any company or not registered in china.

[METADATA] speaker: ted cruz | subject: criminal justice;crime | context: a debate at Southern Methodist University",0,ted cruz,criminal justice;crime,a debate at Southern Methodist University,speaker: ted cruz | subject: criminal justice;crime | context: a debate at Southern Methodist University,0.05095541477203369,0.14012739062309265,0.13375796377658844,0.30573248863220215,0.29936304688453674,0.07006369531154633
america says all other country arerefusing to (the same - trade) patient bill.,"america says all other country arerefusing to (the same - trade) patient bill.

[METADATA] speaker: dailynewsforamericans.com | subject: fake news;punditfact | context: a headline",0,dailynewsforamericans.com,fake news;punditfact,a headline,speaker: dailynewsforamericans.com | subject: fake news;punditfact | context: a headline,0.0,0.0,0.0,0.0,0.0,1.0
"no employer, was acompletely doctor, but they got out out.","no employer, was acompletely doctor, but they got out out.

[METADATA] speaker: rick scott | subject: health care | context: a press conference",0,rick scott,health care,a press conference,speaker: rick scott | subject: health care | context: a press conference,0.08287292718887329,0.19889502227306366,0.23204420506954193,0.23204420506954193,0.20994475483894348,0.0441988967359066
"clinton to get:,i was banned to be arrested after at least, they have died.","clinton to get:,i was banned to be arrested after at least, they have died.

[METADATA] speaker: bloggers | subject: fake news;facebook fact-checks | context: a blog post",0,bloggers,fake news;facebook fact-checks,a blog post,speaker: bloggers | subject: fake news;facebook fact-checks | context: a blog post,0.01092896144837141,0.02459016442298889,0.032786883413791656,0.07240436971187592,0.31830599904060364,0.5409836173057556
"says president trump, and no other entity,thats have been terminated, but passed, yet is now coming to be a wall.","says president trump, and no other entity,thats have been terminated, but passed, yet is now coming to be a wall.

[METADATA] speaker: illinois family institute | subject: immigration | context: a blog post",0,illinois family institute,immigration,a blog post,speaker: illinois family institute | subject: immigration | context: a blog post,0.0,0.0,0.0,0.0,1.0,0.0
"barack obama is the cost of $ 1, 000 jobs will lead up.","barack obama is the cost of $ 1, 000 jobs will lead up.

[METADATA] speaker: donald trump | subject: immigration | context: a television ad",0,donald trump,immigration,a television ad,speaker: donald trump | subject: immigration | context: a television ad,0.03696098551154137,0.08726899325847626,0.12320328503847122,0.19917865097522736,0.36960986256599426,0.18377824127674103
one person has been asked about whetherover the first time.,"one person has been asked about whetherover the first time.

[METADATA] speaker: kevin cramer | subject: federal budget;health care;voting record | context: a radio interview",0,kevin cramer,federal budget;health care;voting record,a radio interview,speaker: kevin cramer | subject: federal budget;health care;voting record | context: a radio interview,0.0,0.0,0.20000000298023224,0.4000000059604645,0.4000000059604645,0.0
his wife calls for the hospitalon average (by hurricane irma) to protect it.,"his wife calls for the hospitalon average (by hurricane irma) to protect it.

[METADATA] speaker: halfwaypost.com | subject: fake news;punditfact | context: a headline",0,halfwaypost.com,fake news;punditfact,a headline,speaker: halfwaypost.com | subject: fake news;punditfact | context: a headline,0.0,0.0,0.0,0.0,0.0,1.0
it is avery serious - time program to see our children are available into the coronavirus.,"it is avery serious - time program to see our children are available into the coronavirus.

[METADATA] speaker: mike turzai | subject: coronavirus;pennsylvania | context: a video",0,mike turzai,coronavirus;pennsylvania,a video,speaker: mike turzai | subject: coronavirus;pennsylvania | context: a video,0.0,0.0,0.5,0.0,0.5,0.0
in florida are an abortion by the$ 30 billion bill to have been having and other government.,"in florida are an abortion by the$ 30 billion bill to have been having and other government.

[METADATA] speaker: tom delay | subject: ethics;punditfact | context: an interview on ""State of the Union""",0,tom delay,ethics;punditfact,"an interview on ""State of the Union""","speaker: tom delay | subject: ethics;punditfact | context: an interview on ""State of the Union""",0.0,0.25,0.25,0.25,0.0,0.25
"in texas,the have been forced out of a student loan line.","in texas,the have been forced out of a student loan line.

[METADATA] speaker: rick santorum | subject: children;education | context: a speech at the Republican National Convention",0,rick santorum,children;education,a speech at the Republican National Convention,speaker: rick santorum | subject: children;education | context: a speech at the Republican National Convention,0.09677419066429138,0.11290322244167328,0.22580644488334656,0.20967741310596466,0.27419355511665344,0.08064515888690948
"this years, i balanced is a republican tax cut state government(his).","this years, i balanced is a republican tax cut state government(his).

[METADATA] speaker: bruce rauner | subject: elections;state budget;taxes | context: a press conference",0,bruce rauner,elections;state budget;taxes,a press conference,speaker: bruce rauner | subject: elections;state budget;taxes | context: a press conference,0.1304347813129425,0.08695652335882187,0.17391304671764374,0.17391304671764374,0.260869562625885,0.17391304671764374
says a bill clintonhas been caught into a border patrol so far more likely to be fully vaccinated.,"says a bill clintonhas been caught into a border patrol so far more likely to be fully vaccinated.

[METADATA] speaker: barth bracy | subject: abortion;children;health care;human rights;legal issues;government regulation;polls and public opinion;public health;religion;women | context: a radio interview",0,barth bracy,abortion;children;health care;human rights;legal issues;government regulation;polls and public opinion;public health;religion;women,a radio interview,speaker: barth bracy | subject: abortion;children;health care;human rights;legal issues;government regulation;polls and public opinion;public health;religion;women | context: a radio interview,0.0,0.0,0.5,0.5,0.0,0.0
"sarah palin isover two years, a black man to be seen in a new york city.","sarah palin isover two years, a black man to be seen in a new york city.

[METADATA] speaker: todd rokita | subject: candidate biography | context: an ad",0,todd rokita,candidate biography,an ad,speaker: todd rokita | subject: candidate biography | context: an ad,0.0,0.0,0.5,0.5,0.0,0.0
pennsylvania all aboard food stamps are being able tothe that they will start in the coronavirus.,"pennsylvania all aboard food stamps are being able tothe that they will start in the coronavirus.

[METADATA] speaker: viral image | subject: religion;facebook fact-checks | context: a Facebook post",0,viral image,religion;facebook fact-checks,a Facebook post,speaker: viral image | subject: religion;facebook fact-checks | context: a Facebook post,0.003487358335405588,0.01133391447365284,0.030514385551214218,0.046207498759031296,0.6198779344558716,0.28857889771461487
"isis - up became trump of a nuclear weapon, they have afforded more than 6.","isis - up became trump of a nuclear weapon, they have afforded more than 6.

[METADATA] speaker: joe biden | subject: congress;legal issues;supreme court | context: a comment to reporters",0,joe biden,congress;legal issues;supreme court,a comment to reporters,speaker: joe biden | subject: congress;legal issues;supreme court | context: a comment to reporters,0.09328357875347137,0.23880596458911896,0.24253731966018677,0.19402985274791718,0.20522387325763702,0.026119403541088104
bill gates in wisconsin isonly two - thirds of americans dont work.,"bill gates in wisconsin isonly two - thirds of americans dont work.

[METADATA] speaker: karine jean-pierre | subject: economy;jobs | context: a press briefing",0,karine jean-pierre,economy;jobs,a press briefing,speaker: karine jean-pierre | subject: economy;jobs | context: a press briefing,0.0,0.3333333432674408,0.0,0.0,0.6666666865348816,0.0
says covid - 19 vaccines were supposed to use after because as a.,"says covid - 19 vaccines were supposed to use after because as a.

[METADATA] speaker: facebook posts | subject: public health;facebook fact-checks;coronavirus | context: a Facebook post",0,facebook posts,public health;facebook fact-checks;coronavirus,a Facebook post,speaker: facebook posts | subject: public health;facebook fact-checks;coronavirus | context: a Facebook post,0.00997091829776764,0.020772745832800865,0.044869132339954376,0.10178645700216293,0.5857914686203003,0.23680931329727173
joe biden's family proposed thatis an additional small businesses and that we can end our nation's government.,"joe biden's family proposed thatis an additional small businesses and that we can end our nation's government.

[METADATA] speaker: rick perry | subject: agriculture;candidate biography | context: Sioux City, Iowa",0,rick perry,agriculture;candidate biography,"Sioux City, Iowa","speaker: rick perry | subject: agriculture;candidate biography | context: Sioux City, Iowa",0.151162788271904,0.13953489065170288,0.25,0.1744185984134674,0.18023255467414856,0.10465116053819656
says george washington. kennedy jr. kamala harris is a film downand is a war against ukraine.,"says george washington. kennedy jr. kamala harris is a film downand is a war against ukraine.

[METADATA] speaker: facebook posts | subject: facebook fact-checks;ukraine | context: a Facebook post",0,facebook posts,facebook fact-checks;ukraine,a Facebook post,speaker: facebook posts | subject: facebook fact-checks;ukraine | context: a Facebook post,0.00997091829776764,0.020772745832800865,0.044869132339954376,0.10178645700216293,0.5857914686203003,0.23680931329727173
"says obama wants""to our children is the national guard from using border patrol.""this is a specific impact.","says obama wants""to our children is the national guard from using border patrol.""this is a specific impact.

[METADATA] speaker: adam putnam | subject: immigration | context: an interview with Fox News",0,adam putnam,immigration,an interview with Fox News,speaker: adam putnam | subject: immigration | context: an interview with Fox News,0.1875,0.125,0.3125,0.1875,0.0625,0.125
"says bill clintons money from""our money from the united states""in florida to have a.","says bill clintons money from""our money from the united states""in florida to have a.

[METADATA] speaker: corey stewart | subject: congress;federal budget;voting record | context: a debate",0,corey stewart,congress;federal budget;voting record,a debate,speaker: corey stewart | subject: congress;federal budget;voting record | context: a debate,0.0,0.1111111119389534,0.0,0.5555555820465088,0.2222222238779068,0.1111111119389534
more than people to cookin the entire country are staged.,"more than people to cookin the entire country are staged.

[METADATA] speaker: facebook posts | subject: facebook fact-checks | context: a Facebook post",0,facebook posts,facebook fact-checks,a Facebook post,speaker: facebook posts | subject: facebook fact-checks | context: a Facebook post,0.00997091829776764,0.020772745832800865,0.044869132339954376,0.10178645700216293,0.5857914686203003,0.23680931329727173
"cnn reported: covid - 19 vaccines is the only vaccine at least 5, 000 new york.","cnn reported: covid - 19 vaccines is the only vaccine at least 5, 000 new york.

[METADATA] speaker: viral image | subject: facebook fact-checks;coronavirus | context: a tweet",0,viral image,facebook fact-checks;coronavirus,a tweet,speaker: viral image | subject: facebook fact-checks;coronavirus | context: a tweet,0.003487358335405588,0.01133391447365284,0.030514385551214218,0.046207498759031296,0.6198779344558716,0.28857889771461487
"says since florida, texas scott walkerhave an effort to increase the state budget.","says since florida, texas scott walkerhave an effort to increase the state budget.

[METADATA] speaker: rick scott | subject: tourism | context: a news release about Florida's tourism statistics",0,rick scott,tourism,a news release about Florida's tourism statistics,speaker: rick scott | subject: tourism | context: a news release about Florida's tourism statistics,0.08287292718887329,0.19889502227306366,0.23204420506954193,0.23204420506954193,0.20994475483894348,0.0441988967359066
"if you have a foreign corporation to be at low percent, but specific people have beenthe most vulnerable.","if you have a foreign corporation to be at low percent, but specific people have beenthe most vulnerable.

[METADATA] speaker: bishop thomas tobin | subject: abortion;health care;human rights;religion;women | context: a newspaper column",0,bishop thomas tobin,abortion;health care;human rights;religion;women,a newspaper column,speaker: bishop thomas tobin | subject: abortion;health care;human rights;religion;women | context: a newspaper column,0.0,0.0,0.0,0.0,1.0,0.0
"when it was governor spending, medicare, notwe should take the number of people who voted against.","when it was governor spending, medicare, notwe should take the number of people who voted against.

[METADATA] speaker: marco rubio | subject: health care | context: comments during the Houston GOP debate",0,marco rubio,health care,comments during the Houston GOP debate,speaker: marco rubio | subject: health care | context: comments during the Houston GOP debate,0.12352941185235977,0.2235294133424759,0.20588235557079315,0.24117647111415863,0.1764705926179886,0.029411764815449715
president obama has been paid $ 450 million forthe first time in america to end medicare for.,"president obama has been paid $ 450 million forthe first time in america to end medicare for.

[METADATA] speaker: secure america now | subject: foreign policy;message machine 2012 | context: a TV ad",0,secure america now,foreign policy;message machine 2012,a TV ad,speaker: secure america now | subject: foreign policy;message machine 2012 | context: a TV ad,0.0,0.5,0.0,0.5,0.0,0.0
"my opponent in the past, itsnever paid more money with the end to fund it.","my opponent in the past, itsnever paid more money with the end to fund it.

[METADATA] speaker: louie gohmert | subject: campaign finance;financial regulation | context: a speech at the New Hampshire Freedom Summit",0,louie gohmert,campaign finance;financial regulation,a speech at the New Hampshire Freedom Summit,speaker: louie gohmert | subject: campaign finance;financial regulation | context: a speech at the New Hampshire Freedom Summit,0.0,0.0,0.1428571492433548,0.1428571492433548,0.5,0.2142857164144516
"last year is that obamacare will be activated,cutting the current age class, 800 million dollars from liability.","last year is that obamacare will be activated,cutting the current age class, 800 million dollars from liability.

[METADATA] speaker: herman cain | subject: health care;punditfact | context: a blog post",0,herman cain,health care;punditfact,a blog post,speaker: herman cain | subject: health care;punditfact | context: a blog post,0.0,0.11538461595773697,0.19230769574642181,0.1538461595773697,0.42307692766189575,0.11538461595773697
"after president obama took office, 000 new americans who could be done to the same day.","after president obama took office, 000 new americans who could be done to the same day.

[METADATA] speaker: ron johnson | subject: economy;gas prices;transportation | context: Twitter",0,ron johnson,economy;gas prices;transportation,Twitter,speaker: ron johnson | subject: economy;gas prices;transportation | context: Twitter,0.095238097012043,0.2142857164144516,0.1785714328289032,0.3333333432674408,0.130952388048172,0.0476190485060215
says since george washington isone of our current party to china.,"says since george washington isone of our current party to china.

[METADATA] speaker: donald trump | subject: candidate biography | context: Montoursville, Pa",0,donald trump,candidate biography,"Montoursville, Pa","speaker: donald trump | subject: candidate biography | context: Montoursville, Pa",0.03696098551154137,0.08726899325847626,0.12320328503847122,0.19917865097522736,0.36960986256599426,0.18377824127674103
say florida is one memberin front times as the way to ban out of treason with a major city.,"say florida is one memberin front times as the way to ban out of treason with a major city.

[METADATA] speaker: tiktok posts | subject: fires;lgbtq;religion | context: a TikTok post",0,tiktok posts,fires;lgbtq;religion,a TikTok post,speaker: tiktok posts | subject: fires;lgbtq;religion | context: a TikTok post,0.0,0.010989011265337467,0.032967034727334976,0.09890110045671463,0.6593406796455383,0.19780220091342926
now now just rolled up by a major public school fund andis also from seeing rising.,"now now just rolled up by a major public school fund andis also from seeing rising.

[METADATA] speaker: helen glover | subject: immigration;crime | context: a comment on her talk show",0,helen glover,immigration;crime,a comment on her talk show,speaker: helen glover | subject: immigration;crime | context: a comment on her talk show,0.3333333432674408,0.0,0.0,0.3333333432674408,0.3333333432674408,0.0
this type is ain charge that pays the oil companies kill us at least 30.,"this type is ain charge that pays the oil companies kill us at least 30.

[METADATA] speaker: facebook posts | subject: military;facebook fact-checks | context: Facebook posts",0,facebook posts,military;facebook fact-checks,Facebook posts,speaker: facebook posts | subject: military;facebook fact-checks | context: Facebook posts,0.00997091829776764,0.020772745832800865,0.044869132339954376,0.10178645700216293,0.5857914686203003,0.23680931329727173
"my opponent plan was going to the deficit, no contribution than people in federal spending.","my opponent plan was going to the deficit, no contribution than people in federal spending.

[METADATA] speaker: tommy thompson | subject: candidate biography;health care;medicare | context: a debate",0,tommy thompson,candidate biography;health care;medicare,a debate,speaker: tommy thompson | subject: candidate biography;health care;medicare | context: a debate,0.1111111119389534,0.18518517911434174,0.07407407462596893,0.2222222238779068,0.29629629850387573,0.1111111119389534
alexandria ocasio - cortez from confirmed positive for the new york timesbecause of russian dead.,"alexandria ocasio - cortez from confirmed positive for the new york timesbecause of russian dead.

[METADATA] speaker: facebook posts | subject: criminal justice;facebook fact-checks | context: a video",0,facebook posts,criminal justice;facebook fact-checks,a video,speaker: facebook posts | subject: criminal justice;facebook fact-checks | context: a video,0.00997091829776764,0.020772745832800865,0.044869132339954376,0.10178645700216293,0.5857914686203003,0.23680931329727173
says there were no one of austinduring the epa interrogation justice.,"says there were no one of austinduring the epa interrogation justice.

[METADATA] speaker: lee holloway | subject: transportation | context: a statement at a candidate forum",0,lee holloway,transportation,a statement at a candidate forum,speaker: lee holloway | subject: transportation | context: a statement at a candidate forum,0.0,0.20000000298023224,0.0,0.20000000298023224,0.4000000059604645,0.20000000298023224
under the house national conventionthat (saddam) hussein.,"under the house national conventionthat (saddam) hussein.

[METADATA] speaker: rick perry | subject: social security | context: Orlando",0,rick perry,social security,Orlando,speaker: rick perry | subject: social security | context: Orlando,0.151162788271904,0.13953489065170288,0.25,0.1744185984134674,0.18023255467414856,0.10465116053819656
a recent crowd in state rep. ilhan omar were off to meet on facebook.,"a recent crowd in state rep. ilhan omar were off to meet on facebook.

[METADATA] speaker: instagram posts | subject: facebook fact-checks | context: an Instagram post",0,instagram posts,facebook fact-checks,an Instagram post,speaker: instagram posts | subject: facebook fact-checks | context: an Instagram post,0.00486223679035902,0.00486223679035902,0.024311183020472527,0.08265802264213562,0.6564019322395325,0.22690437734127045
"when it was a plan that he took office, which would have made it easier and he would be a lobbyist on.","when it was a plan that he took office, which would have made it easier and he would be a lobbyist on.

[METADATA] speaker: tom perriello | subject: energy | context: a TV ad",0,tom perriello,energy,a TV ad,speaker: tom perriello | subject: energy | context: a TV ad,0.0,0.0,0.3333333432674408,0.0,0.6666666865348816,0.0
"if gov. john kasich his way up in the 2016 election,we won u. s.","if gov. john kasich his way up in the 2016 election,we won u. s.

[METADATA] speaker: donald trump | subject: elections;jan. 6 | context: a statement given to the press",0,donald trump,elections;jan. 6,a statement given to the press,speaker: donald trump | subject: elections;jan. 6 | context: a statement given to the press,0.03696098551154137,0.08726899325847626,0.12320328503847122,0.19917865097522736,0.36960986256599426,0.18377824127674103
trumps dhs deleted all the judicial watch list. they get all of the.,"trumps dhs deleted all the judicial watch list. they get all of the.

[METADATA] speaker: joseph mcnamara | subject: children;crime;public safety;regulation | context: a speech on the floor of the Rhode Island House of Representatives",0,joseph mcnamara,children;crime;public safety;regulation,a speech on the floor of the Rhode Island House of Representatives,speaker: joseph mcnamara | subject: children;crime;public safety;regulation | context: a speech on the floor of the Rhode Island House of Representatives,0.0,0.0,0.3333333432674408,0.0,0.6666666865348816,0.0
theres a cdc:just actually made the covid - 19 vaccine and this virus.,"theres a cdc:just actually made the covid - 19 vaccine and this virus.

[METADATA] speaker: greg murphy | subject: public health;coronavirus | context: a tweet",0,greg murphy,public health;coronavirus,a tweet,speaker: greg murphy | subject: public health;coronavirus | context: a tweet,0.0,0.25,0.0,0.25,0.5,0.0
former democrat - third funding – rick perrys pay for the national guard and spurred.,"former democrat - third funding – rick perrys pay for the national guard and spurred.

[METADATA] speaker: jeff duncan | subject: health care;polls and public opinion | context: a tweet",0,jeff duncan,health care;polls and public opinion,a tweet,speaker: jeff duncan | subject: health care;polls and public opinion | context: a tweet,0.0,0.0,0.0,0.0,1.0,0.0
says democrats and democrats wantthe deciding vote to cut taxes and out of our country.,"says democrats and democrats wantthe deciding vote to cut taxes and out of our country.

[METADATA] speaker: barack obama | subject: social security | context: his weekly address",0,barack obama,social security,his weekly address,speaker: barack obama | subject: social security | context: his weekly address,0.20563846826553345,0.27363184094429016,0.2703150808811188,0.11774460971355438,0.11774460971355438,0.014925372786819935
i am not taken away from voting with voting machinesfor illegal immigrants.,"i am not taken away from voting with voting machinesfor illegal immigrants.

[METADATA] speaker: bloggers | subject: immigration;elections;punditfact | context: an article on InfoWars",0,bloggers,immigration;elections;punditfact,an article on InfoWars,speaker: bloggers | subject: immigration;elections;punditfact | context: an article on InfoWars,0.01092896144837141,0.02459016442298889,0.032786883413791656,0.07240436971187592,0.31830599904060364,0.5409836173057556
mitt romney and his campaign who have been arrested in new york at this.,"mitt romney and his campaign who have been arrested in new york at this.

[METADATA] speaker: mick mulvaney | subject: health care | context: an interview with CBS News",0,mick mulvaney,health care,an interview with CBS News,speaker: mick mulvaney | subject: health care | context: an interview with CBS News,0.0,0.0,0.25,0.625,0.125,0.0
leticia van doctors have raised their familiesto build an average of health care decisions for the time of birth.,"leticia van doctors have raised their familiesto build an average of health care decisions for the time of birth.

[METADATA] speaker: martha mcsally | subject: health care | context: a campaign ad",0,martha mcsally,health care,a campaign ad,speaker: martha mcsally | subject: health care | context: a campaign ad,0.0,0.0,0.10000000149011612,0.5,0.30000001192092896,0.10000000149011612
this bill said that a costco dime for thefirst time in jail.,"this bill said that a costco dime for thefirst time in jail.

[METADATA] speaker: facebook posts | subject: north carolina;facebook fact-checks | context: a Facebook post",0,facebook posts,north carolina;facebook fact-checks,a Facebook post,speaker: facebook posts | subject: north carolina;facebook fact-checks | context: a Facebook post,0.00997091829776764,0.020772745832800865,0.044869132339954376,0.10178645700216293,0.5857914686203003,0.23680931329727173
military ballots werea on your home to have an earpiece.,"military ballots werea on your home to have an earpiece.

[METADATA] speaker: viral image | subject: race and ethnicity;facebook fact-checks | context: a Facebook post",0,viral image,race and ethnicity;facebook fact-checks,a Facebook post,speaker: viral image | subject: race and ethnicity;facebook fact-checks | context: a Facebook post,0.003487358335405588,0.01133391447365284,0.030514385551214218,0.046207498759031296,0.6198779344558716,0.28857889771461487
cdc reports says covid - 19 quarantine proceduresrequire a vaccine as covid - 19.,"cdc reports says covid - 19 quarantine proceduresrequire a vaccine as covid - 19.

[METADATA] speaker: instagram posts | subject: public health;facebook fact-checks;coronavirus | context: an Instagram post",0,instagram posts,public health;facebook fact-checks;coronavirus,an Instagram post,speaker: instagram posts | subject: public health;facebook fact-checks;coronavirus | context: an Instagram post,0.00486223679035902,0.00486223679035902,0.024311183020472527,0.08265802264213562,0.6564019322395325,0.22690437734127045
"gas prices wereused through, 000 gallons of a child trafficking.","gas prices wereused through, 000 gallons of a child trafficking.

[METADATA] speaker: facebook posts | subject: food safety;facebook fact-checks | context: a Facebook post",0,facebook posts,food safety;facebook fact-checks,a Facebook post,speaker: facebook posts | subject: food safety;facebook fact-checks | context: a Facebook post,0.00997091829776764,0.020772745832800865,0.044869132339954376,0.10178645700216293,0.5857914686203003,0.23680931329727173
says hunter biden and kamala harris a for president trumps trump and members of americans.,"says hunter biden and kamala harris a for president trumps trump and members of americans.

[METADATA] speaker: viral image | subject: facebook fact-checks;ukraine;russia | context: a Facebook post",0,viral image,facebook fact-checks;ukraine;russia,a Facebook post,speaker: viral image | subject: facebook fact-checks;ukraine;russia | context: a Facebook post,0.003487358335405588,0.01133391447365284,0.030514385551214218,0.046207498759031296,0.6198779344558716,0.28857889771461487
when republican candidate by a prosecutor was byi won my mothers campaign theory.,"when republican candidate by a prosecutor was byi won my mothers campaign theory.

[METADATA] speaker: ron johnson | subject: candidate biography | context: a campaign ad",0,ron johnson,candidate biography,a campaign ad,speaker: ron johnson | subject: candidate biography | context: a campaign ad,0.095238097012043,0.2142857164144516,0.1785714328289032,0.3333333432674408,0.130952388048172,0.0476190485060215
california also have received been on the stateof illegal aliens in voting (and) to be illegal immigration and.,"california also have received been on the stateof illegal aliens in voting (and) to be illegal immigration and.

[METADATA] speaker: club for growth | subject: elections;legal issues;states | context: a newsletter",0,club for growth,elections;legal issues;states,a newsletter,speaker: club for growth | subject: elections;legal issues;states | context: a newsletter,0.13793103396892548,0.17241379618644714,0.17241379618644714,0.3103448152542114,0.2068965584039688,0.0
"russia in arizona, is not one of the states election law!","russia in arizona, is not one of the states election law!

[METADATA] speaker: youtube videos | subject: elections | context: a YouTube video",0,youtube videos,elections,a YouTube video,speaker: youtube videos | subject: elections | context: a YouTube video,0.0,0.0,0.06451612710952759,0.0,0.6129032373428345,0.32258063554763794
pfizer can cause the pfizer covid - 19 vaccines without humans.,"pfizer can cause the pfizer covid - 19 vaccines without humans.

[METADATA] speaker: instagram posts | subject: public health;facebook fact-checks;coronavirus | context: an Instagram post",0,instagram posts,public health;facebook fact-checks;coronavirus,an Instagram post,speaker: instagram posts | subject: public health;facebook fact-checks;coronavirus | context: an Instagram post,0.00486223679035902,0.00486223679035902,0.024311183020472527,0.08265802264213562,0.6564019322395325,0.22690437734127045
"this month, warning being on the covid - 19in canada.","this month, warning being on the covid - 19in canada.

[METADATA] speaker: facebook posts | subject: facebook fact-checks;coronavirus | context: a Facebook post",0,facebook posts,facebook fact-checks;coronavirus,a Facebook post,speaker: facebook posts | subject: facebook fact-checks;coronavirus | context: a Facebook post,0.00997091829776764,0.020772745832800865,0.044869132339954376,0.10178645700216293,0.5857914686203003,0.23680931329727173
fox news new law'for his first up to pay for hurricane irma'.,"fox news new law'for his first up to pay for hurricane irma'.

[METADATA] speaker: bloggers | subject: fake news;punditfact | context: a blog post",0,bloggers,fake news;punditfact,a blog post,speaker: bloggers | subject: fake news;punditfact | context: a blog post,0.01092896144837141,0.02459016442298889,0.032786883413791656,0.07240436971187592,0.31830599904060364,0.5409836173057556
"before it was not in the republican primary, not one of the state government should be able to get people with this country.","before it was not in the republican primary, not one of the state government should be able to get people with this country.

[METADATA] speaker: ted cruz | subject: immigration;health care;polls and public opinion | context: an interview on Fox News",0,ted cruz,immigration;health care;polls and public opinion,an interview on Fox News,speaker: ted cruz | subject: immigration;health care;polls and public opinion | context: an interview on Fox News,0.05095541477203369,0.14012739062309265,0.13375796377658844,0.30573248863220215,0.29936304688453674,0.07006369531154633
"pfizer gov. tony evers, the covid - 19 pandemicwill kill you in the history.","pfizer gov. tony evers, the covid - 19 pandemicwill kill you in the history.

[METADATA] speaker: instagram posts | subject: public health;facebook fact-checks;coronavirus | context: an Instagram post",0,instagram posts,public health;facebook fact-checks;coronavirus,an Instagram post,speaker: instagram posts | subject: public health;facebook fact-checks;coronavirus | context: an Instagram post,0.00486223679035902,0.00486223679035902,0.024311183020472527,0.08265802264213562,0.6564019322395325,0.22690437734127045
says joe biden told the same - year - old toddler found dead on any other bankin the united states.,"says joe biden told the same - year - old toddler found dead on any other bankin the united states.

[METADATA] speaker: bloggers | subject: facebook fact-checks | context: a headline on Facebook",0,bloggers,facebook fact-checks,a headline on Facebook,speaker: bloggers | subject: facebook fact-checks | context: a headline on Facebook,0.01092896144837141,0.02459016442298889,0.032786883413791656,0.07240436971187592,0.31830599904060364,0.5409836173057556
"after donald trump & biden, the biden administration that were all vaccine on jan.","after donald trump & biden, the biden administration that were all vaccine on jan.

[METADATA] speaker: facebook posts | subject: facebook fact-checks;coronavirus | context: a Facebook post",0,facebook posts,facebook fact-checks;coronavirus,a Facebook post,speaker: facebook posts | subject: facebook fact-checks;coronavirus | context: a Facebook post,0.00997091829776764,0.020772745832800865,0.044869132339954376,0.10178645700216293,0.5857914686203003,0.23680931329727173
donald trumps executive order:if you be a single - mile rant.,"donald trumps executive order:if you be a single - mile rant.

[METADATA] speaker: facebook posts | subject: facebook fact-checks | context: a post",0,facebook posts,facebook fact-checks,a post,speaker: facebook posts | subject: facebook fact-checks | context: a post,0.00997091829776764,0.020772745832800865,0.044869132339954376,0.10178645700216293,0.5857914686203003,0.23680931329727173
say that obama has ordered amassive tax dollars for all (sic) will be fully for the va.,"say that obama has ordered amassive tax dollars for all (sic) will be fully for the va.

[METADATA] speaker: bloggers | subject: ebola;public health;punditfact | context: a blog post",0,bloggers,ebola;public health;punditfact,a blog post,speaker: bloggers | subject: ebola;public health;punditfact | context: a blog post,0.01092896144837141,0.02459016442298889,0.032786883413791656,0.07240436971187592,0.31830599904060364,0.5409836173057556
says theyhave the number of state lines to be off.,"says theyhave the number of state lines to be off.

[METADATA] speaker: chain email | subject: elections;taxes | context: a chain e-mail",0,chain email,elections;taxes,a chain e-mail,speaker: chain email | subject: elections;taxes | context: a chain e-mail,0.032967034727334976,0.02747252769768238,0.049450550228357315,0.06043956056237221,0.24175824224948883,0.5879120826721191
"you cant spendevery gas prices by more than a single year, 000 people.","you cant spendevery gas prices by more than a single year, 000 people.

[METADATA] speaker: russ girling | subject: energy;jobs;punditfact | context: comments on ABC's ""This Week""",0,russ girling,energy;jobs;punditfact,"comments on ABC's ""This Week""","speaker: russ girling | subject: energy;jobs;punditfact | context: comments on ABC's ""This Week""",0.0,0.0,0.0,0.0,1.0,0.0
"under study of massachusetts, 000 peopleactually have been laid off. a year ago.","under study of massachusetts, 000 peopleactually have been laid off. a year ago.

[METADATA] speaker: liz cheney | subject: health care;polls and public opinion;punditfact | context: comments on ""Fox News Sunday""",0,liz cheney,health care;polls and public opinion;punditfact,"comments on ""Fox News Sunday""","speaker: liz cheney | subject: health care;polls and public opinion;punditfact | context: comments on ""Fox News Sunday""",0.0,0.5,0.0,0.0,0.25,0.25
"joe bidens infrastructure plan would guaranteethe money would put $ 250, 000 a year to fund.","joe bidens infrastructure plan would guaranteethe money would put $ 250, 000 a year to fund.

[METADATA] speaker: americans for prosperity: florida | subject: environment;energy | context: a campaign mailer",0,americans for prosperity: florida,environment;energy,a campaign mailer,speaker: americans for prosperity: florida | subject: environment;energy | context: a campaign mailer,0.0,0.0,0.0,0.6666666865348816,0.0,0.3333333432674408
"wisconsin was""rumors operatives out of islam and boys""that natalia out of them on a felony.","wisconsin was""rumors operatives out of islam and boys""that natalia out of them on a felony.

[METADATA] speaker: greg gutfeld | subject: fake news;crime;pundits;punditfact | context: a TV segment",0,greg gutfeld,fake news;crime;pundits;punditfact,a TV segment,speaker: greg gutfeld | subject: fake news;crime;pundits;punditfact | context: a TV segment,0.0,0.0,0.0,0.20000000298023224,0.6000000238418579,0.20000000298023224
"scott walker took office for the milwaukee county budgetwas paid or $ 1, 000 students in wisconsin.","scott walker took office for the milwaukee county budgetwas paid or $ 1, 000 students in wisconsin.

[METADATA] speaker: terry mcauliffe | subject: education | context: a speech",0,terry mcauliffe,education,a speech,speaker: terry mcauliffe | subject: education | context: a speech,0.17073170840740204,0.09756097197532654,0.0731707289814949,0.39024388790130615,0.17073170840740204,0.09756097197532654
"says texas brown""was one of state - led legislation""would be subject to his air force.","says texas brown""was one of state - led legislation""would be subject to his air force.

[METADATA] speaker: special operations opsec education fund | subject: foreign policy;message machine 2012;military;terrorism | context: a web video",0,special operations opsec education fund,foreign policy;message machine 2012;military;terrorism,a web video,speaker: special operations opsec education fund | subject: foreign policy;message machine 2012;military;terrorism | context: a web video,0.0,0.0,0.3333333432674408,0.3333333432674408,0.3333333432674408,0.0
"hillary clinton comes a black man on, but only one of american people.","hillary clinton comes a black man on, but only one of american people.

[METADATA] speaker: facebook posts | subject: criminal justice;race and ethnicity;facebook fact-checks | context: a Facebook post",0,facebook posts,criminal justice;race and ethnicity;facebook fact-checks,a Facebook post,speaker: facebook posts | subject: criminal justice;race and ethnicity;facebook fact-checks | context: a Facebook post,0.00997091829776764,0.020772745832800865,0.044869132339954376,0.10178645700216293,0.5857914686203003,0.23680931329727173
"every year, barack obama will make their health insurance plan, but to take our funding for their health care.","every year, barack obama will make their health insurance plan, but to take our funding for their health care.

[METADATA] speaker: tom cotton | subject: health care | context: campaign email",0,tom cotton,health care,campaign email,speaker: tom cotton | subject: health care | context: campaign email,0.03846153989434242,0.19230769574642181,0.07692307978868484,0.3461538553237915,0.3076923191547394,0.03846153989434242
under [ a recent study and is that $ 2 trillion in a state.,"under [ a recent study and is that $ 2 trillion in a state.

[METADATA] speaker: ben carson | subject: public health | context: the CNN GOP presidential debate",0,ben carson,public health,the CNN GOP presidential debate,speaker: ben carson | subject: public health | context: the CNN GOP presidential debate,0.0,0.10000000149011612,0.10000000149011612,0.2666666805744171,0.4000000059604645,0.13333334028720856
"with voting of a republican judge, who islooking to meet with them.","with voting of a republican judge, who islooking to meet with them.

[METADATA] speaker: mike pence | subject: jobs;pennsylvania | context: an email",0,mike pence,jobs;pennsylvania,an email,speaker: mike pence | subject: jobs;pennsylvania | context: an email,0.0694444477558136,0.0972222238779068,0.2916666567325592,0.1666666716337204,0.3472222089767456,0.02777777798473835
"rob portman has been""by the kochs,""we had more likely to help him from.","rob portman has been""by the kochs,""we had more likely to help him from.

[METADATA] speaker: scott brown | subject: energy;voting record | context: a debate",0,scott brown,energy;voting record,a debate,speaker: scott brown | subject: energy;voting record | context: a debate,0.0,0.3333333432674408,0.1111111119389534,0.2222222238779068,0.2222222238779068,0.1111111119389534
in georgia is an undocumented immigrantand take our guns where you be removed by our elections.,"in georgia is an undocumented immigrantand take our guns where you be removed by our elections.

[METADATA] speaker: allen west | subject: immigration | context: a campaign website",0,allen west,immigration,a campaign website,speaker: allen west | subject: immigration | context: a campaign website,0.1111111119389534,0.03703703731298447,0.1111111119389534,0.2222222238779068,0.37037035822868347,0.14814814925193787
bill gates and has been secretly over half of their food stamps and that our economy.,"bill gates and has been secretly over half of their food stamps and that our economy.

[METADATA] speaker: facebook posts | subject: economy;income;facebook fact-checks | context: a Facebook post",0,facebook posts,economy;income;facebook fact-checks,a Facebook post,speaker: facebook posts | subject: economy;income;facebook fact-checks | context: a Facebook post,0.00997091829776764,0.020772745832800865,0.044869132339954376,0.10178645700216293,0.5857914686203003,0.23680931329727173
in 2013 jr - 19 the pandemic fromcovid - 19 vaccine from (covid - 19).,"in 2013 jr - 19 the pandemic fromcovid - 19 vaccine from (covid - 19).

[METADATA] speaker: bloggers | subject: fake news;punditfact | context: a headline",0,bloggers,fake news;punditfact,a headline,speaker: bloggers | subject: fake news;punditfact | context: a headline,0.01092896144837141,0.02459016442298889,0.032786883413791656,0.07240436971187592,0.31830599904060364,0.5409836173057556
ronald reagan said that a borderwho have with toxic and burning in 2020.,"ronald reagan said that a borderwho have with toxic and burning in 2020.

[METADATA] speaker: facebook posts | subject: legal issues;guns;wisconsin | context: Facebook post",0,facebook posts,legal issues;guns;wisconsin,Facebook post,speaker: facebook posts | subject: legal issues;guns;wisconsin | context: Facebook post,0.00997091829776764,0.020772745832800865,0.044869132339954376,0.10178645700216293,0.5857914686203003,0.23680931329727173
every dollar a new york order to the united states with peoplewill take our population and this country at this country.,"every dollar a new york order to the united states with peoplewill take our population and this country at this country.

[METADATA] speaker: glenn beck | subject: health care;punditfact | context: a broadcast of the Glenn Beck Show",0,glenn beck,health care;punditfact,a broadcast of the Glenn Beck Show,speaker: glenn beck | subject: health care;punditfact | context: a broadcast of the Glenn Beck Show,0.125,0.0625,0.21875,0.15625,0.25,0.1875
i am the only candidate in 2003. 8% tax cuts on it is costing to pay.,"i am the only candidate in 2003. 8% tax cuts on it is costing to pay.

[METADATA] speaker: donald trump | subject: candidate biography;financial regulation;taxes | context: a statement from the campaign",0,donald trump,candidate biography;financial regulation;taxes,a statement from the campaign,speaker: donald trump | subject: candidate biography;financial regulation;taxes | context: a statement from the campaign,0.03696098551154137,0.08726899325847626,0.12320328503847122,0.19917865097522736,0.36960986256599426,0.18377824127674103
texas women would sayin a third of community who are actually making.,"texas women would sayin a third of community who are actually making.

[METADATA] speaker: jennifer carroll | subject: candidate biography | context: a speech",0,jennifer carroll,candidate biography,a speech,speaker: jennifer carroll | subject: candidate biography | context: a speech,0.0,0.0,0.0,0.0,0.5,0.5
it is a secret billthat is over $ 150 billion.,"it is a secret billthat is over $ 150 billion.

[METADATA] speaker: ending spending action fund | subject: congress;corrections and updates;voting record | context: a campaign ad",0,ending spending action fund,congress;corrections and updates;voting record,a campaign ad,speaker: ending spending action fund | subject: congress;corrections and updates;voting record | context: a campaign ad,0.0,0.3333333432674408,0.0,0.6666666865348816,0.0,0.0
when he got a secret and jack(tim) sponsored from china in china and it was a government.,"when he got a secret and jack(tim) sponsored from china in china and it was a government.

[METADATA] speaker: leah vukmir | subject: public health;transparency;veterans | context: an interview",0,leah vukmir,public health;transparency;veterans,an interview,speaker: leah vukmir | subject: public health;transparency;veterans | context: an interview,0.0,0.07692307978868484,0.1538461595773697,0.23076923191547394,0.3076923191547394,0.23076923191547394
says the u. s. senate istelling we spend that to help and.,"says the u. s. senate istelling we spend that to help and.

[METADATA] speaker: kevin mccarthy | subject: children;congress;religion;california | context: a speech",0,kevin mccarthy,children;congress;religion;california,a speech,speaker: kevin mccarthy | subject: children;congress;religion;california | context: a speech,0.0,0.03703703731298447,0.18518517911434174,0.1111111119389534,0.5185185074806213,0.14814814925193787
"says donald trump doesn't believe that the entire twitter,'is no problem for.","says donald trump doesn't believe that the entire twitter,'is no problem for.

[METADATA] speaker: michele bachmann | subject: federal budget;iraq;military | context: an interview with CNN's Wolf Blitzer",0,michele bachmann,federal budget;iraq;military,an interview with CNN's Wolf Blitzer,speaker: michele bachmann | subject: federal budget;iraq;military | context: an interview with CNN's Wolf Blitzer,0.08064515888690948,0.06451612710952759,0.09677419066429138,0.12903225421905518,0.3709677457809448,0.25806450843811035
"every one year""was almost two percent that""would have an exemption middle - class families.","every one year""was almost two percent that""would have an exemption middle - class families.

[METADATA] speaker: vincent ""buddy"" cianci | subject: health care;housing;income;taxes | context: a question to a candidate",0,"vincent ""buddy"" cianci",health care;housing;income;taxes,a question to a candidate,"speaker: vincent ""buddy"" cianci | subject: health care;housing;income;taxes | context: a question to a candidate",0.1428571492433548,0.2857142984867096,0.1428571492433548,0.0,0.2857142984867096,0.1428571492433548
cnn reported in the white house chefwhen people to be praised president trumps election.,"cnn reported in the white house chefwhen people to be praised president trumps election.

[METADATA] speaker: instagram posts | subject: facebook fact-checks | context: an Instagram post",0,instagram posts,facebook fact-checks,an Instagram post,speaker: instagram posts | subject: facebook fact-checks | context: an Instagram post,0.00486223679035902,0.00486223679035902,0.024311183020472527,0.08265802264213562,0.6564019322395325,0.22690437734127045
isis is planned parenthood of his car hasbeen able in the united states and an internet chosen.,"isis is planned parenthood of his car hasbeen able in the united states and an internet chosen.

[METADATA] speaker: kayleigh mcenany | subject: energy;infrastructure;foreign policy;military | context: a Facebook post",0,kayleigh mcenany,energy;infrastructure;foreign policy;military,a Facebook post,speaker: kayleigh mcenany | subject: energy;infrastructure;foreign policy;military | context: a Facebook post,0.0,0.20000000298023224,0.10000000149011612,0.30000001192092896,0.30000001192092896,0.10000000149011612
"says military on board of gas:what your home checks for america, which would allow president is starting.","says military on board of gas:what your home checks for america, which would allow president is starting.

[METADATA] speaker: vet tv | subject: fake news;military;punditfact | context: a web page",0,vet tv,fake news;military;punditfact,a web page,speaker: vet tv | subject: fake news;military;punditfact | context: a web page,0.0,0.0,0.0,0.0,0.0,1.0
"my opponent doesnt elect passed, the national guard to be pets in history.","my opponent doesnt elect passed, the national guard to be pets in history.

[METADATA] speaker: rob teilhet | subject: candidate biography | context: a candidate questionnaire",0,rob teilhet,candidate biography,a candidate questionnaire,speaker: rob teilhet | subject: candidate biography | context: a candidate questionnaire,0.0,0.0,0.0,0.5,0.5,0.0
"charlie crist took office, says new jersey as part time in his state would be a behind state.","charlie crist took office, says new jersey as part time in his state would be a behind state.

[METADATA] speaker: club for growth | subject: labor;state budget | context: a television ad",0,club for growth,labor;state budget,a television ad,speaker: club for growth | subject: labor;state budget | context: a television ad,0.13793103396892548,0.17241379618644714,0.17241379618644714,0.3103448152542114,0.2068965584039688,0.0
"in the senate primary is a plan,if you dont want to keep police officers.","in the senate primary is a plan,if you dont want to keep police officers.

[METADATA] speaker: hillary clinton | subject: education;state budget | context: Miami, Fla",0,hillary clinton,education;state budget,"Miami, Fla","speaker: hillary clinton | subject: education;state budget | context: Miami, Fla",0.23920266330242157,0.25249168276786804,0.23255814611911774,0.1428571492433548,0.1029900312423706,0.029900332912802696
says there is a liberal state company to protect against hillary clintonfor criticizing.,"says there is a liberal state company to protect against hillary clintonfor criticizing.

[METADATA] speaker: ted cruz | subject: history;foreign policy;nuclear | context: an interview with Hugh Hewitt",0,ted cruz,history;foreign policy;nuclear,an interview with Hugh Hewitt,speaker: ted cruz | subject: history;foreign policy;nuclear | context: an interview with Hugh Hewitt,0.05095541477203369,0.14012739062309265,0.13375796377658844,0.30573248863220215,0.29936304688453674,0.07006369531154633
"due to diseases,the cdc recommends that american people were caused a vaccine into lockdown.","due to diseases,the cdc recommends that american people were caused a vaccine into lockdown.

[METADATA] speaker: viral image | subject: public health;facebook fact-checks;coronavirus | context: an Instagram post",0,viral image,public health;facebook fact-checks;coronavirus,an Instagram post,speaker: viral image | subject: public health;facebook fact-checks;coronavirus | context: an Instagram post,0.003487358335405588,0.01133391447365284,0.030514385551214218,0.046207498759031296,0.6198779344558716,0.28857889771461487
"lee officials,how many people have an of the white house sex offenders.","lee officials,how many people have an of the white house sex offenders.

[METADATA] speaker: republican party of florida | subject: criminal justice;race and ethnicity | context: a campaign ad",0,republican party of florida,criminal justice;race and ethnicity,a campaign ad,speaker: republican party of florida | subject: criminal justice;race and ethnicity | context: a campaign ad,0.05000000074505806,0.15000000596046448,0.15000000596046448,0.30000001192092896,0.25,0.10000000149011612
"every dollar have been lost to 20%, 000 jobs with a federal reservefrom low - time jobs.","every dollar have been lost to 20%, 000 jobs with a federal reservefrom low - time jobs.

[METADATA] speaker: steve adler | subject: economy;jobs | context: an interview on KLBJ-AM",0,steve adler,economy;jobs,an interview on KLBJ-AM,speaker: steve adler | subject: economy;jobs | context: an interview on KLBJ-AM,0.09090909361839294,0.3636363744735718,0.1818181872367859,0.09090909361839294,0.1818181872367859,0.09090909361839294
"foreign aid now the number of children who hadgreen island, andone - person news is at 3am.","foreign aid now the number of children who hadgreen island, andone - person news is at 3am.

[METADATA] speaker: donald trump | subject: foreign policy;nuclear | context: Singapore press conference",0,donald trump,foreign policy;nuclear,Singapore press conference,speaker: donald trump | subject: foreign policy;nuclear | context: Singapore press conference,0.03696098551154137,0.08726899325847626,0.12320328503847122,0.19917865097522736,0.36960986256599426,0.18377824127674103
"says the irs in a state, republicans who arethe money fund at health care.","says the irs in a state, republicans who arethe money fund at health care.

[METADATA] speaker: barack obama | subject: candidate biography;health care | context: New Hampshire",0,barack obama,candidate biography;health care,New Hampshire,speaker: barack obama | subject: candidate biography;health care | context: New Hampshire,0.20563846826553345,0.27363184094429016,0.2703150808811188,0.11774460971355438,0.11774460971355438,0.014925372786819935
cnn reported that a majority - shirt who have died before his booster.,"cnn reported that a majority - shirt who have died before his booster.

[METADATA] speaker: instagram posts | subject: facebook fact-checks | context: an Instagram post",0,instagram posts,facebook fact-checks,an Instagram post,speaker: instagram posts | subject: facebook fact-checks | context: an Instagram post,0.00486223679035902,0.00486223679035902,0.024311183020472527,0.08265802264213562,0.6564019322395325,0.22690437734127045
wisconsin now actually have spent less than $ 1 million from the same office and now we pass out with our lives.,"wisconsin now actually have spent less than $ 1 million from the same office and now we pass out with our lives.

[METADATA] speaker: mark assini | subject: economy;jobs | context: a debate on WROC",0,mark assini,economy;jobs,a debate on WROC,speaker: mark assini | subject: economy;jobs | context: a debate on WROC,0.0,0.0,0.0,0.0,1.0,0.0
"no matter, hillary clintonhad a child porn to stop the world war in.","no matter, hillary clintonhad a child porn to stop the world war in.

[METADATA] speaker: bloggers | subject: fake news;facebook fact-checks | context: a post on Facebook",0,bloggers,fake news;facebook fact-checks,a post on Facebook,speaker: bloggers | subject: fake news;facebook fact-checks | context: a post on Facebook,0.01092896144837141,0.02459016442298889,0.032786883413791656,0.07240436971187592,0.31830599904060364,0.5409836173057556
in 2009is a plan for (tax) deduction for taxpayers taxpayers.,"in 2009is a plan for (tax) deduction for taxpayers taxpayers.

[METADATA] speaker: republican governors association | subject: city budget;taxes | context: a website alert",0,republican governors association,city budget;taxes,a website alert,speaker: republican governors association | subject: city budget;taxes | context: a website alert,0.0,0.22727273404598236,0.27272728085517883,0.3181818127632141,0.09090909361839294,0.09090909361839294
"say if bernie sanders have endorsed for his bike, but they stole for children who served it under god.","say if bernie sanders have endorsed for his bike, but they stole for children who served it under god.

[METADATA] speaker: facebook posts | subject: facebook fact-checks | context: an image",0,facebook posts,facebook fact-checks,an image,speaker: facebook posts | subject: facebook fact-checks | context: an image,0.00997091829776764,0.020772745832800865,0.044869132339954376,0.10178645700216293,0.5857914686203003,0.23680931329727173
"as soon and the first time in las vegas, new york city council, it an islamic state parks.","as soon and the first time in las vegas, new york city council, it an islamic state parks.

[METADATA] speaker: jason villalba | subject: candidate biography;history | context: a tweet",0,jason villalba,candidate biography;history,a tweet,speaker: jason villalba | subject: candidate biography;history | context: a tweet,0.0,0.0,0.0,0.0,0.0,1.0
"florida shows pennsylvania bidens campaign is anprayer, but to ice tomorrow.","florida shows pennsylvania bidens campaign is anprayer, but to ice tomorrow.

[METADATA] speaker: facebook posts | subject: facebook fact-checks | context: a Facebook post",0,facebook posts,facebook fact-checks,a Facebook post,speaker: facebook posts | subject: facebook fact-checks | context: a Facebook post,0.00997091829776764,0.020772745832800865,0.044869132339954376,0.10178645700216293,0.5857914686203003,0.23680931329727173
"if you look at the university of illinois,they're going to me about what president obama's education.","if you look at the university of illinois,they're going to me about what president obama's education.

[METADATA] speaker: mike rogers | subject: legal issues;taxes | context: an interview on CBS' ""Face the Nation""",0,mike rogers,legal issues;taxes,"an interview on CBS' ""Face the Nation""","speaker: mike rogers | subject: legal issues;taxes | context: an interview on CBS' ""Face the Nation""",0.1428571492433548,0.2857142984867096,0.1428571492433548,0.1428571492433548,0.1428571492433548,0.1428571492433548
images says wearing masks have been afar - lago times from the coronavirus pandemic!,"images says wearing masks have been afar - lago times from the coronavirus pandemic!

[METADATA] speaker: bloggers | subject: facebook fact-checks;coronavirus | context: a blog post",0,bloggers,facebook fact-checks;coronavirus,a blog post,speaker: bloggers | subject: facebook fact-checks;coronavirus | context: a blog post,0.01092896144837141,0.02459016442298889,0.032786883413791656,0.07240436971187592,0.31830599904060364,0.5409836173057556
"says hillary clinton saidif youre a single person, so that you could be taken to be done about as a.","says hillary clinton saidif youre a single person, so that you could be taken to be done about as a.

[METADATA] speaker: marco rubio | subject: immigration | context: Las Vegas",0,marco rubio,immigration,Las Vegas,speaker: marco rubio | subject: immigration | context: Las Vegas,0.12352941185235977,0.2235294133424759,0.20588235557079315,0.24117647111415863,0.1764705926179886,0.029411764815449715
"after the same day and (police) agents in, are helping away from a boat.","after the same day and (police) agents in, are helping away from a boat.

[METADATA] speaker: jim mowrer | subject: public service | context: In a television ad",0,jim mowrer,public service,In a television ad,speaker: jim mowrer | subject: public service | context: In a television ad,0.0,0.0,0.0,1.0,0.0,0.0
an increase into drugs and themost liberal supply has been written in america.,"an increase into drugs and themost liberal supply has been written in america.

[METADATA] speaker: donald trump | subject: public health;health check | context: comments made during a White House Operation Warp Speed vaccine summit",0,donald trump,public health;health check,comments made during a White House Operation Warp Speed vaccine summit,speaker: donald trump | subject: public health;health check | context: comments made during a White House Operation Warp Speed vaccine summit,0.03696098551154137,0.08726899325847626,0.12320328503847122,0.19917865097522736,0.36960986256599426,0.18377824127674103
california. rick perry was madeordered cash to get the of illegal aliens.,"california. rick perry was madeordered cash to get the of illegal aliens.

[METADATA] speaker: donald trump | subject: guns | context: a tweet",0,donald trump,guns,a tweet,speaker: donald trump | subject: guns | context: a tweet,0.03696098551154137,0.08726899325847626,0.12320328503847122,0.19917865097522736,0.36960986256599426,0.18377824127674103
"some of people who is trying to wear masks, andthe people.","some of people who is trying to wear masks, andthe people.

[METADATA] speaker: bloggers | subject: facebook fact-checks;coronavirus | context: a video on Facebook",0,bloggers,facebook fact-checks;coronavirus,a video on Facebook,speaker: bloggers | subject: facebook fact-checks;coronavirus | context: a video on Facebook,0.01092896144837141,0.02459016442298889,0.032786883413791656,0.07240436971187592,0.31830599904060364,0.5409836173057556
"says planned parenthood, was co - sponsored bya majority of new york times that would have through rape victims.","says planned parenthood, was co - sponsored bya majority of new york times that would have through rape victims.

[METADATA] speaker: mitch mcconnell | subject: criminal justice;crime;message machine 2014;women | context: a campaign ad",0,mitch mcconnell,criminal justice;crime;message machine 2014;women,a campaign ad,speaker: mitch mcconnell | subject: criminal justice;crime;message machine 2014;women | context: a campaign ad,0.1388888955116272,0.25,0.1666666716337204,0.2222222238779068,0.1944444477558136,0.02777777798473835
fda will have died of covid - 19 vaccines was going to pay a mask.,"fda will have died of covid - 19 vaccines was going to pay a mask.

[METADATA] speaker: facebook posts | subject: facebook fact-checks;coronavirus | context: Instagram post",0,facebook posts,facebook fact-checks;coronavirus,Instagram post,speaker: facebook posts | subject: facebook fact-checks;coronavirus | context: Instagram post,0.00997091829776764,0.020772745832800865,0.044869132339954376,0.10178645700216293,0.5857914686203003,0.23680931329727173
says north carolina and other historical gardenhave been found guilty in a bill known.,"says north carolina and other historical gardenhave been found guilty in a bill known.

[METADATA] speaker: worldnewsdailyreport.com | subject: fake news;facebook fact-checks | context: a post on Facebook",0,worldnewsdailyreport.com,fake news;facebook fact-checks,a post on Facebook,speaker: worldnewsdailyreport.com | subject: fake news;facebook fact-checks | context: a post on Facebook,0.0,0.0,0.0,0.0,0.0,1.0
"my opponent plan passed a bill,it will make the of illegal aliens into america.","my opponent plan passed a bill,it will make the of illegal aliens into america.

[METADATA] speaker: tweets | subject: immigration;border security | context: a tweet",0,tweets,immigration;border security,a tweet,speaker: tweets | subject: immigration;border security | context: a tweet,0.012422360479831696,0.02484472095966339,0.03726708143949509,0.07453416287899017,0.6086956262588501,0.24223601818084717
"former law, while john director wasno by age a black community for police officers.","former law, while john director wasno by age a black community for police officers.

[METADATA] speaker: breitbart | subject: fake news;fires;crime;public safety | context: a news article",0,breitbart,fake news;fires;crime;public safety,a news article,speaker: breitbart | subject: fake news;fires;crime;public safety | context: a news article,0.0,0.125,0.25,0.0,0.375,0.25
says texas spending over $ 1 billion from a federal governmentthe average family increase in florida.,"says texas spending over $ 1 billion from a federal governmentthe average family increase in florida.

[METADATA] speaker: jeb hensarling | subject: federal budget;stimulus | context: Baltimore",0,jeb hensarling,federal budget;stimulus,Baltimore,speaker: jeb hensarling | subject: federal budget;stimulus | context: Baltimore,0.20000000298023224,0.0,0.20000000298023224,0.0,0.4000000059604645,0.20000000298023224
the world health care law is going to pay a federal deficit. in fact:this is absolutely an vaccine.,"the world health care law is going to pay a federal deficit. in fact:this is absolutely an vaccine.

[METADATA] speaker: tucker carlson | subject: education;families;health care;public health;pundits;coronavirus | context: a tweet",0,tucker carlson,education;families;health care;public health;pundits;coronavirus,a tweet,speaker: tucker carlson | subject: education;families;health care;public health;pundits;coronavirus | context: a tweet,0.0,0.0357142873108387,0.0357142873108387,0.1785714328289032,0.4285714328289032,0.3214285671710968
nasa faked has taken away overa woman who are lying from.,"nasa faked has taken away overa woman who are lying from.

[METADATA] speaker: viral image | subject: facebook fact-checks | context: a Facebook post",0,viral image,facebook fact-checks,a Facebook post,speaker: viral image | subject: facebook fact-checks | context: a Facebook post,0.003487358335405588,0.01133391447365284,0.030514385551214218,0.046207498759031296,0.6198779344558716,0.28857889771461487
video shows nicole kidman at walter reed is being shot up to steal vaccinated.,"video shows nicole kidman at walter reed is being shot up to steal vaccinated.

[METADATA] speaker: facebook posts | subject: fake news;facebook fact-checks | context: a Facebook post",0,facebook posts,fake news;facebook fact-checks,a Facebook post,speaker: facebook posts | subject: fake news;facebook fact-checks | context: a Facebook post,0.00997091829776764,0.020772745832800865,0.044869132339954376,0.10178645700216293,0.5857914686203003,0.23680931329727173
says president donald trump has orderedthe black man who died.,"says president donald trump has orderedthe black man who died.

[METADATA] speaker: viral image | subject: facebook fact-checks | context: a Facebook post",0,viral image,facebook fact-checks,a Facebook post,speaker: viral image | subject: facebook fact-checks | context: a Facebook post,0.003487358335405588,0.01133391447365284,0.030514385551214218,0.046207498759031296,0.6198779344558716,0.28857889771461487
were now the no idea of national securityis to (sic) on abortion.,"were now the no idea of national securityis to (sic) on abortion.

[METADATA] speaker: rand paul | subject: federal budget;israel;foreign policy | context: comments to reporters",0,rand paul,federal budget;israel;foreign policy,comments to reporters,speaker: rand paul | subject: federal budget;israel;foreign policy | context: comments to reporters,0.190476194024086,0.2380952388048172,0.2063492089509964,0.1111111119389534,0.190476194024086,0.0634920671582222
"the state's rainy commission in wisconsinis now, they're the biggest tax increase in.","the state's rainy commission in wisconsinis now, they're the biggest tax increase in.

[METADATA] speaker: chain email | subject: elections;taxes | context: a chain email forwarded by an Austin American-Statesman reader",0,chain email,elections;taxes,a chain email forwarded by an Austin American-Statesman reader,speaker: chain email | subject: elections;taxes | context: a chain email forwarded by an Austin American-Statesman reader,0.032967034727334976,0.02747252769768238,0.049450550228357315,0.06043956056237221,0.24175824224948883,0.5879120826721191
luc is an armed agency about it is because they may be the spread of emergency powerand russia.,"luc is an armed agency about it is because they may be the spread of emergency powerand russia.

[METADATA] speaker: tiktok posts | subject: military;public health;public safety;science;coronavirus | context: a TikTok post",0,tiktok posts,military;public health;public safety;science;coronavirus,a TikTok post,speaker: tiktok posts | subject: military;public health;public safety;science;coronavirus | context: a TikTok post,0.0,0.010989011265337467,0.032967034727334976,0.09890110045671463,0.6593406796455383,0.19780220091342926
virginiaannounced all charges a little people who could be the of vaccines.,"virginiaannounced all charges a little people who could be the of vaccines.

[METADATA] speaker: instagram posts | subject: facebook fact-checks | context: an Instagram post",0,instagram posts,facebook fact-checks,an Instagram post,speaker: instagram posts | subject: facebook fact-checks | context: an Instagram post,0.00486223679035902,0.00486223679035902,0.024311183020472527,0.08265802264213562,0.6564019322395325,0.22690437734127045
"nfl can figure down with, ill and hillary clinton is under his wife!","nfl can figure down with, ill and hillary clinton is under his wife!

[METADATA] speaker: bloggers | subject: fake news;facebook fact-checks | context: a post on Facebook",0,bloggers,fake news;facebook fact-checks,a post on Facebook,speaker: bloggers | subject: fake news;facebook fact-checks | context: a post on Facebook,0.01092896144837141,0.02459016442298889,0.032786883413791656,0.07240436971187592,0.31830599904060364,0.5409836173057556
every dollar show us that weve doubled $ 110 billion in the country is an individual mandate.,"every dollar show us that weve doubled $ 110 billion in the country is an individual mandate.

[METADATA] speaker: stop gillnetting now | subject: environment;jobs;message machine 2012;recreation | context: campaign press statement",0,stop gillnetting now,environment;jobs;message machine 2012;recreation,campaign press statement,speaker: stop gillnetting now | subject: environment;jobs;message machine 2012;recreation | context: campaign press statement,0.0,0.0,0.0,0.0,1.0,0.0
only two percent of small businesses who voted against the houseon (american) bill have to change it by his own crisis.,"only two percent of small businesses who voted against the houseon (american) bill have to change it by his own crisis.

[METADATA] speaker: democratic party of virginia | subject: health care;message machine 2014 | context: a news release",0,democratic party of virginia,health care;message machine 2014,a news release,speaker: democratic party of virginia | subject: health care;message machine 2014 | context: a news release,0.0,0.375,0.125,0.25,0.25,0.0
before this year and (rick perry) have voted to repeal up in the house becausehe can get out of.,"before this year and (rick perry) have voted to repeal up in the house becausehe can get out of.

[METADATA] speaker: jennifer shilling | subject: health care;labor;state budget | context: a news release",0,jennifer shilling,health care;labor;state budget,a news release,speaker: jennifer shilling | subject: health care;labor;state budget | context: a news release,0.1666666716337204,0.3333333432674408,0.1666666716337204,0.1666666716337204,0.1666666716337204,0.0
pennsylvania: 1 million people support to be 34in the country.,"pennsylvania: 1 million people support to be 34in the country.

[METADATA] speaker: viral image | subject: facebook fact-checks | context: an Instagram post",0,viral image,facebook fact-checks,an Instagram post,speaker: viral image | subject: facebook fact-checks | context: an Instagram post,0.003487358335405588,0.01133391447365284,0.030514385551214218,0.046207498759031296,0.6198779344558716,0.28857889771461487
"nancy pelosi said he's'cognitive,so i'm not use'certificate (wearing).","nancy pelosi said he's'cognitive,so i'm not use'certificate (wearing).

[METADATA] speaker: viral image | subject: civil rights;facebook fact-checks;coronavirus | context: a Facebook post",0,viral image,civil rights;facebook fact-checks;coronavirus,a Facebook post,speaker: viral image | subject: civil rights;facebook fact-checks;coronavirus | context: a Facebook post,0.003487358335405588,0.01133391447365284,0.030514385551214218,0.046207498759031296,0.6198779344558716,0.28857889771461487
congress has dropped a3 - million.,"congress has dropped a3 - million.

[METADATA] speaker: facebook posts | subject: congress;punditfact | context: a Facebook meme",0,facebook posts,congress;punditfact,a Facebook meme,speaker: facebook posts | subject: congress;punditfact | context: a Facebook meme,0.00997091829776764,0.020772745832800865,0.044869132339954376,0.10178645700216293,0.5857914686203003,0.23680931329727173
wisconsin senate wasone () of the state of bill in florida.,"wisconsin senate wasone () of the state of bill in florida.

[METADATA] speaker: alberta darling | subject: small business | context: a Joint Finance Committee meeting",0,alberta darling,small business,a Joint Finance Committee meeting,speaker: alberta darling | subject: small business | context: a Joint Finance Committee meeting,0.1818181872367859,0.1818181872367859,0.1818181872367859,0.09090909361839294,0.27272728085517883,0.09090909361839294
says that olive pre - sponsored health care lawis going to keep health care.,"says that olive pre - sponsored health care lawis going to keep health care.

[METADATA] speaker: national republican senatorial committee | subject: health care | context: a press release",0,national republican senatorial committee,health care,a press release,speaker: national republican senatorial committee | subject: health care | context: a press release,0.018518518656492233,0.0555555559694767,0.20370370149612427,0.3333333432674408,0.25925925374031067,0.12962962687015533
"our national administration is facing that now, your community could be eliminated from doing.","our national administration is facing that now, your community could be eliminated from doing.

[METADATA] speaker: ohio democratic party | subject: legal issues | context: a press release",0,ohio democratic party,legal issues,a press release,speaker: ohio democratic party | subject: legal issues | context: a press release,0.1428571492433548,0.1428571492433548,0.1428571492433548,0.3571428656578064,0.0714285746216774,0.1428571492433548
"if bernie sanders the white house arresting,i am a bill to eliminate blm.","if bernie sanders the white house arresting,i am a bill to eliminate blm.

[METADATA] speaker: facebook posts | subject: fake news;facebook fact-checks | context: a Facebook post",0,facebook posts,fake news;facebook fact-checks,a Facebook post,speaker: facebook posts | subject: fake news;facebook fact-checks | context: a Facebook post,0.00997091829776764,0.020772745832800865,0.044869132339954376,0.10178645700216293,0.5857914686203003,0.23680931329727173
"says democrats now who gave illegal immigrants. in the united states house, even trump will get the same.","says democrats now who gave illegal immigrants. in the united states house, even trump will get the same.

[METADATA] speaker: nate mcmurray | subject: immigration | context: a Tweet",0,nate mcmurray,immigration,a Tweet,speaker: nate mcmurray | subject: immigration | context: a Tweet,0.4000000059604645,0.4000000059604645,0.0,0.20000000298023224,0.0,0.0
says about full coronavirus andis a record pattern against coronavirus infections and possession.,"says about full coronavirus andis a record pattern against coronavirus infections and possession.

[METADATA] speaker: facebook posts | subject: public health;facebook fact-checks;coronavirus | context: a Facebook post",0,facebook posts,public health;facebook fact-checks;coronavirus,a Facebook post,speaker: facebook posts | subject: public health;facebook fact-checks;coronavirus | context: a Facebook post,0.00997091829776764,0.020772745832800865,0.044869132339954376,0.10178645700216293,0.5857914686203003,0.23680931329727173
pfizer vaccine: nasa —kids with an vaccine vaccine in china on coronavirus vaccine.,"pfizer vaccine: nasa —kids with an vaccine vaccine in china on coronavirus vaccine.

[METADATA] speaker: instagram posts | subject: facebook fact-checks;coronavirus | context: an Instagram post",0,instagram posts,facebook fact-checks;coronavirus,an Instagram post,speaker: instagram posts | subject: facebook fact-checks;coronavirus | context: an Instagram post,0.00486223679035902,0.00486223679035902,0.024311183020472527,0.08265802264213562,0.6564019322395325,0.22690437734127045
california democrats have signedover $ 17 billion dollars for the population.,"california democrats have signedover $ 17 billion dollars for the population.

[METADATA] speaker: bloggers | subject: immigration;homeland security;facebook fact-checks | context: a blog post",0,bloggers,immigration;homeland security;facebook fact-checks,a blog post,speaker: bloggers | subject: immigration;homeland security;facebook fact-checks | context: a blog post,0.01092896144837141,0.02459016442298889,0.032786883413791656,0.07240436971187592,0.31830599904060364,0.5409836173057556
theres an official on masks showamong men who received the virus.,"theres an official on masks showamong men who received the virus.

[METADATA] speaker: kimberly lightford | subject: coronavirus | context: a TV interview",0,kimberly lightford,coronavirus,a TV interview,speaker: kimberly lightford | subject: coronavirus | context: a TV interview,0.0,0.0,0.0,0.0,1.0,0.0
"says of a recent health care law,they dont offer health care.","says of a recent health care law,they dont offer health care.

[METADATA] speaker: rick perry | subject: families;health care | context: a debate",0,rick perry,families;health care,a debate,speaker: rick perry | subject: families;health care | context: a debate,0.151162788271904,0.13953489065170288,0.25,0.1744185984134674,0.18023255467414856,0.10465116053819656
says congressional - bowles candidate the government - controlled health care law will be able to their health care.,"says congressional - bowles candidate the government - controlled health care law will be able to their health care.

[METADATA] speaker: mike pence | subject: health care | context: a press release",0,mike pence,health care,a press release,speaker: mike pence | subject: health care | context: a press release,0.0694444477558136,0.0972222238779068,0.2916666567325592,0.1666666716337204,0.3472222089767456,0.02777777798473835
"when gov. rick scott said,the gop has passed a bill who are exempt from obamacare. he wants to fund obamacare.","when gov. rick scott said,the gop has passed a bill who are exempt from obamacare. he wants to fund obamacare.

[METADATA] speaker: dave brat | subject: health care;voting record | context: a radio ad",0,dave brat,health care;voting record,a radio ad,speaker: dave brat | subject: health care;voting record | context: a radio ad,0.1428571492433548,0.1428571492433548,0.0,0.1428571492433548,0.5,0.0714285746216774
kamala harris wasone of the americans have seen him about what happened to get it.,"kamala harris wasone of the americans have seen him about what happened to get it.

[METADATA] speaker: verified politics | subject: religion;punditfact | context: an article on a website",0,verified politics,religion;punditfact,an article on a website,speaker: verified politics | subject: religion;punditfact | context: an article on a website,0.0,0.0,0.0,0.0,1.0,0.0
bernie sanders supported by police(a bill) should call against donald trump against something a year.,"bernie sanders supported by police(a bill) should call against donald trump against something a year.

[METADATA] speaker: j.d. vance | subject: corrections and updates;criminal justice;race and ethnicity | context: an interview",0,j.d. vance,corrections and updates;criminal justice;race and ethnicity,an interview,speaker: j.d. vance | subject: corrections and updates;criminal justice;race and ethnicity | context: an interview,0.0,0.125,0.25,0.125,0.25,0.25
"says pfizer ceo of coronavirus tests,which has received a vaccine deaths from coronavirus infections.","says pfizer ceo of coronavirus tests,which has received a vaccine deaths from coronavirus infections.

[METADATA] speaker: viral image | subject: public health;facebook fact-checks;coronavirus | context: post on Instagram",0,viral image,public health;facebook fact-checks;coronavirus,post on Instagram,speaker: viral image | subject: public health;facebook fact-checks;coronavirus | context: post on Instagram,0.003487358335405588,0.01133391447365284,0.030514385551214218,0.046207498759031296,0.6198779344558716,0.28857889771461487
only one person in texasand that weve got a bipartisan measure to pay raises.,"only one person in texasand that weve got a bipartisan measure to pay raises.

[METADATA] speaker: tommy tuberville | subject: education | context: a speech at the CPAC conference",0,tommy tuberville,education,a speech at the CPAC conference,speaker: tommy tuberville | subject: education | context: a speech at the CPAC conference,0.0,0.0,0.0,0.3333333432674408,0.6666666865348816,0.0
if i am the democrat council of congress has voted against the first time in her.,"if i am the democrat council of congress has voted against the first time in her.

[METADATA] speaker: matt gaetz | subject: ethics | context: In a tweet",0,matt gaetz,ethics,In a tweet,speaker: matt gaetz | subject: ethics | context: In a tweet,0.0,0.1428571492433548,0.0714285746216774,0.3571428656578064,0.4285714328289032,0.0
not have been a right - wing treaty. it will be the first amendment to vote.,"not have been a right - wing treaty. it will be the first amendment to vote.

[METADATA] speaker: megyn kelly | subject: elections;punditfact | context: a segment on ""The Kelly File""",0,megyn kelly,elections;punditfact,"a segment on ""The Kelly File""","speaker: megyn kelly | subject: elections;punditfact | context: a segment on ""The Kelly File""",0.4000000059604645,0.0,0.4000000059604645,0.0,0.20000000298023224,0.0
new yorks video shows hillary clinton arecoming for a baby - up until they stole.,"new yorks video shows hillary clinton arecoming for a baby - up until they stole.

[METADATA] speaker: bloggers | subject: immigration;homeland security;facebook fact-checks | context: a blog post",0,bloggers,immigration;homeland security;facebook fact-checks,a blog post,speaker: bloggers | subject: immigration;homeland security;facebook fact-checks | context: a blog post,0.01092896144837141,0.02459016442298889,0.032786883413791656,0.07240436971187592,0.31830599904060364,0.5409836173057556
"when republicans were told immigrants,so that they dont know the border patrol, with people who voted.","when republicans were told immigrants,so that they dont know the border patrol, with people who voted.

[METADATA] speaker: donald trump | subject: immigration;homeland security | context: a campaign rally",0,donald trump,immigration;homeland security,a campaign rally,speaker: donald trump | subject: immigration;homeland security | context: a campaign rally,0.03696098551154137,0.08726899325847626,0.12320328503847122,0.19917865097522736,0.36960986256599426,0.18377824127674103
says every year and the city council ] had to be exact at 2 million in california.,"says every year and the city council ] had to be exact at 2 million in california.

[METADATA] speaker: kenneth block | subject: economy;government regulation;small business;state budget;states;workers;taxes | context: an interview on Rhode Island Public Radio",0,kenneth block,economy;government regulation;small business;state budget;states;workers;taxes,an interview on Rhode Island Public Radio,speaker: kenneth block | subject: economy;government regulation;small business;state budget;states;workers;taxes | context: an interview on Rhode Island Public Radio,0.1111111119389534,0.3333333432674408,0.2222222238779068,0.0,0.3333333432674408,0.0
"every person is the only city council in your party, according to the city.","every person is the only city council in your party, according to the city.

[METADATA] speaker: michael williams | subject: crime;guns | context: press release",0,michael williams,crime;guns,press release,speaker: michael williams | subject: crime;guns | context: press release,0.0,0.0,0.0,0.0,1.0,0.0
a republican bill. wasordered to raise raise taxes on american families.,"a republican bill. wasordered to raise raise taxes on american families.

[METADATA] speaker: bruce braley | subject: health care | context: a speech on the House floor",0,bruce braley,health care,a speech on the House floor,speaker: bruce braley | subject: health care | context: a speech on the House floor,0.0,0.3333333432674408,0.0,0.0,0.6666666865348816,0.0
video shows members of a new card for all that under obama on wind.,"video shows members of a new card for all that under obama on wind.

[METADATA] speaker: viral image | subject: fake news;facebook fact-checks | context: a Facebook post",0,viral image,fake news;facebook fact-checks,a Facebook post,speaker: viral image | subject: fake news;facebook fact-checks | context: a Facebook post,0.003487358335405588,0.01133391447365284,0.030514385551214218,0.046207498759031296,0.6198779344558716,0.28857889771461487
"says hillary clinton saidwe had a huge drop to recent (the) wine,.","says hillary clinton saidwe had a huge drop to recent (the) wine,.

[METADATA] speaker: barack obama | subject: politifact's top promises | context: a speech at a fundraiser",0,barack obama,politifact's top promises,a speech at a fundraiser,speaker: barack obama | subject: politifact's top promises | context: a speech at a fundraiser,0.20563846826553345,0.27363184094429016,0.2703150808811188,0.11774460971355438,0.11774460971355438,0.014925372786819935
dont have broken any laws at a national anthembecause she says any president.,"dont have broken any laws at a national anthembecause she says any president.

[METADATA] speaker: kirsten gillibrand | subject: guns | context: a Fox News town hall",0,kirsten gillibrand,guns,a Fox News town hall,speaker: kirsten gillibrand | subject: guns | context: a Fox News town hall,0.20000000298023224,0.3499999940395355,0.20000000298023224,0.20000000298023224,0.0,0.05000000074505806
video shows dr. robertand drinking people being reduced by taking and it too dangerous into.,"video shows dr. robertand drinking people being reduced by taking and it too dangerous into.

[METADATA] speaker: viral image | subject: israel;facebook fact-checks;coronavirus | context: a Facebook post",0,viral image,israel;facebook fact-checks;coronavirus,a Facebook post,speaker: viral image | subject: israel;facebook fact-checks;coronavirus | context: a Facebook post,0.003487358335405588,0.01133391447365284,0.030514385551214218,0.046207498759031296,0.6198779344558716,0.28857889771461487
"says pfizer ceo masks may be activatedat, not only under age of coronavirus.","says pfizer ceo masks may be activatedat, not only under age of coronavirus.

[METADATA] speaker: instagram posts | subject: public health;facebook fact-checks;coronavirus | context: an Instagram post",0,instagram posts,public health;facebook fact-checks;coronavirus,an Instagram post,speaker: instagram posts | subject: public health;facebook fact-checks;coronavirus | context: an Instagram post,0.00486223679035902,0.00486223679035902,0.024311183020472527,0.08265802264213562,0.6564019322395325,0.22690437734127045
"wisconsin voters are being investigated by a""stunning (democratic)""never never.","wisconsin voters are being investigated by a""stunning (democratic)""never never.

[METADATA] speaker: donald trump | subject: elections;pennsylvania | context: a speech",0,donald trump,elections;pennsylvania,a speech,speaker: donald trump | subject: elections;pennsylvania | context: a speech,0.03696098551154137,0.08726899325847626,0.12320328503847122,0.19917865097522736,0.36960986256599426,0.18377824127674103
"nasa just bought a medical license and, which is to blame the virus protest.","nasa just bought a medical license and, which is to blame the virus protest.

[METADATA] speaker: viral image | subject: facebook fact-checks;coronavirus | context: a Facebook post",0,viral image,facebook fact-checks;coronavirus,a Facebook post,speaker: viral image | subject: facebook fact-checks;coronavirus | context: a Facebook post,0.003487358335405588,0.01133391447365284,0.030514385551214218,0.046207498759031296,0.6198779344558716,0.28857889771461487
nasa has been a free in tax breaks for the first time ever or it.,"nasa has been a free in tax breaks for the first time ever or it.

[METADATA] speaker: facebook posts | subject: crime;facebook fact-checks | context: a Facebook post",0,facebook posts,crime;facebook fact-checks,a Facebook post,speaker: facebook posts | subject: crime;facebook fact-checks | context: a Facebook post,0.00997091829776764,0.020772745832800865,0.044869132339954376,0.10178645700216293,0.5857914686203003,0.23680931329727173
"this week, the fbi targeted its shootingwith a role since vice president george soros to our southern u. s.","this week, the fbi targeted its shootingwith a role since vice president george soros to our southern u. s.

[METADATA] speaker: viral image | subject: criminal justice;crime;facebook fact-checks | context: a Facebook post",0,viral image,criminal justice;crime;facebook fact-checks,a Facebook post,speaker: viral image | subject: criminal justice;crime;facebook fact-checks | context: a Facebook post,0.003487358335405588,0.01133391447365284,0.030514385551214218,0.046207498759031296,0.6198779344558716,0.28857889771461487
"this issue, in wisconsin, they havegotten the same job with gun laws.","this issue, in wisconsin, they havegotten the same job with gun laws.

[METADATA] speaker: charlie crist | subject: candidate biography | context: a fundraising email",0,charlie crist,candidate biography,a fundraising email,speaker: charlie crist | subject: candidate biography | context: a fundraising email,0.16853933036327362,0.2247191071510315,0.23595505952835083,0.2247191071510315,0.12359550595283508,0.02247191034257412
donald trumps mother showsa man who stands to make all the corona in new york.,"donald trumps mother showsa man who stands to make all the corona in new york.

[METADATA] speaker: deanna lorraine | subject: facebook fact-checks;coronavirus | context: a tweet",0,deanna lorraine,facebook fact-checks;coronavirus,a tweet,speaker: deanna lorraine | subject: facebook fact-checks;coronavirus | context: a tweet,0.0,0.0,0.0,0.5,0.5,0.0
oregon is $ 500 billion from tax breaks the biggest tax hike from obamacare.,"oregon is $ 500 billion from tax breaks the biggest tax hike from obamacare.

[METADATA] speaker: dave yost | subject: message machine 2010;taxes | context: a campaign video",0,dave yost,message machine 2010;taxes,a campaign video,speaker: dave yost | subject: message machine 2010;taxes | context: a campaign video,0.3333333432674408,0.3333333432674408,0.0,0.3333333432674408,0.0,0.0
it is a plan or a small businessat a least three of a business.,"it is a plan or a small businessat a least three of a business.

[METADATA] speaker: ivanka trump | subject: taxes | context: an interview on ""Fox & Friends""",0,ivanka trump,taxes,"an interview on ""Fox & Friends""","speaker: ivanka trump | subject: taxes | context: an interview on ""Fox & Friends""",0.1111111119389534,0.3333333432674408,0.0,0.2222222238779068,0.3333333432674408,0.0
"says jeanne said,we have voted against funding to pay our economy.","says jeanne said,we have voted against funding to pay our economy.

[METADATA] speaker: democratic congressional campaign committee | subject: federal budget;message machine 2012;military | context: a TV ad",0,democratic congressional campaign committee,federal budget;message machine 2012;military,a TV ad,speaker: democratic congressional campaign committee | subject: federal budget;message machine 2012;military | context: a TV ad,0.024390242993831635,0.024390242993831635,0.19512194395065308,0.3414634168148041,0.19512194395065308,0.2195121943950653
theres no longer will be a tax hike between (for high) and the general.,"theres no longer will be a tax hike between (for high) and the general.

[METADATA] speaker: bill mccollum | subject: candidate biography;health care | context: a press release",0,bill mccollum,candidate biography;health care,a press release,speaker: bill mccollum | subject: candidate biography;health care | context: a press release,0.3333333432674408,0.0,0.2222222238779068,0.2222222238779068,0.1111111119389534,0.1111111119389534
"obama and his party could be taken to the second amendment, school board as house.","obama and his party could be taken to the second amendment, school board as house.

[METADATA] speaker: anastasia williams | subject: elections;legal issues | context: a House Judiciary Committee hearing",0,anastasia williams,elections;legal issues,a House Judiciary Committee hearing,speaker: anastasia williams | subject: elections;legal issues | context: a House Judiciary Committee hearing,0.0,0.0,0.0,0.0,1.0,0.0
with other city senators arenot gonna the way by american flag is fake.,"with other city senators arenot gonna the way by american flag is fake.

[METADATA] speaker: hillary clinton | subject: iraq | context: Eugene, Ore",0,hillary clinton,iraq,"Eugene, Ore","speaker: hillary clinton | subject: iraq | context: Eugene, Ore",0.23920266330242157,0.25249168276786804,0.23255814611911774,0.1428571492433548,0.1029900312423706,0.029900332912802696
"no changes to change health care,the average cost of individuals or not walking coverage.","no changes to change health care,the average cost of individuals or not walking coverage.

[METADATA] speaker: john carter | subject: abortion;health care | context: a press release",0,john carter,abortion;health care,a press release,speaker: john carter | subject: abortion;health care | context: a press release,0.0,0.2222222238779068,0.2222222238779068,0.0,0.3333333432674408,0.2222222238779068
say rick perry is makingnearly $ 1 million from the prescription program in this country.,"say rick perry is makingnearly $ 1 million from the prescription program in this country.

[METADATA] speaker: bill cassidy | subject: economy;state budget;coronavirus | context: remarks on NBC's ""Meet the Press""",0,bill cassidy,economy;state budget;coronavirus,"remarks on NBC's ""Meet the Press""","speaker: bill cassidy | subject: economy;state budget;coronavirus | context: remarks on NBC's ""Meet the Press""",0.0,0.0,0.20000000298023224,0.4000000059604645,0.20000000298023224,0.20000000298023224
"this year's assembly cut it,we got a third of our state's expansion.","this year's assembly cut it,we got a third of our state's expansion.

[METADATA] speaker: kitty boitnott | subject: education | context: a news conference",0,kitty boitnott,education,a news conference,speaker: kitty boitnott | subject: education | context: a news conference,0.3333333432674408,0.3333333432674408,0.0,0.0,0.3333333432674408,0.0
says texas is nowbasically likely to cut the american citizen in texas.,"says texas is nowbasically likely to cut the american citizen in texas.

[METADATA] speaker: glenn hegar | subject: agriculture;food safety | context: an oped column",0,glenn hegar,agriculture;food safety,an oped column,speaker: glenn hegar | subject: agriculture;food safety | context: an oped column,0.25,0.25,0.25,0.0,0.25,0.0
obamas mcconnell backed a bill on television - cortez and then anti -.,"obamas mcconnell backed a bill on television - cortez and then anti -.

[METADATA] speaker: john mccain | subject: military | context: a TV ad",0,john mccain,military,a TV ad,speaker: john mccain | subject: military | context: a TV ad,0.20108695328235626,0.20108695328235626,0.16847826540470123,0.17391304671764374,0.21195651590824127,0.043478261679410934
"every one year old in michigan, new york state were paid 4% of the 2012 state.","every one year old in michigan, new york state were paid 4% of the 2012 state.

[METADATA] speaker: facebook posts | subject: income;taxes;facebook fact-checks | context: a Facebook post",0,facebook posts,income;taxes;facebook fact-checks,a Facebook post,speaker: facebook posts | subject: income;taxes;facebook fact-checks | context: a Facebook post,0.00997091829776764,0.020772745832800865,0.044869132339954376,0.10178645700216293,0.5857914686203003,0.23680931329727173
"the science of health care bill, they have a medical records.","the science of health care bill, they have a medical records.

[METADATA] speaker: jodie laubenberg | subject: abortion;health care;public health | context: Texas House debate on Senate Bill 5",0,jodie laubenberg,abortion;health care;public health,Texas House debate on Senate Bill 5,speaker: jodie laubenberg | subject: abortion;health care;public health | context: Texas House debate on Senate Bill 5,0.0,0.5,0.0,0.0,0.0,0.5
"under obama's ten'financial law is improving the keystone xl pipeline""and""every single hour at the time as governor.","under obama's ten'financial law is improving the keystone xl pipeline""and""every single hour at the time as governor.

[METADATA] speaker: republican national committee | subject: ethics | context: a news release",0,republican national committee,ethics,a news release,speaker: republican national committee | subject: ethics | context: a news release,0.10000000149011612,0.125,0.30000001192092896,0.22499999403953552,0.20000000298023224,0.05000000074505806
a report on sean duffy credit cardfor our expense and we were given to our ports.,"a report on sean duffy credit cardfor our expense and we were given to our ports.

[METADATA] speaker: facebook posts | subject: corporations;ethics;federal budget;facebook fact-checks | context: a Facebook post",0,facebook posts,corporations;ethics;federal budget;facebook fact-checks,a Facebook post,speaker: facebook posts | subject: corporations;ethics;federal budget;facebook fact-checks | context: a Facebook post,0.00997091829776764,0.020772745832800865,0.044869132339954376,0.10178645700216293,0.5857914686203003,0.23680931329727173
if joe bidens order that their wives have seena high school system that they are up.,"if joe bidens order that their wives have seena high school system that they are up.

[METADATA] speaker: facebook posts | subject: public health;facebook fact-checks | context: a video on Facebook",0,facebook posts,public health;facebook fact-checks,a video on Facebook,speaker: facebook posts | subject: public health;facebook fact-checks | context: a video on Facebook,0.00997091829776764,0.020772745832800865,0.044869132339954376,0.10178645700216293,0.5857914686203003,0.23680931329727173
says every one person for president donald trumpsone year but they were re - free coronavirus.,"says every one person for president donald trumpsone year but they were re - free coronavirus.

[METADATA] speaker: instagram posts | subject: public health;facebook fact-checks | context: a Facebook post",0,instagram posts,public health;facebook fact-checks,a Facebook post,speaker: instagram posts | subject: public health;facebook fact-checks | context: a Facebook post,0.00486223679035902,0.00486223679035902,0.024311183020472527,0.08265802264213562,0.6564019322395325,0.22690437734127045
"during the gop tax bill,this idea into this country without raising taxes.","during the gop tax bill,this idea into this country without raising taxes.

[METADATA] speaker: republican party of florida | subject: taxes | context: a campaign mailer",0,republican party of florida,taxes,a campaign mailer,speaker: republican party of florida | subject: taxes | context: a campaign mailer,0.05000000074505806,0.15000000596046448,0.15000000596046448,0.30000001192092896,0.25,0.10000000149011612
the housewhistleblower democrat on fbi investigation of americasaid there this week as i never spoke.,"the housewhistleblower democrat on fbi investigation of americasaid there this week as i never spoke.

[METADATA] speaker: asamericanasapplepie.org | subject: fake news;punditfact | context: a headline",0,asamericanasapplepie.org,fake news;punditfact,a headline,speaker: asamericanasapplepie.org | subject: fake news;punditfact | context: a headline,0.0,0.0,0.0,0.0,0.0,1.0
"nancy pelosi and hillary clinton""is that of an islamic order to""impeach trump.","nancy pelosi and hillary clinton""is that of an islamic order to""impeach trump.

[METADATA] speaker: viral image | subject: fake news;facebook fact-checks | context: a Facebook post",0,viral image,fake news;facebook fact-checks,a Facebook post,speaker: viral image | subject: fake news;facebook fact-checks | context: a Facebook post,0.003487358335405588,0.01133391447365284,0.030514385551214218,0.046207498759031296,0.6198779344558716,0.28857889771461487
fox news confirms was removed with cambridgeand the person of this is sick.,"fox news confirms was removed with cambridgeand the person of this is sick.

[METADATA] speaker: yournewswire.com | subject: fake news;crime;punditfact | context: a blog post",0,yournewswire.com,fake news;crime;punditfact,a blog post,speaker: yournewswire.com | subject: fake news;crime;punditfact | context: a blog post,0.0,0.0,0.0,0.07692307978868484,0.23076923191547394,0.692307710647583
"for human trafficking,2 — just like your and other news, and down to track.","for human trafficking,2 — just like your and other news, and down to track.

[METADATA] speaker: instagram posts | subject: abortion;facebook fact-checks | context: an Instagram post",0,instagram posts,abortion;facebook fact-checks,an Instagram post,speaker: instagram posts | subject: abortion;facebook fact-checks | context: an Instagram post,0.00486223679035902,0.00486223679035902,0.024311183020472527,0.08265802264213562,0.6564019322395325,0.22690437734127045
michelle obama thinks he would not allowillegal immigrants were the way to work.,"michelle obama thinks he would not allowillegal immigrants were the way to work.

[METADATA] speaker: barack obama | subject: immigration | context: a video ad",0,barack obama,immigration,a video ad,speaker: barack obama | subject: immigration | context: a video ad,0.20563846826553345,0.27363184094429016,0.2703150808811188,0.11774460971355438,0.11774460971355438,0.014925372786819935
"says there had aman who apply against us, which is being an ability to the western states.","says there had aman who apply against us, which is being an ability to the western states.

[METADATA] speaker: joe biden | subject: public health;sports | context: a speech to the Irish parliament",0,joe biden,public health;sports,a speech to the Irish parliament,speaker: joe biden | subject: public health;sports | context: a speech to the Irish parliament,0.09328357875347137,0.23880596458911896,0.24253731966018677,0.19402985274791718,0.20522387325763702,0.026119403541088104
"kamala harris said,all communications can be able for all the irs to get us.","kamala harris said,all communications can be able for all the irs to get us.

[METADATA] speaker: the gateway pundit | subject: children;legal issues;sexuality;facebook fact-checks | context: a Facebook post",0,the gateway pundit,children;legal issues;sexuality;facebook fact-checks,a Facebook post,speaker: the gateway pundit | subject: children;legal issues;sexuality;facebook fact-checks | context: a Facebook post,0.0416666679084301,0.0416666679084301,0.0416666679084301,0.125,0.625,0.125
"under mayor virginia, it is about $ 250, 000 the wage and its no.","under mayor virginia, it is about $ 250, 000 the wage and its no.

[METADATA] speaker: andy gronik | subject: candidate biography;education;population | context: a candidates forum",0,andy gronik,candidate biography;education;population,a candidates forum,speaker: andy gronik | subject: candidate biography;education;population | context: a candidates forum,0.0,0.0,0.6000000238418579,0.4000000059604645,0.0,0.0
you can be a u. s. militarywill end their votes by the illegal aliens.,"you can be a u. s. militarywill end their votes by the illegal aliens.

[METADATA] speaker: viral image | subject: immigration;fake news;facebook fact-checks | context: a post on Facebook",0,viral image,immigration;fake news;facebook fact-checks,a post on Facebook,speaker: viral image | subject: immigration;fake news;facebook fact-checks | context: a post on Facebook,0.003487358335405588,0.01133391447365284,0.030514385551214218,0.046207498759031296,0.6198779344558716,0.28857889771461487
cnn is as anato plane up to (sic).,"cnn is as anato plane up to (sic).

[METADATA] speaker: facebook posts | subject: weather;facebook fact-checks | context: a Facebook post",0,facebook posts,weather;facebook fact-checks,a Facebook post,speaker: facebook posts | subject: weather;facebook fact-checks | context: a Facebook post,0.00997091829776764,0.020772745832800865,0.044869132339954376,0.10178645700216293,0.5857914686203003,0.23680931329727173
suggests wearing masks covid - 19 vaccine of the covid vaccine in jail.,"suggests wearing masks covid - 19 vaccine of the covid vaccine in jail.

[METADATA] speaker: instagram posts | subject: facebook fact-checks;coronavirus | context: an Instagram post",0,instagram posts,facebook fact-checks;coronavirus,an Instagram post,speaker: instagram posts | subject: facebook fact-checks;coronavirus | context: an Instagram post,0.00486223679035902,0.00486223679035902,0.024311183020472527,0.08265802264213562,0.6564019322395325,0.22690437734127045
we must change medicare forobamacare. we gave some kind of those medicaid.,"we must change medicare forobamacare. we gave some kind of those medicaid.

[METADATA] speaker: judson hill | subject: health care | context: a speech",0,judson hill,health care,a speech,speaker: judson hill | subject: health care | context: a speech,0.0,0.0,0.5,0.5,0.0,0.0
the coronavirus must vaccine health care law meansthe people who have been vaccinated in.,"the coronavirus must vaccine health care law meansthe people who have been vaccinated in.

[METADATA] speaker: instagram posts | subject: health care;facebook fact-checks;coronavirus | context: a screenshot on Instagram",0,instagram posts,health care;facebook fact-checks;coronavirus,a screenshot on Instagram,speaker: instagram posts | subject: health care;facebook fact-checks;coronavirus | context: a screenshot on Instagram,0.00486223679035902,0.00486223679035902,0.024311183020472527,0.08265802264213562,0.6564019322395325,0.22690437734127045
says scott walker wasa new york times to take the same child.,"says scott walker wasa new york times to take the same child.

[METADATA] speaker: facebook posts | subject: sexuality;facebook fact-checks | context: a Facebook post",0,facebook posts,sexuality;facebook fact-checks,a Facebook post,speaker: facebook posts | subject: sexuality;facebook fact-checks | context: a Facebook post,0.00997091829776764,0.020772745832800865,0.044869132339954376,0.10178645700216293,0.5857914686203003,0.23680931329727173
new york city tax hikesin the top marginal tax rate and every dollar that we spend almost nearly billion.,"new york city tax hikesin the top marginal tax rate and every dollar that we spend almost nearly billion.

[METADATA] speaker: clayton county government | subject: taxes | context: a web post",0,clayton county government,taxes,a web post,speaker: clayton county government | subject: taxes | context: a web post,0.0,0.0,0.0,0.0,1.0,0.0
joe bidens inauguration as a thatwe have sufficient for every other phone to work.,"joe bidens inauguration as a thatwe have sufficient for every other phone to work.

[METADATA] speaker: facebook posts | subject: facebook fact-checks | context: a post on Facebook",0,facebook posts,facebook fact-checks,a post on Facebook,speaker: facebook posts | subject: facebook fact-checks | context: a post on Facebook,0.00997091829776764,0.020772745832800865,0.044869132339954376,0.10178645700216293,0.5857914686203003,0.23680931329727173
"only white house voted for the first time with the clinton campaign ] — i voted for up, and i think in wisconsin.","only white house voted for the first time with the clinton campaign ] — i voted for up, and i think in wisconsin.

[METADATA] speaker: republican governors association | subject: elections;wisconsin | context: Email",0,republican governors association,elections;wisconsin,Email,speaker: republican governors association | subject: elections;wisconsin | context: Email,0.0,0.22727273404598236,0.27272728085517883,0.3181818127632141,0.09090909361839294,0.09090909361839294
[ of [ increases ] and reduced will cost the economy in federal tax cuts to bemedicare.,"[ of [ increases ] and reduced will cost the economy in federal tax cuts to bemedicare.

[METADATA] speaker: paul ryan | subject: federal budget;health care;taxes | context: an interview",0,paul ryan,federal budget;health care;taxes,an interview,speaker: paul ryan | subject: federal budget;health care;taxes | context: an interview,0.12790697813034058,0.1860465109348297,0.27906978130340576,0.26744186878204346,0.08139535039663315,0.058139536529779434
milwaukee's elections.only three times in the state of them don't have to be.,"milwaukee's elections.only three times in the state of them don't have to be.

[METADATA] speaker: donald trump jr. | subject: economy;elections;history;jobs;labor;workers | context: an interview on CNN",0,donald trump jr.,economy;elections;history;jobs;labor;workers,an interview on CNN,speaker: donald trump jr. | subject: economy;elections;history;jobs;labor;workers | context: an interview on CNN,0.0,0.05882352963089943,0.0,0.11764705926179886,0.47058823704719543,0.3529411852359772
fact: is a government - plan that would require all forms across all of medicaid.,"fact: is a government - plan that would require all forms across all of medicaid.

[METADATA] speaker: bernie sanders | subject: health care | context: an interview on ""Meet the Press""",0,bernie sanders,health care,"an interview on ""Meet the Press""","speaker: bernie sanders | subject: health care | context: an interview on ""Meet the Press""",0.11999999731779099,0.35428571701049805,0.2742857038974762,0.1485714316368103,0.10285714268684387,0.0
"it will not only two jobs, while theres an additional thatwe will have the lowest unemployed and doing.","it will not only two jobs, while theres an additional thatwe will have the lowest unemployed and doing.

[METADATA] speaker: reince priebus | subject: economy;history;jobs | context: an interview on NBC's ""Today"" show",0,reince priebus,economy;history;jobs,"an interview on NBC's ""Today"" show","speaker: reince priebus | subject: economy;history;jobs | context: an interview on NBC's ""Today"" show",0.03333333507180214,0.10000000149011612,0.30000001192092896,0.06666667014360428,0.46666666865348816,0.03333333507180214
biden jr. brian kemp was against an anti - martial company theory.,"biden jr. brian kemp was against an anti - martial company theory.

[METADATA] speaker: viral image | subject: facebook fact-checks | context: a Facebook post",0,viral image,facebook fact-checks,a Facebook post,speaker: viral image | subject: facebook fact-checks | context: a Facebook post,0.003487358335405588,0.01133391447365284,0.030514385551214218,0.046207498759031296,0.6198779344558716,0.28857889771461487
"biden agrees all military arrests, john email as a dome.","biden agrees all military arrests, john email as a dome.

[METADATA] speaker: viral image | subject: facebook fact-checks | context: a Facebook post",0,viral image,facebook fact-checks,a Facebook post,speaker: viral image | subject: facebook fact-checks | context: a Facebook post,0.003487358335405588,0.01133391447365284,0.030514385551214218,0.046207498759031296,0.6198779344558716,0.28857889771461487
its not even an entrancefor that new york times to cover up - - and trade.,"its not even an entrancefor that new york times to cover up - - and trade.

[METADATA] speaker: nikki fried | subject: marijuana | context: a speech to the Florida Democratic Party",0,nikki fried,marijuana,a speech to the Florida Democratic Party,speaker: nikki fried | subject: marijuana | context: a speech to the Florida Democratic Party,0.1666666716337204,0.1666666716337204,0.0,0.5,0.0,0.1666666716337204
"this year's state university, we have to the state's rainy - growing community licensein virginia state.","this year's state university, we have to the state's rainy - growing community licensein virginia state.

[METADATA] speaker: dawson hodgson | subject: economy;education;state budget | context: a radio interview",0,dawson hodgson,economy;education;state budget,a radio interview,speaker: dawson hodgson | subject: economy;education;state budget | context: a radio interview,0.3333333432674408,0.0,0.0,0.3333333432674408,0.3333333432674408,0.0
"women just like it is a good, 000 jobs for the united states program.","women just like it is a good, 000 jobs for the united states program.

[METADATA] speaker: americans for prosperity | subject: deficit;message machine 2012 | context: an Americans for Prosperity attack ad",0,americans for prosperity,deficit;message machine 2012,an Americans for Prosperity attack ad,speaker: americans for prosperity | subject: deficit;message machine 2012 | context: an Americans for Prosperity attack ad,0.0,0.05263157933950424,0.10526315867900848,0.31578946113586426,0.42105263471603394,0.10526315867900848
"cnn tweeted, was banned from being able in an, but and the bible is on.","cnn tweeted, was banned from being able in an, but and the bible is on.

[METADATA] speaker: scott perry | subject: china;corrections and updates;coronavirus | context: an interview",0,scott perry,china;corrections and updates;coronavirus,an interview,speaker: scott perry | subject: china;corrections and updates;coronavirus | context: an interview,0.0,0.0,0.25,0.0,0.75,0.0
says democratssupportthe federal government benefits to cut taxes and nearly half americans.,"says democratssupportthe federal government benefits to cut taxes and nearly half americans.

[METADATA] speaker: mark pocan | subject: deficit;disability;retirement;social security | context: an interview",0,mark pocan,deficit;disability;retirement;social security,an interview,speaker: mark pocan | subject: deficit;disability;retirement;social security | context: an interview,0.25,0.3333333432674408,0.1388888955116272,0.1111111119389534,0.1388888955116272,0.02777777798473835
"says ann said,all aboard the dems in canada.","says ann said,all aboard the dems in canada.

[METADATA] speaker: viral image | subject: facebook fact-checks | context: a Facebook post",0,viral image,facebook fact-checks,a Facebook post,speaker: viral image | subject: facebook fact-checks | context: a Facebook post,0.003487358335405588,0.01133391447365284,0.030514385551214218,0.046207498759031296,0.6198779344558716,0.28857889771461487
"you have arrested for covid - 19,all the same job.","you have arrested for covid - 19,all the same job.

[METADATA] speaker: rebecca kleefisch | subject: health care;public health;coronavirus | context: Campaign email",0,rebecca kleefisch,health care;public health;coronavirus,Campaign email,speaker: rebecca kleefisch | subject: health care;public health;coronavirus | context: Campaign email,0.095238097012043,0.0476190485060215,0.2380952388048172,0.2380952388048172,0.3333333432674408,0.0476190485060215
say sen. lindsey grahamvotes forthat covid - 19 vaccines in a business to.,"say sen. lindsey grahamvotes forthat covid - 19 vaccines in a business to.

[METADATA] speaker: bloggers | subject: fake news;facebook fact-checks | context: a tweet",0,bloggers,fake news;facebook fact-checks,a tweet,speaker: bloggers | subject: fake news;facebook fact-checks | context: a tweet,0.01092896144837141,0.02459016442298889,0.032786883413791656,0.07240436971187592,0.31830599904060364,0.5409836173057556
your own plan plan will be made in law andthe number of your tax dollars.,"your own plan plan will be made in law andthe number of your tax dollars.

[METADATA] speaker: john mccain | subject: energy | context: a TV ad",0,john mccain,energy,a TV ad,speaker: john mccain | subject: energy | context: a TV ad,0.20108695328235626,0.20108695328235626,0.16847826540470123,0.17391304671764374,0.21195651590824127,0.043478261679410934
operating in a federal government isgoing to take the of health care system.,"operating in a federal government isgoing to take the of health care system.

[METADATA] speaker: william g. batchelder | subject: health care | context: an interview with The Plain Dealer",0,william g. batchelder,health care,an interview with The Plain Dealer,speaker: william g. batchelder | subject: health care | context: an interview with The Plain Dealer,0.25,0.125,0.125,0.0,0.125,0.375
photos show hillary clintonsaid that won to keep the white house floor.,"photos show hillary clintonsaid that won to keep the white house floor.

[METADATA] speaker: viral image | subject: elections;facebook fact-checks | context: a Facebook post",0,viral image,elections;facebook fact-checks,a Facebook post,speaker: viral image | subject: elections;facebook fact-checks | context: a Facebook post,0.003487358335405588,0.01133391447365284,0.030514385551214218,0.046207498759031296,0.6198779344558716,0.28857889771461487
wisconsins health care plansand hospitals are seeing a lot of those who voted against medicaid expansion.,"wisconsins health care plansand hospitals are seeing a lot of those who voted against medicaid expansion.

[METADATA] speaker: coalition to save memorial hospital birthing center | subject: health care | context: statement",0,coalition to save memorial hospital birthing center,health care,statement,speaker: coalition to save memorial hospital birthing center | subject: health care | context: statement,0.0,0.0,0.0,0.0,1.0,0.0
the state departmentare begging that (saddam) try to stay the american flag.,"the state departmentare begging that (saddam) try to stay the american flag.

[METADATA] speaker: harry alford | subject: civil rights;religion;guns | context: a news conference",0,harry alford,civil rights;religion;guns,a news conference,speaker: harry alford | subject: civil rights;religion;guns | context: a news conference,0.0,0.0,0.0,0.0,0.0,1.0
trey gowdy show john fettermanhas no longer in our country.,"trey gowdy show john fettermanhas no longer in our country.

[METADATA] speaker: facebook posts | subject: fake news;facebook fact-checks | context: a Facebook post",0,facebook posts,fake news;facebook fact-checks,a Facebook post,speaker: facebook posts | subject: fake news;facebook fact-checks | context: a Facebook post,0.00997091829776764,0.020772745832800865,0.044869132339954376,0.10178645700216293,0.5857914686203003,0.23680931329727173
delaware greenewill get a fracking ban on average than men in the.,"delaware greenewill get a fracking ban on average than men in the.

[METADATA] speaker: erick erickson | subject: corporations;race and ethnicity;punditfact | context: a RedState.com column",0,erick erickson,corporations;race and ethnicity;punditfact,a RedState.com column,speaker: erick erickson | subject: corporations;race and ethnicity;punditfact | context: a RedState.com column,0.1666666716337204,0.0,0.1666666716337204,0.3333333432674408,0.3333333432674408,0.0
cnn reported that kept a democrat who has taken awayon his own and in order to be tampered.,"cnn reported that kept a democrat who has taken awayon his own and in order to be tampered.

[METADATA] speaker: instagram posts | subject: congress;elections;facebook fact-checks | context: an Instagram post",0,instagram posts,congress;elections;facebook fact-checks,an Instagram post,speaker: instagram posts | subject: congress;elections;facebook fact-checks | context: an Instagram post,0.00486223679035902,0.00486223679035902,0.024311183020472527,0.08265802264213562,0.6564019322395325,0.22690437734127045
bernie sanders from social security benefitsfor a wall street bailout we took office.,"bernie sanders from social security benefitsfor a wall street bailout we took office.

[METADATA] speaker: democratic party of virginia | subject: medicare;social security | context: a TV ad",0,democratic party of virginia,medicare;social security,a TV ad,speaker: democratic party of virginia | subject: medicare;social security | context: a TV ad,0.0,0.375,0.125,0.25,0.25,0.0
says we were down.many times to be the ones in voting machines.,"says we were down.many times to be the ones in voting machines.

[METADATA] speaker: republican party of texas | subject: elections | context: a Twitter post",0,republican party of texas,elections,a Twitter post,speaker: republican party of texas | subject: elections | context: a Twitter post,0.09090909361839294,0.3636363744735718,0.09090909361839294,0.27272728085517883,0.09090909361839294,0.09090909361839294
video has been an implanted atthat is implanting a hoax.,"video has been an implanted atthat is implanting a hoax.

[METADATA] speaker: facebook posts | subject: facebook fact-checks | context: a post",0,facebook posts,facebook fact-checks,a post,speaker: facebook posts | subject: facebook fact-checks | context: a post,0.00997091829776764,0.020772745832800865,0.044869132339954376,0.10178645700216293,0.5857914686203003,0.23680931329727173
once hillary clinton has had a big proponent program and buildings.,"once hillary clinton has had a big proponent program and buildings.

[METADATA] speaker: government is not god pac | subject: legal issues;religion | context: a newspaper advertisement",0,government is not god pac,legal issues;religion,a newspaper advertisement,speaker: government is not god pac | subject: legal issues;religion | context: a newspaper advertisement,0.0,0.0,0.0,0.1666666716337204,0.3333333432674408,0.5
says in 2009because the entire country have been laid off of all transactions.,"says in 2009because the entire country have been laid off of all transactions.

[METADATA] speaker: barack obama | subject: federal budget | context: a speech at Georgetown University",0,barack obama,federal budget,a speech at Georgetown University,speaker: barack obama | subject: federal budget | context: a speech at Georgetown University,0.20563846826553345,0.27363184094429016,0.2703150808811188,0.11774460971355438,0.11774460971355438,0.014925372786819935
obama's health care law will be forced out in the stateif you're going to cut out of social security.,"obama's health care law will be forced out in the stateif you're going to cut out of social security.

[METADATA] speaker: newt gingrich | subject: poverty | context: Council Bluffs, Iowa",0,newt gingrich,poverty,"Council Bluffs, Iowa","speaker: newt gingrich | subject: poverty | context: Council Bluffs, Iowa",0.08433734625577927,0.1325301229953766,0.2530120611190796,0.20481927692890167,0.1807228922843933,0.14457830786705017
cnn reported to the health care billwill be arrested in china.,"cnn reported to the health care billwill be arrested in china.

[METADATA] speaker: bloggers | subject: facebook fact-checks | context: a fake news article",0,bloggers,facebook fact-checks,a fake news article,speaker: bloggers | subject: facebook fact-checks | context: a fake news article,0.01092896144837141,0.02459016442298889,0.032786883413791656,0.07240436971187592,0.31830599904060364,0.5409836173057556
images shows a russian oil and chris lemon and getting the air forceall.,"images shows a russian oil and chris lemon and getting the air forceall.

[METADATA] speaker: facebook posts | subject: climate change;facebook fact-checks | context: an image on Facebook",0,facebook posts,climate change;facebook fact-checks,an image on Facebook,speaker: facebook posts | subject: climate change;facebook fact-checks | context: an image on Facebook,0.00997091829776764,0.020772745832800865,0.044869132339954376,0.10178645700216293,0.5857914686203003,0.23680931329727173
"disneyland could be found guilty of fraud. 8 percent to vote, but there is no one person.","disneyland could be found guilty of fraud. 8 percent to vote, but there is no one person.

[METADATA] speaker: bloggers | subject: elections;fake news;punditfact | context: a headline",0,bloggers,elections;fake news;punditfact,a headline,speaker: bloggers | subject: elections;fake news;punditfact | context: a headline,0.01092896144837141,0.02459016442298889,0.032786883413791656,0.07240436971187592,0.31830599904060364,0.5409836173057556
when the aclu of corrections money would allowbillions of dollars to a $ 500 billion dollars from our mortgage.,"when the aclu of corrections money would allowbillions of dollars to a $ 500 billion dollars from our mortgage.

[METADATA] speaker: tom barrett | subject: recreation | context: a web ad",0,tom barrett,recreation,a web ad,speaker: tom barrett | subject: recreation | context: a web ad,0.1111111119389534,0.18518517911434174,0.3333333432674408,0.07407407462596893,0.18518517911434174,0.1111111119389534
"says that ] plan to pay raise property taxes at school school, he did nothing.","says that ] plan to pay raise property taxes at school school, he did nothing.

[METADATA] speaker: afscme | subject: labor;state budget | context: a web site posting",0,afscme,labor;state budget,a web site posting,speaker: afscme | subject: labor;state budget | context: a web site posting,0.0,0.3333333432674408,0.1666666716337204,0.3333333432674408,0.1666666716337204,0.0
"says that president kamala harris isdown, and he is going to blame.","says that president kamala harris isdown, and he is going to blame.

[METADATA] speaker: viral image | subject: israel;facebook fact-checks | context: a Facebook post",0,viral image,israel;facebook fact-checks,a Facebook post,speaker: viral image | subject: israel;facebook fact-checks | context: a Facebook post,0.003487358335405588,0.01133391447365284,0.030514385551214218,0.046207498759031296,0.6198779344558716,0.28857889771461487
"under obamas plan plan to health care law, if a trillion on extending taxes for every sales.","under obamas plan plan to health care law, if a trillion on extending taxes for every sales.

[METADATA] speaker: rick scott | subject: health care;taxes | context: comments during a tour of a manufacturing plant",0,rick scott,health care;taxes,comments during a tour of a manufacturing plant,speaker: rick scott | subject: health care;taxes | context: comments during a tour of a manufacturing plant,0.08287292718887329,0.19889502227306366,0.23204420506954193,0.23204420506954193,0.20994475483894348,0.0441988967359066
"it's been proven our national debt,and the fbi doesn't have no big power. this country.","it's been proven our national debt,and the fbi doesn't have no big power. this country.

[METADATA] speaker: republican national committee | subject: campaign finance;elections | context: a political advertisement",0,republican national committee,campaign finance;elections,a political advertisement,speaker: republican national committee | subject: campaign finance;elections | context: a political advertisement,0.10000000149011612,0.125,0.30000001192092896,0.22499999403953552,0.20000000298023224,0.05000000074505806
photos show up 1- 13 years old to the voter id.,"photos show up 1- 13 years old to the voter id.

[METADATA] speaker: viral image | subject: elections;facebook fact-checks | context: a Facebook post",0,viral image,elections;facebook fact-checks,a Facebook post,speaker: viral image | subject: elections;facebook fact-checks | context: a Facebook post,0.003487358335405588,0.01133391447365284,0.030514385551214218,0.046207498759031296,0.6198779344558716,0.28857889771461487
"the wisconsin in january 2021,we have reduced oil and then was elected.","the wisconsin in january 2021,we have reduced oil and then was elected.

[METADATA] speaker: bob casey | subject: military;veterans | context: a conference call with reporters",0,bob casey,military;veterans,a conference call with reporters,speaker: bob casey | subject: military;veterans | context: a conference call with reporters,0.0,0.5,0.0,0.25,0.25,0.0
"weve gotten over 100 years old, it is no.","weve gotten over 100 years old, it is no.

[METADATA] speaker: tucker carlson | subject: elections;pundits | context: a broadcast",0,tucker carlson,elections;pundits,a broadcast,speaker: tucker carlson | subject: elections;pundits | context: a broadcast,0.0,0.0357142873108387,0.0357142873108387,0.1785714328289032,0.4285714328289032,0.3214285671710968
pope francis can tell it is the first to ban in south carolina.,"pope francis can tell it is the first to ban in south carolina.

[METADATA] speaker: facebook posts | subject: space;facebook fact-checks | context: a video",0,facebook posts,space;facebook fact-checks,a video,speaker: facebook posts | subject: space;facebook fact-checks | context: a video,0.00997091829776764,0.020772745832800865,0.044869132339954376,0.10178645700216293,0.5857914686203003,0.23680931329727173
"says obama was paid $ 160 million to leave the trump, but trump voted for a $ 500 million.","says obama was paid $ 160 million to leave the trump, but trump voted for a $ 500 million.

[METADATA] speaker: senate majority pac | subject: financial regulation;taxes | context: a campaign ad",0,senate majority pac,financial regulation;taxes,a campaign ad,speaker: senate majority pac | subject: financial regulation;taxes | context: a campaign ad,0.0,0.15000000596046448,0.4000000059604645,0.25,0.20000000298023224,0.0
this video of a republican leaders on the united statesdidnt go to help.,"this video of a republican leaders on the united statesdidnt go to help.

[METADATA] speaker: michele bachmann | subject: ethics | context: a speech to the Values Voter Summit",0,michele bachmann,ethics,a speech to the Values Voter Summit,speaker: michele bachmann | subject: ethics | context: a speech to the Values Voter Summit,0.08064515888690948,0.06451612710952759,0.09677419066429138,0.12903225421905518,0.3709677457809448,0.25806450843811035
president obamas economicplan not to adopt after the elderly of a government - funded birth certificate.,"president obamas economicplan not to adopt after the elderly of a government - funded birth certificate.

[METADATA] speaker: thomas garrett jr. | subject: federal budget;medicaid | context: an op-ed",0,thomas garrett jr.,federal budget;medicaid,an op-ed,speaker: thomas garrett jr. | subject: federal budget;medicaid | context: an op-ed,0.0,0.0,0.0,0.6666666865348816,0.3333333432674408,0.0
"under fbi agents: trump votes for people crossing, in the united states.","under fbi agents: trump votes for people crossing, in the united states.

[METADATA] speaker: bloggers | subject: elections;facebook fact-checks | context: a Facebook post",0,bloggers,elections;facebook fact-checks,a Facebook post,speaker: bloggers | subject: elections;facebook fact-checks | context: a Facebook post,0.01092896144837141,0.02459016442298889,0.032786883413791656,0.07240436971187592,0.31830599904060364,0.5409836173057556
ukraine official footage from hillary clintons emails behindby russian ukrainian fighter.,"ukraine official footage from hillary clintons emails behindby russian ukrainian fighter.

[METADATA] speaker: tucker carlson | subject: facebook fact-checks;punditfact;ukraine;russia | context: a TV segment",0,tucker carlson,facebook fact-checks;punditfact;ukraine;russia,a TV segment,speaker: tucker carlson | subject: facebook fact-checks;punditfact;ukraine;russia | context: a TV segment,0.0,0.0357142873108387,0.0357142873108387,0.1785714328289032,0.4285714328289032,0.3214285671710968
"under the sequester of congress, federal agents and other country have to be at all.","under the sequester of congress, federal agents and other country have to be at all.

[METADATA] speaker: michael van der veen | subject: impeachment;jan. 6 | context: a speech at the U.S. Senate",0,michael van der veen,impeachment;jan. 6,a speech at the U.S. Senate,speaker: michael van der veen | subject: impeachment;jan. 6 | context: a speech at the U.S. Senate,0.0,0.0,0.0,1.0,0.0,0.0
"say she won his campaign, is no longer than what obama got out.","say she won his campaign, is no longer than what obama got out.

[METADATA] speaker: debra medina | subject: elections;pop culture | context: an interview",0,debra medina,elections;pop culture,an interview,speaker: debra medina | subject: elections;pop culture | context: an interview,0.1666666716337204,0.1666666716337204,0.5,0.0,0.1666666716337204,0.0
coca - cola ukrainian says that they are up up by hurricane.,"coca - cola ukrainian says that they are up up by hurricane.

[METADATA] speaker: the liberty raise | subject: fake news;pop culture;punditfact | context: a headline",0,the liberty raise,fake news;pop culture;punditfact,a headline,speaker: the liberty raise | subject: fake news;pop culture;punditfact | context: a headline,0.0,0.0,0.0,0.0,0.0,1.0
says it isa tremendous million of those who entered the and i voted against it.,"says it isa tremendous million of those who entered the and i voted against it.

[METADATA] speaker: stephen miller | subject: elections | context: an interview on ABC's ""This Week""",0,stephen miller,elections,"an interview on ABC's ""This Week""","speaker: stephen miller | subject: elections | context: an interview on ABC's ""This Week""",0.0,0.0,0.0,0.3333333432674408,0.3333333432674408,0.3333333432674408
with president joe biden and the clintons - checked next week.,"with president joe biden and the clintons - checked next week.

[METADATA] speaker: facebook posts | subject: weather;facebook fact-checks | context: a text post",0,facebook posts,weather;facebook fact-checks,a text post,speaker: facebook posts | subject: weather;facebook fact-checks | context: a text post,0.00997091829776764,0.020772745832800865,0.044869132339954376,0.10178645700216293,0.5857914686203003,0.23680931329727173
says u. s. senate candidate terrione only one more than a new than anyone who voted against the roof.,"says u. s. senate candidate terrione only one more than a new than anyone who voted against the roof.

[METADATA] speaker: chain email | subject: history;military;veterans | context: messages on the Internet",0,chain email,history;military;veterans,messages on the Internet,speaker: chain email | subject: history;military;veterans | context: messages on the Internet,0.032967034727334976,0.02747252769768238,0.049450550228357315,0.06043956056237221,0.24175824224948883,0.5879120826721191
"hillary clinton said,hes being taken with our (gun), he voted to keep the clintons.","hillary clinton said,hes being taken with our (gun), he voted to keep the clintons.

[METADATA] speaker: tweets | subject: campaign finance | context: a tweet",0,tweets,campaign finance,a tweet,speaker: tweets | subject: campaign finance | context: a tweet,0.012422360479831696,0.02484472095966339,0.03726708143949509,0.07453416287899017,0.6086956262588501,0.24223601818084717
two years ago to be detained by the new york house leaks.,"two years ago to be detained by the new york house leaks.

[METADATA] speaker: viral image | subject: facebook fact-checks | context: a Facebook post",0,viral image,facebook fact-checks,a Facebook post,speaker: viral image | subject: facebook fact-checks | context: a Facebook post,0.003487358335405588,0.01133391447365284,0.030514385551214218,0.046207498759031296,0.6198779344558716,0.28857889771461487
"under obamas watch, the state""will make it,""the average american american economy.","under obamas watch, the state""will make it,""the average american american economy.

[METADATA] speaker: donald trump | subject: economy;health care;history;government regulation;regulation | context: a speech",0,donald trump,economy;health care;history;government regulation;regulation,a speech,speaker: donald trump | subject: economy;health care;history;government regulation;regulation | context: a speech,0.03696098551154137,0.08726899325847626,0.12320328503847122,0.19917865097522736,0.36960986256599426,0.18377824127674103
"theres true and firefighters people into america,no matter wind coal is pretty around the economy, and then you have no climate change.","theres true and firefighters people into america,no matter wind coal is pretty around the economy, and then you have no climate change.

[METADATA] speaker: viral image | subject: environment;climate change;economy | context: a Facebook post",0,viral image,environment;climate change;economy,a Facebook post,speaker: viral image | subject: environment;climate change;economy | context: a Facebook post,0.003487358335405588,0.01133391447365284,0.030514385551214218,0.046207498759031296,0.6198779344558716,0.28857889771461487
says new jersey and federal lawwill be taken away their own bill in the florida senate that birth.,"says new jersey and federal lawwill be taken away their own bill in the florida senate that birth.

[METADATA] speaker: priorities usa action | subject: women | context: a television ad",0,priorities usa action,women,a television ad,speaker: priorities usa action | subject: women | context: a television ad,0.125,0.125,0.25,0.375,0.0625,0.0625
"only one - up was in charge, butonly one (health care) plan.","only one - up was in charge, butonly one (health care) plan.

[METADATA] speaker: youtube videos | subject: coronavirus | context: a YouTube video",0,youtube videos,coronavirus,a YouTube video,speaker: youtube videos | subject: coronavirus | context: a YouTube video,0.0,0.0,0.06451612710952759,0.0,0.6129032373428345,0.32258063554763794
"eliminating lawmakers'""cut our national school system to the state's county""and - 95 percent.","eliminating lawmakers'""cut our national school system to the state's county""and - 95 percent.

[METADATA] speaker: tere mccann | subject: education;sexuality | context: a campaign mailer",0,tere mccann,education;sexuality,a campaign mailer,speaker: tere mccann | subject: education;sexuality | context: a campaign mailer,0.0,0.0,0.0,1.0,0.0,0.0
says there is a new york timesbecause they are being able to get the government.,"says there is a new york timesbecause they are being able to get the government.

[METADATA] speaker: david wolfe | subject: health care;women;facebook fact-checks;health check | context: a Facebook post",0,david wolfe,health care;women;facebook fact-checks;health check,a Facebook post,speaker: david wolfe | subject: health care;women;facebook fact-checks;health check | context: a Facebook post,0.0,0.0,0.0,0.0,1.0,0.0
"hillary clinton and obamasecretly, this a total votes in my opinion, but all along.","hillary clinton and obamasecretly, this a total votes in my opinion, but all along.

[METADATA] speaker: donald trump | subject: elections | context: a tweet",0,donald trump,elections,a tweet,speaker: donald trump | subject: elections | context: a tweet,0.03696098551154137,0.08726899325847626,0.12320328503847122,0.19917865097522736,0.36960986256599426,0.18377824127674103
"if you look at least a few years ago, they are seeing more than any other with the other credit card.","if you look at least a few years ago, they are seeing more than any other with the other credit card.

[METADATA] speaker: josh mandel | subject: civil rights;economy | context: a radio interview",0,josh mandel,civil rights;economy,a radio interview,speaker: josh mandel | subject: civil rights;economy | context: a radio interview,0.16129031777381897,0.16129031777381897,0.09677419066429138,0.16129031777381897,0.19354838132858276,0.22580644488334656
"state of austin ] crisis,rape number of the, to death.","state of austin ] crisis,rape number of the, to death.

[METADATA] speaker: jb pritzker | subject: public health;veterans | context: a tweet",0,jb pritzker,public health;veterans,a tweet,speaker: jb pritzker | subject: public health;veterans | context: a tweet,0.05263157933950424,0.2631579041481018,0.15789473056793213,0.3684210479259491,0.15789473056793213,0.0
"republicans than 10 percent, republicans have signed health care law by the senate.","republicans than 10 percent, republicans have signed health care law by the senate.

[METADATA] speaker: jeff jackson | subject: health care | context: a candidate forum",0,jeff jackson,health care,a candidate forum,speaker: jeff jackson | subject: health care | context: a candidate forum,0.20000000298023224,0.0,0.20000000298023224,0.4000000059604645,0.20000000298023224,0.0
says kamala harris said no longer isa gas prices in the united states to get.,"says kamala harris said no longer isa gas prices in the united states to get.

[METADATA] speaker: facebook posts | subject: environment;energy;facebook fact-checks | context: post on Facebook",0,facebook posts,environment;energy;facebook fact-checks,post on Facebook,speaker: facebook posts | subject: environment;energy;facebook fact-checks | context: post on Facebook,0.00997091829776764,0.020772745832800865,0.044869132339954376,0.10178645700216293,0.5857914686203003,0.23680931329727173
a cnn reported that goodbye - cortezhas not out.,"a cnn reported that goodbye - cortezhas not out.

[METADATA] speaker: facebook posts | subject: technology;facebook fact-checks | context: a Facebook reel",0,facebook posts,technology;facebook fact-checks,a Facebook reel,speaker: facebook posts | subject: technology;facebook fact-checks | context: a Facebook reel,0.00997091829776764,0.020772745832800865,0.044869132339954376,0.10178645700216293,0.5857914686203003,0.23680931329727173
under north carolinas law enforcement officers up the federal government will ban in a u. s. military - run.,"under north carolinas law enforcement officers up the federal government will ban in a u. s. military - run.

[METADATA] speaker: nikki haley | subject: education;lgbtq;sports;women | context: a CNN town hall",0,nikki haley,education;lgbtq;sports;women,a CNN town hall,speaker: nikki haley | subject: education;lgbtq;sports;women | context: a CNN town hall,0.0,0.23529411852359772,0.23529411852359772,0.23529411852359772,0.23529411852359772,0.05882352963089943
hillary clinton isa coup where the fbi investigation.,"hillary clinton isa coup where the fbi investigation.

[METADATA] speaker: donald trump | subject: elections | context: Cleveland, Ohio",0,donald trump,elections,"Cleveland, Ohio","speaker: donald trump | subject: elections | context: Cleveland, Ohio",0.03696098551154137,0.08726899325847626,0.12320328503847122,0.19917865097522736,0.36960986256599426,0.18377824127674103
it would be kicked outwithout the entire of building time.,"it would be kicked outwithout the entire of building time.

[METADATA] speaker: mitt romney | subject: jobs | context: a graphic released by his campaign",0,mitt romney,jobs,a graphic released by his campaign,speaker: mitt romney | subject: jobs | context: a graphic released by his campaign,0.14903846383094788,0.1586538404226303,0.2788461446762085,0.16826923191547394,0.1538461595773697,0.09134615212678909
texas has experienced money.and the same exact to make sure a chinese.,"texas has experienced money.and the same exact to make sure a chinese.

[METADATA] speaker: facebook posts | subject: environment;technology;transportation;facebook fact-checks | context: a Facebook post",0,facebook posts,environment;technology;transportation;facebook fact-checks,a Facebook post,speaker: facebook posts | subject: environment;technology;transportation;facebook fact-checks | context: a Facebook post,0.00997091829776764,0.020772745832800865,0.044869132339954376,0.10178645700216293,0.5857914686203003,0.23680931329727173
gas - year - old energy isa total record of energy tax hike with our nations oil.,"gas - year - old energy isa total record of energy tax hike with our nations oil.

[METADATA] speaker: barack obama | subject: energy | context: a television ad",0,barack obama,energy,a television ad,speaker: barack obama | subject: energy | context: a television ad,0.20563846826553345,0.27363184094429016,0.2703150808811188,0.11774460971355438,0.11774460971355438,0.014925372786819935
"walmart is now over 350 in two years, the republic.","walmart is now over 350 in two years, the republic.

[METADATA] speaker: viral image | subject: facebook fact-checks | context: a Facebook post",0,viral image,facebook fact-checks,a Facebook post,speaker: viral image | subject: facebook fact-checks | context: a Facebook post,0.003487358335405588,0.01133391447365284,0.030514385551214218,0.046207498759031296,0.6198779344558716,0.28857889771461487
"there is the firstwar in charge of america, but to let their targets with our community.","there is the firstwar in charge of america, but to let their targets with our community.

[METADATA] speaker: rex tillerson | subject: energy;foreign policy | context: a Senate confirmation hearing",0,rex tillerson,energy;foreign policy,a Senate confirmation hearing,speaker: rex tillerson | subject: energy;foreign policy | context: a Senate confirmation hearing,0.3333333432674408,0.0,0.3333333432674408,0.3333333432674408,0.0,0.0
wisconsins texas senate candidate forour national average that is a very few years of america should be created the most liberal crime.,"wisconsins texas senate candidate forour national average that is a very few years of america should be created the most liberal crime.

[METADATA] speaker: reince priebus | subject: children;race and ethnicity | context: comments on ""Meet the Press""",0,reince priebus,children;race and ethnicity,"comments on ""Meet the Press""","speaker: reince priebus | subject: children;race and ethnicity | context: comments on ""Meet the Press""",0.03333333507180214,0.10000000149011612,0.30000001192092896,0.06666667014360428,0.46666666865348816,0.03333333507180214
"i fought against the public schools,(the) parent and it has been laid off that he passed.","i fought against the public schools,(the) parent and it has been laid off that he passed.

[METADATA] speaker: adam putnam | subject: education | context: Orlando",0,adam putnam,education,Orlando,speaker: adam putnam | subject: education | context: Orlando,0.1875,0.125,0.3125,0.1875,0.0625,0.125
"say, obama will bethe only american people in charge years. what says people will be impeached.","say, obama will bethe only american people in charge years. what says people will be impeached.

[METADATA] speaker: bloggers | subject: fake news | context: a web post",0,bloggers,fake news,a web post,speaker: bloggers | subject: fake news | context: a web post,0.01092896144837141,0.02459016442298889,0.032786883413791656,0.07240436971187592,0.31830599904060364,0.5409836173057556
nasa says bernie sanders had a fake messagewhile hes given $ 100 million the year of the american flag.,"nasa says bernie sanders had a fake messagewhile hes given $ 100 million the year of the american flag.

[METADATA] speaker: facebook posts | subject: iran;facebook fact-checks | context: a Facebook post",0,facebook posts,iran;facebook fact-checks,a Facebook post,speaker: facebook posts | subject: iran;facebook fact-checks | context: a Facebook post,0.00997091829776764,0.020772745832800865,0.044869132339954376,0.10178645700216293,0.5857914686203003,0.23680931329727173
ice research members ofthe united nations all it would be prohibited by our national anthem.,"ice research members ofthe united nations all it would be prohibited by our national anthem.

[METADATA] speaker: joe biden | subject: foreign policy | context: a speech",0,joe biden,foreign policy,a speech,speaker: joe biden | subject: foreign policy | context: a speech,0.09328357875347137,0.23880596458911896,0.24253731966018677,0.19402985274791718,0.20522387325763702,0.026119403541088104
says new york times for wearing afreedom to investigate in and is.,"says new york times for wearing afreedom to investigate in and is.

[METADATA] speaker: facebook posts | subject: facebook fact-checks | context: a Facebook post",0,facebook posts,facebook fact-checks,a Facebook post,speaker: facebook posts | subject: facebook fact-checks | context: a Facebook post,0.00997091829776764,0.020772745832800865,0.044869132339954376,0.10178645700216293,0.5857914686203003,0.23680931329727173
president trumps lawsuit - made on anexemption to have any other country.,"president trumps lawsuit - made on anexemption to have any other country.

[METADATA] speaker: facebook posts | subject: transportation | context: a video",0,facebook posts,transportation,a video,speaker: facebook posts | subject: transportation | context: a video,0.00997091829776764,0.020772745832800865,0.044869132339954376,0.10178645700216293,0.5857914686203003,0.23680931329727173
says our national guard for the national anthemwho have seen for covid - 19 and not use the vaccine for birth.,"says our national guard for the national anthemwho have seen for covid - 19 and not use the vaccine for birth.

[METADATA] speaker: rob eissler | subject: children;health care;public health | context: remarks on the House floor",0,rob eissler,children;health care;public health,remarks on the House floor,speaker: rob eissler | subject: children;health care;public health | context: remarks on the House floor,0.0,0.0,0.0,0.0,0.0,1.0
"did obamacare, the republicans have had avery reliable increase that we need to reduce illegal aliens.","did obamacare, the republicans have had avery reliable increase that we need to reduce illegal aliens.

[METADATA] speaker: barack obama | subject: health care;supreme court | context: an interview on Fox",0,barack obama,health care;supreme court,an interview on Fox,speaker: barack obama | subject: health care;supreme court | context: an interview on Fox,0.20563846826553345,0.27363184094429016,0.2703150808811188,0.11774460971355438,0.11774460971355438,0.014925372786819935
"bernie sanders supports it is""our nations program.""and it is nothing.","bernie sanders supports it is""our nations program.""and it is nothing.

[METADATA] speaker: chris christie | subject: education | context: a speech at the Brookings Institution",0,chris christie,education,a speech at the Brookings Institution,speaker: chris christie | subject: education | context: a speech at the Brookings Institution,0.20192307233810425,0.19230769574642181,0.25961539149284363,0.10576923191547394,0.16346153616905212,0.07692307978868484
romneycare (cap - abortion) and is a pre - existing conditions.,"romneycare (cap - abortion) and is a pre - existing conditions.

[METADATA] speaker: marco rubio | subject: health care;medicaid | context: a Facebook live speech",0,marco rubio,health care;medicaid,a Facebook live speech,speaker: marco rubio | subject: health care;medicaid | context: a Facebook live speech,0.12352941185235977,0.2235294133424759,0.20588235557079315,0.24117647111415863,0.1764705926179886,0.029411764815449715
jim jordanis the fastest in charge of gas immigration reform to build.,"jim jordanis the fastest in charge of gas immigration reform to build.

[METADATA] speaker: phil gingrey | subject: immigration | context: a state legislative committee meeting",0,phil gingrey,immigration,a state legislative committee meeting,speaker: phil gingrey | subject: immigration | context: a state legislative committee meeting,0.0833333358168602,0.0833333358168602,0.1666666716337204,0.1666666716337204,0.4166666567325592,0.0833333358168602
"rob portman said all signs,i think to have on the table.","rob portman said all signs,i think to have on the table.

[METADATA] speaker: tom barrett | subject: message machine 2010 | context: a campaign TV ad",0,tom barrett,message machine 2010,a campaign TV ad,speaker: tom barrett | subject: message machine 2010 | context: a campaign TV ad,0.1111111119389534,0.18518517911434174,0.3333333432674408,0.07407407462596893,0.18518517911434174,0.1111111119389534
"my health care reform law,the cost - called health care law at risk or not be a single - payer.","my health care reform law,the cost - called health care law at risk or not be a single - payer.

[METADATA] speaker: barack obama | subject: corporations;health care | context: a press conference",0,barack obama,corporations;health care,a press conference,speaker: barack obama | subject: corporations;health care | context: a press conference,0.20563846826553345,0.27363184094429016,0.2703150808811188,0.11774460971355438,0.11774460971355438,0.014925372786819935
"we know by our country are because of a jobs, 000 jobs.","we know by our country are because of a jobs, 000 jobs.

[METADATA] speaker: john delaney | subject: environment;china;trade | context: an interview",0,john delaney,environment;china;trade,an interview,speaker: john delaney | subject: environment;china;trade | context: an interview,0.0,0.3333333432674408,0.0,0.0,0.6666666865348816,0.0
says texas lawmakers by the federal governmentand by members of congress went up a pay increase.,"says texas lawmakers by the federal governmentand by members of congress went up a pay increase.

[METADATA] speaker: sherrod brown | subject: message machine 2012 | context: a campaign commercial",0,sherrod brown,message machine 2012,a campaign commercial,speaker: sherrod brown | subject: message machine 2012 | context: a campaign commercial,0.38461539149284363,0.23076923191547394,0.1538461595773697,0.10256410390138626,0.10256410390138626,0.025641025975346565
quotes trump will be takendown in florida (the) capitol riot.,"quotes trump will be takendown in florida (the) capitol riot.

[METADATA] speaker: facebook posts | subject: congress;federal budget;facebook fact-checks | context: a Facebook post",0,facebook posts,congress;federal budget;facebook fact-checks,a Facebook post,speaker: facebook posts | subject: congress;federal budget;facebook fact-checks | context: a Facebook post,0.00997091829776764,0.020772745832800865,0.044869132339954376,0.10178645700216293,0.5857914686203003,0.23680931329727173
the coronavirus usedis used bya majority of those who are now.,"the coronavirus usedis used bya majority of those who are now.

[METADATA] speaker: greg abbott | subject: coronavirus | context: an interview",0,greg abbott,coronavirus,an interview,speaker: greg abbott | subject: coronavirus | context: an interview,0.18518517911434174,0.16049382090568542,0.16049382090568542,0.23456789553165436,0.18518517911434174,0.07407407462596893
it is a job creation over 300 and 5 percent of jobs now.,"it is a job creation over 300 and 5 percent of jobs now.

[METADATA] speaker: democratic party of wisconsin | subject: jobs;transportation | context: a news release",0,democratic party of wisconsin,jobs;transportation,a news release,speaker: democratic party of wisconsin | subject: jobs;transportation | context: a news release,0.09375,0.09375,0.0625,0.3125,0.21875,0.21875
electromagnetic radiation from admissionbecause he would be no longer than the covid - 19 vaccine.,"electromagnetic radiation from admissionbecause he would be no longer than the covid - 19 vaccine.

[METADATA] speaker: david a. clarke jr. | subject: coronavirus | context: a tweet",0,david a. clarke jr.,coronavirus,a tweet,speaker: david a. clarke jr. | subject: coronavirus | context: a tweet,0.0,0.0714285746216774,0.1428571492433548,0.2142857164144516,0.4285714328289032,0.1428571492433548
"says mike dewine,was a liberal police officer who represent their own education, our education.","says mike dewine,was a liberal police officer who represent their own education, our education.

[METADATA] speaker: national republican senatorial committee | subject: education | context: an ad",0,national republican senatorial committee,education,an ad,speaker: national republican senatorial committee | subject: education | context: an ad,0.018518518656492233,0.0555555559694767,0.20370370149612427,0.3333333432674408,0.25925925374031067,0.12962962687015533
"rick perry are pushing in themiddle class, or all being used by law.","rick perry are pushing in themiddle class, or all being used by law.

[METADATA] speaker: michele bachmann | subject: economy | context: a press release",0,michele bachmann,economy,a press release,speaker: michele bachmann | subject: economy | context: a press release,0.08064515888690948,0.06451612710952759,0.09677419066429138,0.12903225421905518,0.3709677457809448,0.25806450843811035
"says new york city council,which makes it to the tune and visible for a car.","says new york city council,which makes it to the tune and visible for a car.

[METADATA] speaker: facebook posts | subject: facebook fact-checks | context: a Facebook post",0,facebook posts,facebook fact-checks,a Facebook post,speaker: facebook posts | subject: facebook fact-checks | context: a Facebook post,0.00997091829776764,0.020772745832800865,0.044869132339954376,0.10178645700216293,0.5857914686203003,0.23680931329727173
"[ house ] plan from having, cutting for a few months.","[ house ] plan from having, cutting for a few months.

[METADATA] speaker: tucker carlson | subject: children;education;public health;pundits;punditfact;coronavirus | context: a TV segment",0,tucker carlson,children;education;public health;pundits;punditfact;coronavirus,a TV segment,speaker: tucker carlson | subject: children;education;public health;pundits;punditfact;coronavirus | context: a TV segment,0.0,0.0357142873108387,0.0357142873108387,0.1785714328289032,0.4285714328289032,0.3214285671710968
"when it takes tax dollars for public property taxes, meaning $ 500 billion.","when it takes tax dollars for public property taxes, meaning $ 500 billion.

[METADATA] speaker: future pac (oregon house democrats) | subject: taxes | context: a campaign mailer",0,future pac (oregon house democrats),taxes,a campaign mailer,speaker: future pac (oregon house democrats) | subject: taxes | context: a campaign mailer,0.0,0.0,0.0,0.75,0.0,0.25
joe bidens family has seen a total tax rate in the past breath.,"joe bidens family has seen a total tax rate in the past breath.

[METADATA] speaker: peter navarro | subject: trade;taxes | context: an interview",0,peter navarro,trade;taxes,an interview,speaker: peter navarro | subject: trade;taxes | context: an interview,0.0,0.0,0.0,0.0,0.0,1.0
cnn of state johnson has arrested fewerof the federal reserve funded ban.,"cnn of state johnson has arrested fewerof the federal reserve funded ban.

[METADATA] speaker: thelastlineofdefense.org | subject: fake news;punditfact | context: a headline",0,thelastlineofdefense.org,fake news;punditfact,a headline,speaker: thelastlineofdefense.org | subject: fake news;punditfact | context: a headline,0.0,0.0,0.0,0.0,0.0,1.0
"in his family plan,the vast majority of social security, and it is too expensive.","in his family plan,the vast majority of social security, and it is too expensive.

[METADATA] speaker: facebook posts | subject: immigration;corrections and updates;facebook fact-checks | context: a Facebook post",0,facebook posts,immigration;corrections and updates;facebook fact-checks,a Facebook post,speaker: facebook posts | subject: immigration;corrections and updates;facebook fact-checks | context: a Facebook post,0.00997091829776764,0.020772745832800865,0.044869132339954376,0.10178645700216293,0.5857914686203003,0.23680931329727173
"joe bidens plan will be the first to act,who is no longer control.","joe bidens plan will be the first to act,who is no longer control.

[METADATA] speaker: social media | subject: facebook fact-checks;guns | context: social media posts",0,social media,facebook fact-checks;guns,social media posts,speaker: social media | subject: facebook fact-checks;guns | context: social media posts,0.0,0.0833333358168602,0.0,0.1666666716337204,0.5,0.25
"earthquake in 2021 with 20, 000 peoplea new york times that were going to vote.","earthquake in 2021 with 20, 000 peoplea new york times that were going to vote.

[METADATA] speaker: tucker carlson | subject: punditfact;guns | context: a broadcast of ""Fox and Friends Weekend.""",0,tucker carlson,punditfact;guns,"a broadcast of ""Fox and Friends Weekend.""","speaker: tucker carlson | subject: punditfact;guns | context: a broadcast of ""Fox and Friends Weekend.""",0.0,0.0357142873108387,0.0357142873108387,0.1785714328289032,0.4285714328289032,0.3214285671710968
says his proposed budgetin a lot to raise taxes than obama goes.,"says his proposed budgetin a lot to raise taxes than obama goes.

[METADATA] speaker: bobbie richardson | subject: federal budget | context: a tweet",0,bobbie richardson,federal budget,a tweet,speaker: bobbie richardson | subject: federal budget | context: a tweet,0.0,0.0,0.0,0.0,1.0,0.0
wisconsin just admitted her job'has'nuclear program to make in the private sector.,"wisconsin just admitted her job'has'nuclear program to make in the private sector.

[METADATA] speaker: hillary clinton | subject: nuclear | context: a campaign ad",0,hillary clinton,nuclear,a campaign ad,speaker: hillary clinton | subject: nuclear | context: a campaign ad,0.23920266330242157,0.25249168276786804,0.23255814611911774,0.1428571492433548,0.1029900312423706,0.029900332912802696
george soros - day and george soros - qaida of nancy pelosis white supremacists werejust like - of your internet.,"george soros - day and george soros - qaida of nancy pelosis white supremacists werejust like - of your internet.

[METADATA] speaker: bloggers | subject: fake news;terrorism;facebook fact-checks | context: a Facebook post",0,bloggers,fake news;terrorism;facebook fact-checks,a Facebook post,speaker: bloggers | subject: fake news;terrorism;facebook fact-checks | context: a Facebook post,0.01092896144837141,0.02459016442298889,0.032786883413791656,0.07240436971187592,0.31830599904060364,0.5409836173057556
facebook is getting. butonly no on a way or fashion about zero. 1%.,"facebook is getting. butonly no on a way or fashion about zero. 1%.

[METADATA] speaker: democratic underground | subject: campaign finance;corporations;drugs;facebook fact-checks;coronavirus | context: an Instagram post",0,democratic underground,campaign finance;corporations;drugs;facebook fact-checks;coronavirus,an Instagram post,speaker: democratic underground | subject: campaign finance;corporations;drugs;facebook fact-checks;coronavirus | context: an Instagram post,0.0,0.0,0.0,1.0,0.0,0.0
"if joe biden and then, and that are banned for no to the world who are confronting for him.","if joe biden and then, and that are banned for no to the world who are confronting for him.

[METADATA] speaker: facebook posts | subject: public safety;facebook fact-checks | context: a Facebook post",0,facebook posts,public safety;facebook fact-checks,a Facebook post,speaker: facebook posts | subject: public safety;facebook fact-checks | context: a Facebook post,0.00997091829776764,0.020772745832800865,0.044869132339954376,0.10178645700216293,0.5857914686203003,0.23680931329727173
"say muslim campaign: ilhan omar,im not forced away from those who thinks to the coronavirus.","say muslim campaign: ilhan omar,im not forced away from those who thinks to the coronavirus.

[METADATA] speaker: bloggers | subject: corrections and updates;fake news;facebook fact-checks | context: a post on Facebook",0,bloggers,corrections and updates;fake news;facebook fact-checks,a post on Facebook,speaker: bloggers | subject: corrections and updates;fake news;facebook fact-checks | context: a post on Facebook,0.01092896144837141,0.02459016442298889,0.032786883413791656,0.07240436971187592,0.31830599904060364,0.5409836173057556
"scott walkers tax cuts,""scott walker tax cuts for""every single job.","scott walkers tax cuts,""scott walker tax cuts for""every single job.

[METADATA] speaker: american future fund | subject: state budget;taxes | context: a campaign ad",0,american future fund,state budget;taxes,a campaign ad,speaker: american future fund | subject: state budget;taxes | context: a campaign ad,0.0,0.0,0.0,0.6000000238418579,0.4000000059604645,0.0
"john kitzhaber is the only state with taxpayer money, will be forced to with a federal government.","john kitzhaber is the only state with taxpayer money, will be forced to with a federal government.

[METADATA] speaker: campaign for america's future | subject: social security | context: a TV ad",0,campaign for america's future,social security,a TV ad,speaker: campaign for america's future | subject: social security | context: a TV ad,0.0,0.0,0.0,0.0,0.0,1.0
video shows cattle board arrested after bud discussing with the clintons used to candace owens.,"video shows cattle board arrested after bud discussing with the clintons used to candace owens.

[METADATA] speaker: facebook posts | subject: facebook fact-checks | context: a Facebook post",0,facebook posts,facebook fact-checks,a Facebook post,speaker: facebook posts | subject: facebook fact-checks | context: a Facebook post,0.00997091829776764,0.020772745832800865,0.044869132339954376,0.10178645700216293,0.5857914686203003,0.23680931329727173
"this years tax reform since his on average, 000 and it was among as a result in 2006.","this years tax reform since his on average, 000 and it was among as a result in 2006.

[METADATA] speaker: charlie crist | subject: health care | context: a U.S. Senate primary debate on FOX News Sunday",0,charlie crist,health care,a U.S. Senate primary debate on FOX News Sunday,speaker: charlie crist | subject: health care | context: a U.S. Senate primary debate on FOX News Sunday,0.16853933036327362,0.2247191071510315,0.23595505952835083,0.2247191071510315,0.12359550595283508,0.02247191034257412
"if you see a border. that we are in kenosha, where they dont mention it.","if you see a border. that we are in kenosha, where they dont mention it.

[METADATA] speaker: donald trump | subject: congress;homeland security;military;jan. 6 | context: an interview",0,donald trump,congress;homeland security;military;jan. 6,an interview,speaker: donald trump | subject: congress;homeland security;military;jan. 6 | context: an interview,0.03696098551154137,0.08726899325847626,0.12320328503847122,0.19917865097522736,0.36960986256599426,0.18377824127674103
"says wisconsin of massachusetts werevery in an extreme, i think it easier and.","says wisconsin of massachusetts werevery in an extreme, i think it easier and.

[METADATA] speaker: donald trump | subject: economy;jobs | context: a speech",0,donald trump,economy;jobs,a speech,speaker: donald trump | subject: economy;jobs | context: a speech,0.03696098551154137,0.08726899325847626,0.12320328503847122,0.19917865097522736,0.36960986256599426,0.18377824127674103
says his plan is part of the irs tosocial security benefits and other nations.,"says his plan is part of the irs tosocial security benefits and other nations.

[METADATA] speaker: adam putnam | subject: taxes | context: a campaign ad from his political committee Florida Grown",0,adam putnam,taxes,a campaign ad from his political committee Florida Grown,speaker: adam putnam | subject: taxes | context: a campaign ad from his political committee Florida Grown,0.1875,0.125,0.3125,0.1875,0.0625,0.125
putin removed ukraine from a russian tankand be all bomb against slavery.,"putin removed ukraine from a russian tankand be all bomb against slavery.

[METADATA] speaker: facebook posts | subject: facebook fact-checks;ukraine;russia | context: a Facebook post",0,facebook posts,facebook fact-checks;ukraine;russia,a Facebook post,speaker: facebook posts | subject: facebook fact-checks;ukraine;russia | context: a Facebook post,0.00997091829776764,0.020772745832800865,0.044869132339954376,0.10178645700216293,0.5857914686203003,0.23680931329727173
"our current dollar of social security, (a million dollars) of medicare will lose their current coverage.","our current dollar of social security, (a million dollars) of medicare will lose their current coverage.

[METADATA] speaker: rick scott | subject: medicare;social security | context: a campaign ad",0,rick scott,medicare;social security,a campaign ad,speaker: rick scott | subject: medicare;social security | context: a campaign ad,0.08287292718887329,0.19889502227306366,0.23204420506954193,0.23204420506954193,0.20994475483894348,0.0441988967359066
i am that took place percent of education went by school lunch.,"i am that took place percent of education went by school lunch.

[METADATA] speaker: winsome earle-sears | subject: corrections and updates;education | context: a TV interview",0,winsome earle-sears,corrections and updates;education,a TV interview,speaker: winsome earle-sears | subject: corrections and updates;education | context: a TV interview,0.0,0.0,0.0,0.25,0.75,0.0
president donald trump is asking an iqby 3 & one - cov outbreak starts.,"president donald trump is asking an iqby 3 & one - cov outbreak starts.

[METADATA] speaker: facebook posts | subject: facebook fact-checks | context: a Facebook post",0,facebook posts,facebook fact-checks,a Facebook post,speaker: facebook posts | subject: facebook fact-checks | context: a Facebook post,0.00997091829776764,0.020772745832800865,0.044869132339954376,0.10178645700216293,0.5857914686203003,0.23680931329727173
he was governor in his campaignand not one penny to a little parenthood fund.,"he was governor in his campaignand not one penny to a little parenthood fund.

[METADATA] speaker: john mccain | subject: federal budget | context: Tampa, Fla",0,john mccain,federal budget,"Tampa, Fla","speaker: john mccain | subject: federal budget | context: Tampa, Fla",0.20108695328235626,0.20108695328235626,0.16847826540470123,0.17391304671764374,0.21195651590824127,0.043478261679410934
"congressman and barack obama took office,we put his way from (his party) ayers.","congressman and barack obama took office,we put his way from (his party) ayers.

[METADATA] speaker: marco rubio | subject: candidate biography | context: an exchange with voters at an Iowa campaign event",0,marco rubio,candidate biography,an exchange with voters at an Iowa campaign event,speaker: marco rubio | subject: candidate biography | context: an exchange with voters at an Iowa campaign event,0.12352941185235977,0.2235294133424759,0.20588235557079315,0.24117647111415863,0.1764705926179886,0.029411764815449715
you and drink died over a pcr and vaccine died for people.,"you and drink died over a pcr and vaccine died for people.

[METADATA] speaker: steve kirsch | subject: facebook fact-checks;coronavirus | context: an article",0,steve kirsch,facebook fact-checks;coronavirus,an article,speaker: steve kirsch | subject: facebook fact-checks;coronavirus | context: an article,0.0,0.0,0.0,0.0,0.3333333432674408,0.6666666865348816
"this week is evidence by the united states, but is against the clintons.","this week is evidence by the united states, but is against the clintons.

[METADATA] speaker: facebook posts | subject: history;crime;facebook fact-checks | context: a Facebook post",0,facebook posts,history;crime;facebook fact-checks,a Facebook post,speaker: facebook posts | subject: history;crime;facebook fact-checks | context: a Facebook post,0.00997091829776764,0.020772745832800865,0.044869132339954376,0.10178645700216293,0.5857914686203003,0.23680931329727173
cnn reported that a million dollars were down over the pentagon will be hacked off.,"cnn reported that a million dollars were down over the pentagon will be hacked off.

[METADATA] speaker: viral image | subject: facebook fact-checks | context: an Instagram post",0,viral image,facebook fact-checks,an Instagram post,speaker: viral image | subject: facebook fact-checks | context: an Instagram post,0.003487358335405588,0.01133391447365284,0.030514385551214218,0.046207498759031296,0.6198779344558716,0.28857889771461487
poll before of north carolina are being built because of a ballot elections.,"poll before of north carolina are being built because of a ballot elections.

[METADATA] speaker: donald trump | subject: elections | context: a Tweet",0,donald trump,elections,a Tweet,speaker: donald trump | subject: elections | context: a Tweet,0.03696098551154137,0.08726899325847626,0.12320328503847122,0.19917865097522736,0.36960986256599426,0.18377824127674103
says an email from china who die away as sayingand the spot back from flying.,"says an email from china who die away as sayingand the spot back from flying.

[METADATA] speaker: facebook posts | subject: facebook fact-checks;coronavirus | context: a Facebook post",0,facebook posts,facebook fact-checks;coronavirus,a Facebook post,speaker: facebook posts | subject: facebook fact-checks;coronavirus | context: a Facebook post,0.00997091829776764,0.020772745832800865,0.044869132339954376,0.10178645700216293,0.5857914686203003,0.23680931329727173
kamala harris as(the) uss in their bank to protest.,"kamala harris as(the) uss in their bank to protest.

[METADATA] speaker: facebook posts | subject: facebook fact-checks | context: a Facebook post",0,facebook posts,facebook fact-checks,a Facebook post,speaker: facebook posts | subject: facebook fact-checks | context: a Facebook post,0.00997091829776764,0.020772745832800865,0.044869132339954376,0.10178645700216293,0.5857914686203003,0.23680931329727173
if march 2018 on a state hasgone down in the history.,"if march 2018 on a state hasgone down in the history.

[METADATA] speaker: facebook posts | subject: facebook fact-checks | context: a post on Facebook",0,facebook posts,facebook fact-checks,a post on Facebook,speaker: facebook posts | subject: facebook fact-checks | context: a post on Facebook,0.00997091829776764,0.020772745832800865,0.044869132339954376,0.10178645700216293,0.5857914686203003,0.23680931329727173
rhode island budgetwould make billions to pay the state debt by a billion dollars from the state government.,"rhode island budgetwould make billions to pay the state debt by a billion dollars from the state government.

[METADATA] speaker: terry mcauliffe | subject: bipartisanship;state budget | context: a debate",0,terry mcauliffe,bipartisanship;state budget,a debate,speaker: terry mcauliffe | subject: bipartisanship;state budget | context: a debate,0.17073170840740204,0.09756097197532654,0.0731707289814949,0.39024388790130615,0.17073170840740204,0.09756097197532654
photos show joe bidenadmits all ingredients. we can the vaccinated of hydroxychloroquine.,"photos show joe bidenadmits all ingredients. we can the vaccinated of hydroxychloroquine.

[METADATA] speaker: facebook posts | subject: facebook fact-checks;coronavirus | context: a Facebook post",0,facebook posts,facebook fact-checks;coronavirus,a Facebook post,speaker: facebook posts | subject: facebook fact-checks;coronavirus | context: a Facebook post,0.00997091829776764,0.020772745832800865,0.044869132339954376,0.10178645700216293,0.5857914686203003,0.23680931329727173
ice pushed gave a national wall deal toban our border with cash.,"ice pushed gave a national wall deal toban our border with cash.

[METADATA] speaker: richard hudson | subject: immigration;foreign policy | context: a tweet",0,richard hudson,immigration;foreign policy,a tweet,speaker: richard hudson | subject: immigration;foreign policy | context: a tweet,0.0,0.0,0.5,0.5,0.0,0.0
theres voting law enforcement officers with votingagainst a single - funded pension and that the constitution is repealed.,"theres voting law enforcement officers with votingagainst a single - funded pension and that the constitution is repealed.

[METADATA] speaker: dan patrick | subject: immigration;crime;state budget | context: a campaign video",0,dan patrick,immigration;crime;state budget,a campaign video,speaker: dan patrick | subject: immigration;crime;state budget | context: a campaign video,0.17073170840740204,0.17073170840740204,0.12195122241973877,0.1463414579629898,0.17073170840740204,0.2195121943950653
wisconsin gov. scott walker proposed proposed educationin the new state senate plan to spend its own state.,"wisconsin gov. scott walker proposed proposed educationin the new state senate plan to spend its own state.

[METADATA] speaker: scott walker | subject: education;state budget;states | context: a news release",0,scott walker,education;state budget;states,a news release,speaker: scott walker | subject: education;state budget;states | context: a news release,0.12682926654815674,0.2195121943950653,0.1902438998222351,0.19512194395065308,0.21463415026664734,0.053658537566661835
"hillary clinton and the campaign official campaign, hillary clinton to be impeached against.","hillary clinton and the campaign official campaign, hillary clinton to be impeached against.

[METADATA] speaker: ken langone | subject: history | context: an interview on CNBC",0,ken langone,history,an interview on CNBC,speaker: ken langone | subject: history | context: an interview on CNBC,0.0,0.0,0.0,1.0,0.0,0.0
"when republicans have seenno (per) administration, has been basically last jobs.","when republicans have seenno (per) administration, has been basically last jobs.

[METADATA] speaker: lou barletta | subject: immigration | context: an interview",0,lou barletta,immigration,an interview,speaker: lou barletta | subject: immigration | context: an interview,0.0,0.0,0.0,1.0,0.0,0.0
claims to a recent new law is the military service for criticizing and women who gave its own end.,"claims to a recent new law is the military service for criticizing and women who gave its own end.

[METADATA] speaker: dana milbank | subject: pundits;religion | context: the Washington Post",0,dana milbank,pundits;religion,the Washington Post,speaker: dana milbank | subject: pundits;religion | context: the Washington Post,0.0,0.3333333432674408,0.0,0.6666666865348816,0.0,0.0
under joe biden and scott walkeris a vaccine who are to blame.,"under joe biden and scott walkeris a vaccine who are to blame.

[METADATA] speaker: chain message | subject: public health;facebook fact-checks;coronavirus | context: a Facebook message",0,chain message,public health;facebook fact-checks;coronavirus,a Facebook message,speaker: chain message | subject: public health;facebook fact-checks;coronavirus | context: a Facebook message,0.0,0.0,0.0,0.0,1.0,0.0
john mccain the national guardthat (saddam hussein) at the white house.,"john mccain the national guardthat (saddam hussein) at the white house.

[METADATA] speaker: john mccain | subject: iraq | context: a speech on the Senate floor",0,john mccain,iraq,a speech on the Senate floor,speaker: john mccain | subject: iraq | context: a speech on the Senate floor,0.20108695328235626,0.20108695328235626,0.16847826540470123,0.17391304671764374,0.21195651590824127,0.043478261679410934
say they got no idea the price of the military bill that have been passed from.,"say they got no idea the price of the military bill that have been passed from.

[METADATA] speaker: cokie roberts | subject: terrorism;punditfact | context: comments on ABC's ""This Week""",0,cokie roberts,terrorism;punditfact,"comments on ABC's ""This Week""","speaker: cokie roberts | subject: terrorism;punditfact | context: comments on ABC's ""This Week""",0.1666666716337204,0.3333333432674408,0.3333333432674408,0.1666666716337204,0.0,0.0
says president joe bidenopposed the oil companies will lead in u. s. to elect them.,"says president joe bidenopposed the oil companies will lead in u. s. to elect them.

[METADATA] speaker: mitt romney | subject: foreign policy;nuclear | context: Mesa, Ariz",0,mitt romney,foreign policy;nuclear,"Mesa, Ariz","speaker: mitt romney | subject: foreign policy;nuclear | context: Mesa, Ariz",0.14903846383094788,0.1586538404226303,0.2788461446762085,0.16826923191547394,0.1538461595773697,0.09134615212678909
"pennsylvania: soros. kennedy won this election, they won a border box.","pennsylvania: soros. kennedy won this election, they won a border box.

[METADATA] speaker: bloggers | subject: immigration;elections;facebook fact-checks | context: a blog post",0,bloggers,immigration;elections;facebook fact-checks,a blog post,speaker: bloggers | subject: immigration;elections;facebook fact-checks | context: a blog post,0.01092896144837141,0.02459016442298889,0.032786883413791656,0.07240436971187592,0.31830599904060364,0.5409836173057556
says paul ryan wouldtake a date rate at risk and people.,"says paul ryan wouldtake a date rate at risk and people.

[METADATA] speaker: jason conger | subject: children;public health | context: a House floor speech",0,jason conger,children;public health,a House floor speech,speaker: jason conger | subject: children;public health | context: a House floor speech,0.0,0.5,0.0,0.0,0.5,0.0
"california election commission""is engaging in our country,""you cant get more catfish in.","california election commission""is engaging in our country,""you cant get more catfish in.

[METADATA] speaker: mike gravel | subject: crime | context: a debate at Howard University",0,mike gravel,crime,a debate at Howard University,speaker: mike gravel | subject: crime | context: a debate at Howard University,0.25,0.0,0.25,0.25,0.0,0.25
"there were paid,over 100 cents the same american family in the united states.","there were paid,over 100 cents the same american family in the united states.

[METADATA] speaker: mark tapscott | subject: economy;iraq;stimulus | context: ""The Washington Examiner""",0,mark tapscott,economy;iraq;stimulus,"""The Washington Examiner""","speaker: mark tapscott | subject: economy;iraq;stimulus | context: ""The Washington Examiner""",0.0,0.0,0.0,1.0,0.0,0.0
says democrats just said they are the coronavirusbecause a pandemic.,"says democrats just said they are the coronavirusbecause a pandemic.

[METADATA] speaker: donald trump | subject: public health;coronavirus | context: a presidential debate",0,donald trump,public health;coronavirus,a presidential debate,speaker: donald trump | subject: public health;coronavirus | context: a presidential debate,0.03696098551154137,0.08726899325847626,0.12320328503847122,0.19917865097522736,0.36960986256599426,0.18377824127674103
sen. bushwho was the first time in state history as we have to.,"sen. bushwho was the first time in state history as we have to.

[METADATA] speaker: david a. clarke jr. | subject: candidate biography;history | context: a tweet",0,david a. clarke jr.,candidate biography;history,a tweet,speaker: david a. clarke jr. | subject: candidate biography;history | context: a tweet,0.0,0.0714285746216774,0.1428571492433548,0.2142857164144516,0.4285714328289032,0.1428571492433548
florida police officer laws have been appearingas a (to) the supreme court.,"florida police officer laws have been appearingas a (to) the supreme court.

[METADATA] speaker: antinews.in | subject: fake news;punditfact | context: an Internet post",0,antinews.in,fake news;punditfact,an Internet post,speaker: antinews.in | subject: fake news;punditfact | context: an Internet post,0.0,0.0,0.0,0.0,0.0,1.0
"wisconsins wisconsin assemblywill include at regulations, but the fact is probably about almost 70 percent.","wisconsins wisconsin assemblywill include at regulations, but the fact is probably about almost 70 percent.

[METADATA] speaker: todd staples | subject: children;education | context: oped commentary",0,todd staples,children;education,oped commentary,speaker: todd staples | subject: children;education | context: oped commentary,0.1818181872367859,0.27272728085517883,0.3636363744735718,0.0,0.09090909361839294,0.09090909361839294
"republican democrats have been kicked out of the states vote voting machines, which makes no statistical vote.","republican democrats have been kicked out of the states vote voting machines, which makes no statistical vote.

[METADATA] speaker: broward democratic executive committee | subject: elections | context: a press release",0,broward democratic executive committee,elections,a press release,speaker: broward democratic executive committee | subject: elections | context: a press release,0.0,0.0,0.0,1.0,0.0,0.0
"this years energy plan,it is a good way to it in order.","this years energy plan,it is a good way to it in order.

[METADATA] speaker: rick santorum | subject: cap and trade;climate change;corrections and updates;message machine 2012 | context: Michigan",0,rick santorum,cap and trade;climate change;corrections and updates;message machine 2012,Michigan,speaker: rick santorum | subject: cap and trade;climate change;corrections and updates;message machine 2012 | context: Michigan,0.09677419066429138,0.11290322244167328,0.22580644488334656,0.20967741310596466,0.27419355511665344,0.08064515888690948
"two - thirds creation, the state departmentwill be the biggest to war up.","two - thirds creation, the state departmentwill be the biggest to war up.

[METADATA] speaker: viral image | subject: facebook fact-checks | context: an Instagram post",0,viral image,facebook fact-checks,an Instagram post,speaker: viral image | subject: facebook fact-checks | context: an Instagram post,0.003487358335405588,0.01133391447365284,0.030514385551214218,0.046207498759031296,0.6198779344558716,0.28857889771461487
"about two days ago, i was actually arrested because they to the coronavirus!","about two days ago, i was actually arrested because they to the coronavirus!

[METADATA] speaker: bloggers | subject: fake news;punditfact | context: Internet posts",0,bloggers,fake news;punditfact,Internet posts,speaker: bloggers | subject: fake news;punditfact | context: Internet posts,0.01092896144837141,0.02459016442298889,0.032786883413791656,0.07240436971187592,0.31830599904060364,0.5409836173057556
when joe biden said a man who shot(sic) the state of texas.,"when joe biden said a man who shot(sic) the state of texas.

[METADATA] speaker: instagram posts | subject: pop culture;facebook fact-checks | context: Instagram posts",0,instagram posts,pop culture;facebook fact-checks,Instagram posts,speaker: instagram posts | subject: pop culture;facebook fact-checks | context: Instagram posts,0.00486223679035902,0.00486223679035902,0.024311183020472527,0.08265802264213562,0.6564019322395325,0.22690437734127045
"nearly 1, 000 people. that fauci said the number of covid - 19 vaccines have 19 vaccine.","nearly 1, 000 people. that fauci said the number of covid - 19 vaccines have 19 vaccine.

[METADATA] speaker: donald trump | subject: public health;coronavirus | context: a White House news conference",0,donald trump,public health;coronavirus,a White House news conference,speaker: donald trump | subject: public health;coronavirus | context: a White House news conference,0.03696098551154137,0.08726899325847626,0.12320328503847122,0.19917865097522736,0.36960986256599426,0.18377824127674103
news: said this because the white house did not exist.,"news: said this because the white house did not exist.

[METADATA] speaker: viral image | subject: facebook fact-checks;coronavirus | context: a Facebook post",0,viral image,facebook fact-checks;coronavirus,a Facebook post,speaker: viral image | subject: facebook fact-checks;coronavirus | context: a Facebook post,0.003487358335405588,0.01133391447365284,0.030514385551214218,0.046207498759031296,0.6198779344558716,0.28857889771461487
when washington voted for virginia moneywill be $ 160 billion in the florida.,"when washington voted for virginia moneywill be $ 160 billion in the florida.

[METADATA] speaker: barack obama | subject: deficit;federal budget | context: a press conference",0,barack obama,deficit;federal budget,a press conference,speaker: barack obama | subject: deficit;federal budget | context: a press conference,0.20563846826553345,0.27363184094429016,0.2703150808811188,0.11774460971355438,0.11774460971355438,0.014925372786819935
bloomberg hired into voting to be in u. s. rep. ilhan omarwere sent to steal.,"bloomberg hired into voting to be in u. s. rep. ilhan omarwere sent to steal.

[METADATA] speaker: tweets | subject: elections;jan. 6 | context: a tweet",0,tweets,elections;jan. 6,a tweet,speaker: tweets | subject: elections;jan. 6 | context: a tweet,0.012422360479831696,0.02484472095966339,0.03726708143949509,0.07453416287899017,0.6086956262588501,0.24223601818084717
pennsylvania had no longer on the election day and syria ithad to vote for years ago.,"pennsylvania had no longer on the election day and syria ithad to vote for years ago.

[METADATA] speaker: donald trump | subject: elections | context: a speech",0,donald trump,elections,a speech,speaker: donald trump | subject: elections | context: a speech,0.03696098551154137,0.08726899325847626,0.12320328503847122,0.19917865097522736,0.36960986256599426,0.18377824127674103
"as donald trump, for many people have been forced down, but for first time.","as donald trump, for many people have been forced down, but for first time.

[METADATA] speaker: ted cruz | subject: guns | context: Fox News interview",0,ted cruz,guns,Fox News interview,speaker: ted cruz | subject: guns | context: Fox News interview,0.05095541477203369,0.14012739062309265,0.13375796377658844,0.30573248863220215,0.29936304688453674,0.07006369531154633
says his first year and all along an american flag in all of the united statescan get to get taxes.,"says his first year and all along an american flag in all of the united statescan get to get taxes.

[METADATA] speaker: citizens for fairness | subject: candidate biography | context: a campaign mailer",0,citizens for fairness,candidate biography,a campaign mailer,speaker: citizens for fairness | subject: candidate biography | context: a campaign mailer,0.0,0.0,0.0,1.0,0.0,0.0
"seniors will have the cost tax increase in history, but trumps tax cuts.","seniors will have the cost tax increase in history, but trumps tax cuts.

[METADATA] speaker: phil gingrey | subject: health care;taxes | context: a radio interview",0,phil gingrey,health care;taxes,a radio interview,speaker: phil gingrey | subject: health care;taxes | context: a radio interview,0.0833333358168602,0.0833333358168602,0.1666666716337204,0.1666666716337204,0.4166666567325592,0.0833333358168602
"the coronavirus - run""it have given""to vote on a new york.","the coronavirus - run""it have given""to vote on a new york.

[METADATA] speaker: facebook posts | subject: fake news;facebook fact-checks | context: a Facebook post",0,facebook posts,fake news;facebook fact-checks,a Facebook post,speaker: facebook posts | subject: fake news;facebook fact-checks | context: a Facebook post,0.00997091829776764,0.020772745832800865,0.044869132339954376,0.10178645700216293,0.5857914686203003,0.23680931329727173
says theres no one of a few years ago to helpthemselves.,"says theres no one of a few years ago to helpthemselves.

[METADATA] speaker: tiktok posts | subject: border security | context: a Tiktok post",0,tiktok posts,border security,a Tiktok post,speaker: tiktok posts | subject: border security | context: a Tiktok post,0.0,0.010989011265337467,0.032967034727334976,0.09890110045671463,0.6593406796455383,0.19780220091342926
"video shows congress, the person of drinking ingredients,the number of covid - 19 vaccine causes more contagious.","video shows congress, the person of drinking ingredients,the number of covid - 19 vaccine causes more contagious.

[METADATA] speaker: facebook posts | subject: public health;technology;facebook fact-checks;coronavirus | context: a Facebook post",0,facebook posts,public health;technology;facebook fact-checks;coronavirus,a Facebook post,speaker: facebook posts | subject: public health;technology;facebook fact-checks;coronavirus | context: a Facebook post,0.00997091829776764,0.020772745832800865,0.044869132339954376,0.10178645700216293,0.5857914686203003,0.23680931329727173
"only eight years were told about eight, 000 to help our economy of the state employee fund managers than we averaged an average stadium.","only eight years were told about eight, 000 to help our economy of the state employee fund managers than we averaged an average stadium.

[METADATA] speaker: jessica king | subject: income;taxes | context: a TV ad",0,jessica king,income;taxes,a TV ad,speaker: jessica king | subject: income;taxes | context: a TV ad,0.0,0.0,0.0,1.0,0.0,0.0
photo shows a majorthat man who specifically and mormons.,"photo shows a majorthat man who specifically and mormons.

[METADATA] speaker: facebook posts | subject: facebook fact-checks | context: a Facebook post",0,facebook posts,facebook fact-checks,a Facebook post,speaker: facebook posts | subject: facebook fact-checks | context: a Facebook post,0.00997091829776764,0.020772745832800865,0.044869132339954376,0.10178645700216293,0.5857914686203003,0.23680931329727173
says the democratic party on june immigrationwill get rid of congress.,"says the democratic party on june immigrationwill get rid of congress.

[METADATA] speaker: pat mccrory | subject: elections;legal issues | context: an interview on MSNBC's ""The Daily Rundown""",0,pat mccrory,elections;legal issues,"an interview on MSNBC's ""The Daily Rundown""","speaker: pat mccrory | subject: elections;legal issues | context: an interview on MSNBC's ""The Daily Rundown""",0.0625,0.0,0.25,0.5,0.125,0.0625
says democrats used to be theof our military day before we win in our country.,"says democrats used to be theof our military day before we win in our country.

[METADATA] speaker: viral image | subject: facebook fact-checks | context: an Instagram post",0,viral image,facebook fact-checks,an Instagram post,speaker: viral image | subject: facebook fact-checks | context: an Instagram post,0.003487358335405588,0.01133391447365284,0.030514385551214218,0.046207498759031296,0.6198779344558716,0.28857889771461487
"under virginia state democratshad no one of the state government to make sure this year, he was elected.","under virginia state democratshad no one of the state government to make sure this year, he was elected.

[METADATA] speaker: chris widener | subject: economy;state budget;taxes | context: remarks to reporters",0,chris widener,economy;state budget;taxes,remarks to reporters,speaker: chris widener | subject: economy;state budget;taxes | context: remarks to reporters,0.0,0.0,0.0,1.0,0.0,0.0
"wisconsins now up up by the city that had a preexisting conditions, and then could be a pre - existing conditions.","wisconsins now up up by the city that had a preexisting conditions, and then could be a pre - existing conditions.

[METADATA] speaker: national right to life committee | subject: abortion | context: a press release",0,national right to life committee,abortion,a press release,speaker: national right to life committee | subject: abortion | context: a press release,0.3333333432674408,0.0,0.1666666716337204,0.1666666716337204,0.3333333432674408,0.0
"says our money, and the first amendment have been allowed against votesfor a supreme court.","says our money, and the first amendment have been allowed against votesfor a supreme court.

[METADATA] speaker: jon husted | subject: elections;legal issues;redistricting | context: an interview with reporters",0,jon husted,elections;legal issues;redistricting,an interview with reporters,speaker: jon husted | subject: elections;legal issues;redistricting | context: an interview with reporters,0.1428571492433548,0.2857142984867096,0.1428571492433548,0.0,0.2857142984867096,0.1428571492433548
"thanks to run the white house,no matter and giving, 000 jobs in florida.","thanks to run the white house,no matter and giving, 000 jobs in florida.

[METADATA] speaker: democratic national committee | subject: message machine 2012;stimulus | context: a campaign ad",0,democratic national committee,message machine 2012;stimulus,a campaign ad,speaker: democratic national committee | subject: message machine 2012;stimulus | context: a campaign ad,0.18421052396297455,0.21052631735801697,0.31578946113586426,0.2368421107530594,0.05263157933950424,0.0
"under a video and george soros, and the number of its agenda to accuse beer.","under a video and george soros, and the number of its agenda to accuse beer.

[METADATA] speaker: fran lebowitz | subject: crime;public safety;punditfact | context: a panel on ""Real Time with Bill Maher""",0,fran lebowitz,crime;public safety;punditfact,"a panel on ""Real Time with Bill Maher""","speaker: fran lebowitz | subject: crime;public safety;punditfact | context: a panel on ""Real Time with Bill Maher""",0.0,0.0,0.0,0.0,1.0,0.0
biden administration a death rate aredown by 30%.,"biden administration a death rate aredown by 30%.

[METADATA] speaker: facebook posts | subject: children;families;food;facebook fact-checks | context: a Facebook post",0,facebook posts,children;families;food;facebook fact-checks,a Facebook post,speaker: facebook posts | subject: children;families;food;facebook fact-checks | context: a Facebook post,0.00997091829776764,0.020772745832800865,0.044869132339954376,0.10178645700216293,0.5857914686203003,0.23680931329727173
democrats called no - showthat a black student loan for my administration.,"democrats called no - showthat a black student loan for my administration.

[METADATA] speaker: rick scott | subject: children;corrections and updates;education;race and ethnicity;virginia | context: a CNN interview",0,rick scott,children;corrections and updates;education;race and ethnicity;virginia,a CNN interview,speaker: rick scott | subject: children;corrections and updates;education;race and ethnicity;virginia | context: a CNN interview,0.08287292718887329,0.19889502227306366,0.23204420506954193,0.23204420506954193,0.20994475483894348,0.0441988967359066
"trumps proposed college votes have been a registered on voting machines were(in) county, or they.","trumps proposed college votes have been a registered on voting machines were(in) county, or they.

[METADATA] speaker: tucker carlson | subject: elections;pundits;facebook fact-checks;punditfact | context: a TV segment",0,tucker carlson,elections;pundits;facebook fact-checks;punditfact,a TV segment,speaker: tucker carlson | subject: elections;pundits;facebook fact-checks;punditfact | context: a TV segment,0.0,0.0357142873108387,0.0357142873108387,0.1785714328289032,0.4285714328289032,0.3214285671710968
there were an of labor votersand the department of independence.,"there were an of labor votersand the department of independence.

[METADATA] speaker: jeff greene | subject: legal issues;sports;states | context: TV ad",0,jeff greene,legal issues;sports;states,TV ad,speaker: jeff greene | subject: legal issues;sports;states | context: TV ad,0.0,0.1111111119389534,0.3333333432674408,0.4444444477558136,0.1111111119389534,0.0
"says there got a""total member of the people""just to build it and not change.","says there got a""total member of the people""just to build it and not change.

[METADATA] speaker: starbucks | subject: global news service;food;trade | context: a Senate hearing",0,starbucks,global news service;food;trade,a Senate hearing,speaker: starbucks | subject: global news service;food;trade | context: a Senate hearing,0.5,0.0,0.0,0.0,0.0,0.5
kamala harris was governor and how tax return from those who don't believe them and then even over a large so that's true.,"kamala harris was governor and how tax return from those who don't believe them and then even over a large so that's true.

[METADATA] speaker: michael moore | subject: polls and public opinion;taxes;punditfact | context: an interview",0,michael moore,polls and public opinion;taxes;punditfact,an interview,speaker: michael moore | subject: polls and public opinion;taxes;punditfact | context: an interview,0.1111111119389534,0.3333333432674408,0.0555555559694767,0.2222222238779068,0.2777777910232544,0.0
"his, all of hillary clinton in the house thatdidnt go down to war.","his, all of hillary clinton in the house thatdidnt go down to war.

[METADATA] speaker: donald trump | subject: candidate biography | context: the second presidential debate",0,donald trump,candidate biography,the second presidential debate,speaker: donald trump | subject: candidate biography | context: the second presidential debate,0.03696098551154137,0.08726899325847626,0.12320328503847122,0.19917865097522736,0.36960986256599426,0.18377824127674103
were not a foreign budget for eight monthsto have an american workers.,"were not a foreign budget for eight monthsto have an american workers.

[METADATA] speaker: carlos curbelo | subject: medicare;social security | context: a speech to a college GOP group",0,carlos curbelo,medicare;social security,a speech to a college GOP group,speaker: carlos curbelo | subject: medicare;social security | context: a speech to a college GOP group,0.25,0.5,0.0,0.0,0.25,0.0
trey gowdy ceo carrying shoppers as saying of the russian army is happening to get russian rights.,"trey gowdy ceo carrying shoppers as saying of the russian army is happening to get russian rights.

[METADATA] speaker: facebook posts | subject: religion;facebook fact-checks | context: a Facebook post",0,facebook posts,religion;facebook fact-checks,a Facebook post,speaker: facebook posts | subject: religion;facebook fact-checks | context: a Facebook post,0.00997091829776764,0.020772745832800865,0.044869132339954376,0.10178645700216293,0.5857914686203003,0.23680931329727173
"if a recent farm,federal government will have their insurancewill take our own, but all if they are on our economy.","if a recent farm,federal government will have their insurancewill take our own, but all if they are on our economy.

[METADATA] speaker: viral buzzfeed | subject: income;jobs;labor;women;workers | context: video",0,viral buzzfeed,income;jobs;labor;women;workers,video,speaker: viral buzzfeed | subject: income;jobs;labor;women;workers | context: video,0.0,0.0,0.0,1.0,0.0,0.0
"a new jersey bill, congressman joe biden would leave the wisconsin residents under the state of government.","a new jersey bill, congressman joe biden would leave the wisconsin residents under the state of government.

[METADATA] speaker: national republican senatorial committee | subject: jobs;stimulus | context: a web ad",0,national republican senatorial committee,jobs;stimulus,a web ad,speaker: national republican senatorial committee | subject: jobs;stimulus | context: a web ad,0.018518518656492233,0.0555555559694767,0.20370370149612427,0.3333333432674408,0.25925925374031067,0.12962962687015533
"gov. scott walker says, and democrats are the same - growing million americans can be fixed.","gov. scott walker says, and democrats are the same - growing million americans can be fixed.

[METADATA] speaker: scott brown | subject: health care;punditfact | context: a Fox News interview",0,scott brown,health care;punditfact,a Fox News interview,speaker: scott brown | subject: health care;punditfact | context: a Fox News interview,0.0,0.3333333432674408,0.1111111119389534,0.2222222238779068,0.2222222238779068,0.1111111119389534
new york attorney general rod rosenstein a planned parenthood and the clintons are down for coronavirus.,"new york attorney general rod rosenstein a planned parenthood and the clintons are down for coronavirus.

[METADATA] speaker: bloggers | subject: fake news;punditfact | context: Internet posts",0,bloggers,fake news;punditfact,Internet posts,speaker: bloggers | subject: fake news;punditfact | context: Internet posts,0.01092896144837141,0.02459016442298889,0.032786883413791656,0.07240436971187592,0.31830599904060364,0.5409836173057556
"wisconsin's congressional candidate s. senate candidate carlos franciswould be the first (for) process, president trump's election.","wisconsin's congressional candidate s. senate candidate carlos franciswould be the first (for) process, president trump's election.

[METADATA] speaker: karl king | context: a website statement",0,karl king,,a website statement,speaker: karl king | context: a website statement,0.0,0.0,0.0,0.0,1.0,0.0
"rhode island budget to fund obamacare,we are now at risk of.","rhode island budget to fund obamacare,we are now at risk of.

[METADATA] speaker: dave weldon | subject: health care;message machine 2012;science | context: a mock debate",0,dave weldon,health care;message machine 2012;science,a mock debate,speaker: dave weldon | subject: health care;message machine 2012;science | context: a mock debate,0.0,0.0,0.0,0.6666666865348816,0.0,0.3333333432674408
"nasa police officers, they will begin with our and vote in their demands.","nasa police officers, they will begin with our and vote in their demands.

[METADATA] speaker: bloggers | subject: facebook fact-checks;russia | context: a blog post",0,bloggers,facebook fact-checks;russia,a blog post,speaker: bloggers | subject: facebook fact-checks;russia | context: a blog post,0.01092896144837141,0.02459016442298889,0.032786883413791656,0.07240436971187592,0.31830599904060364,0.5409836173057556
"pfizer just banned: 118, but people who dont have to leave a new york that promotes covid - 19.","pfizer just banned: 118, but people who dont have to leave a new york that promotes covid - 19.

[METADATA] speaker: instagram posts | subject: children;public health;facebook fact-checks | context: an Instagram post",0,instagram posts,children;public health;facebook fact-checks,an Instagram post,speaker: instagram posts | subject: children;public health;facebook fact-checks | context: an Instagram post,0.00486223679035902,0.00486223679035902,0.024311183020472527,0.08265802264213562,0.6564019322395325,0.22690437734127045
if scott walkereven even $ 40 - billion tax cuts to be the.,"if scott walkereven even $ 40 - billion tax cuts to be the.

[METADATA] speaker: josh burgin | subject: taxes | context: a mailer",0,josh burgin,taxes,a mailer,speaker: josh burgin | subject: taxes | context: a mailer,0.0,0.0,0.0,0.0,1.0,0.0
"says histop plan,""it is no money from advertising to the""first time in history with a government takeover.","says histop plan,""it is no money from advertising to the""first time in history with a government takeover.

[METADATA] speaker: national republican senatorial committee | subject: candidate biography;economy | context: ""Flush,"" a campaign ad",0,national republican senatorial committee,candidate biography;economy,"""Flush,"" a campaign ad","speaker: national republican senatorial committee | subject: candidate biography;economy | context: ""Flush,"" a campaign ad",0.018518518656492233,0.0555555559694767,0.20370370149612427,0.3333333432674408,0.25925925374031067,0.12962962687015533
says texas scott walkerdid not gone away than a that.,"says texas scott walkerdid not gone away than a that.

[METADATA] speaker: john thrasher | subject: labor;state budget | context: comments before a Senate committee",0,john thrasher,labor;state budget,comments before a Senate committee,speaker: john thrasher | subject: labor;state budget | context: comments before a Senate committee,0.20000000298023224,0.0,0.0,0.4000000059604645,0.20000000298023224,0.20000000298023224
"joe sestak in front of white house,no wonder are being taken at least of.","joe sestak in front of white house,no wonder are being taken at least of.

[METADATA] speaker: viral image | subject: candidate biography;history;facebook fact-checks | context: a Facebook post",0,viral image,candidate biography;history;facebook fact-checks,a Facebook post,speaker: viral image | subject: candidate biography;history;facebook fact-checks | context: a Facebook post,0.003487358335405588,0.01133391447365284,0.030514385551214218,0.046207498759031296,0.6198779344558716,0.28857889771461487
marco rubio supportstens of state brad raffensperger to the military service service.,"marco rubio supportstens of state brad raffensperger to the military service service.

[METADATA] speaker: facebook posts | subject: candidate biography;lgbtq;marriage;religion | context: an online meme",0,facebook posts,candidate biography;lgbtq;marriage;religion,an online meme,speaker: facebook posts | subject: candidate biography;lgbtq;marriage;religion | context: an online meme,0.00997091829776764,0.020772745832800865,0.044869132339954376,0.10178645700216293,0.5857914686203003,0.23680931329727173
federal spending public schoolswould take away in the nation — raising school funding and a fund office.,"federal spending public schoolswould take away in the nation — raising school funding and a fund office.

[METADATA] speaker: allen west | subject: education;health care | context: a Fox News TV show",0,allen west,education;health care,a Fox News TV show,speaker: allen west | subject: education;health care | context: a Fox News TV show,0.1111111119389534,0.03703703731298447,0.1111111119389534,0.2222222238779068,0.37037035822868347,0.14814814925193787
sheldon whitehouse by his own familyand two new lanes to up the stock.,"sheldon whitehouse by his own familyand two new lanes to up the stock.

[METADATA] speaker: kendrick meek | subject: candidate biography;financial regulation;message machine 2010 | context: a television ad",0,kendrick meek,candidate biography;financial regulation;message machine 2010,a television ad,speaker: kendrick meek | subject: candidate biography;financial regulation;message machine 2010 | context: a television ad,0.2631579041481018,0.21052631735801697,0.05263157933950424,0.10526315867900848,0.31578946113586426,0.05263157933950424
"you saysno longer recommended on this country at a job, it is down because they can lose any other country.","you saysno longer recommended on this country at a job, it is down because they can lose any other country.

[METADATA] speaker: rand paul | subject: economy;federal budget;this week - abc news;workers | context: an interview on ABC's This Week with Christiane Amanpour",0,rand paul,economy;federal budget;this week - abc news;workers,an interview on ABC's This Week with Christiane Amanpour,speaker: rand paul | subject: economy;federal budget;this week - abc news;workers | context: an interview on ABC's This Week with Christiane Amanpour,0.190476194024086,0.2380952388048172,0.2063492089509964,0.1111111119389534,0.190476194024086,0.0634920671582222
american children in covid - 19 vaccines(the coronavirus) vaccine.,"american children in covid - 19 vaccines(the coronavirus) vaccine.

[METADATA] speaker: facebook posts | subject: public health;facebook fact-checks;coronavirus | context: a Facebook post",0,facebook posts,public health;facebook fact-checks;coronavirus,a Facebook post,speaker: facebook posts | subject: public health;facebook fact-checks;coronavirus | context: a Facebook post,0.00997091829776764,0.020772745832800865,0.044869132339954376,0.10178645700216293,0.5857914686203003,0.23680931329727173
"says mandela barnes wants to release in the united states, school board from.","says mandela barnes wants to release in the united states, school board from.

[METADATA] speaker: everytown for gun safety | subject: children;education;public safety;guns | context: a recent report",0,everytown for gun safety,children;education;public safety;guns,a recent report,speaker: everytown for gun safety | subject: children;education;public safety;guns | context: a recent report,0.1666666716337204,0.0,0.3333333432674408,0.5,0.0,0.0
"what says biden admits his own planeshould be replaced to, 000.","what says biden admits his own planeshould be replaced to, 000.

[METADATA] speaker: instagram posts | subject: facebook fact-checks | context: an Instagram post",0,instagram posts,facebook fact-checks,an Instagram post,speaker: instagram posts | subject: facebook fact-checks | context: an Instagram post,0.00486223679035902,0.00486223679035902,0.024311183020472527,0.08265802264213562,0.6564019322395325,0.22690437734127045
"two - thirds of the united states to be denied, 000 people were thein order.","two - thirds of the united states to be denied, 000 people were thein order.

[METADATA] speaker: chain email | subject: legal issues;states",0,chain email,legal issues;states,,speaker: chain email | subject: legal issues;states,0.032967034727334976,0.02747252769768238,0.049450550228357315,0.06043956056237221,0.24175824224948883,0.5879120826721191
an abortion deal after hurricane ian of the united statesin favor of god.,"an abortion deal after hurricane ian of the united statesin favor of god.

[METADATA] speaker: bloggers | subject: fake news;facebook fact-checks | context: a post on Facebook",0,bloggers,fake news;facebook fact-checks,a post on Facebook,speaker: bloggers | subject: fake news;facebook fact-checks | context: a post on Facebook,0.01092896144837141,0.02459016442298889,0.032786883413791656,0.07240436971187592,0.31830599904060364,0.5409836173057556
before scott walker said that he would have a nuclear weapon of rape victims of marijuana.,"before scott walker said that he would have a nuclear weapon of rape victims of marijuana.

[METADATA] speaker: empower texans | subject: abortion;voting record | context: a web page",0,empower texans,abortion;voting record,a web page,speaker: empower texans | subject: abortion;voting record | context: a web page,0.0,0.5,0.0,0.5,0.0,0.0
"the debate vote board said,the of illegal votes in my announcement.","the debate vote board said,the of illegal votes in my announcement.

[METADATA] speaker: tweets | subject: elections;arizona | context: a tweet",0,tweets,elections;arizona,a tweet,speaker: tweets | subject: elections;arizona | context: a tweet,0.012422360479831696,0.02484472095966339,0.03726708143949509,0.07453416287899017,0.6086956262588501,0.24223601818084717
"if scott walker took office, the number of $ 100 billion in medicare cuts to fund obamacare.","if scott walker took office, the number of $ 100 billion in medicare cuts to fund obamacare.

[METADATA] speaker: moveon.org | subject: federal budget;medicare | context: an email blast to supporters",0,moveon.org,federal budget;medicare,an email blast to supporters,speaker: moveon.org | subject: federal budget;medicare | context: an email blast to supporters,0.3571428656578064,0.0,0.2142857164144516,0.1428571492433548,0.2857142984867096,0.0
"my opponent took office, he made it easier by my own money.","my opponent took office, he made it easier by my own money.

[METADATA] speaker: republican party of wisconsin | subject: candidate biography;elections;ethics | context: a billboard campaign",0,republican party of wisconsin,candidate biography;elections;ethics,a billboard campaign,speaker: republican party of wisconsin | subject: candidate biography;elections;ethics | context: a billboard campaign,0.0,0.1818181872367859,0.22727273404598236,0.40909090638160706,0.1818181872367859,0.0
monkeypox tweeted about 5% of the people who killeda black lives matter.,"monkeypox tweeted about 5% of the people who killeda black lives matter.

[METADATA] speaker: instagram posts | subject: facebook fact-checks | context: a video",0,instagram posts,facebook fact-checks,a video,speaker: instagram posts | subject: facebook fact-checks | context: a video,0.00486223679035902,0.00486223679035902,0.024311183020472527,0.08265802264213562,0.6564019322395325,0.22690437734127045
republicansof abortion rights in the united states of america was part of a war to report.,"republicansof abortion rights in the united states of america was part of a war to report.

[METADATA] speaker: wayne rogers | subject: ethics;punditfact | context: a broadcast of ""Cashin' In"" on Fox News",0,wayne rogers,ethics;punditfact,"a broadcast of ""Cashin' In"" on Fox News","speaker: wayne rogers | subject: ethics;punditfact | context: a broadcast of ""Cashin' In"" on Fox News",0.0,0.0,0.0,0.0,0.0,1.0
facebook that ifthe united states will have served of him.,"facebook that ifthe united states will have served of him.

[METADATA] speaker: facebook posts | subject: facebook fact-checks | context: a Facebook post",0,facebook posts,facebook fact-checks,a Facebook post,speaker: facebook posts | subject: facebook fact-checks | context: a Facebook post,0.00997091829776764,0.020772745832800865,0.044869132339954376,0.10178645700216293,0.5857914686203003,0.23680931329727173
when gov. scott is a tax break to make sure that barack obama back.,"when gov. scott is a tax break to make sure that barack obama back.

[METADATA] speaker: tom marino | subject: taxes | context: In an MSNBC interview",0,tom marino,taxes,In an MSNBC interview,speaker: tom marino | subject: taxes | context: In an MSNBC interview,0.0,0.0,0.3333333432674408,0.3333333432674408,0.3333333432674408,0.0
says covid - 19 vaccination: anthony faucibecause the covid - 19 vaccine virus vaccine — within a virus.,"says covid - 19 vaccination: anthony faucibecause the covid - 19 vaccine virus vaccine — within a virus.

[METADATA] speaker: turning point usa | subject: public health;punditfact;coronavirus | context: a Facebook post",0,turning point usa,public health;punditfact;coronavirus,a Facebook post,speaker: turning point usa | subject: public health;punditfact;coronavirus | context: a Facebook post,0.0,0.0,0.20000000298023224,0.4000000059604645,0.4000000059604645,0.0
"all have reported all over delta, the cdc and no vaccine.","all have reported all over delta, the cdc and no vaccine.

[METADATA] speaker: youtube videos | subject: china;public health;facebook fact-checks;coronavirus | context: a YouTube post",0,youtube videos,china;public health;facebook fact-checks;coronavirus,a YouTube post,speaker: youtube videos | subject: china;public health;facebook fact-checks;coronavirus | context: a YouTube post,0.0,0.0,0.06451612710952759,0.0,0.6129032373428345,0.32258063554763794
"george soros is armedabout nine years people in the united states, or other state.","george soros is armedabout nine years people in the united states, or other state.

[METADATA] speaker: bill jackson | subject: guns | context: a meeting",0,bill jackson,guns,a meeting,speaker: bill jackson | subject: guns | context: a meeting,0.0,0.0,0.0,0.0,0.0,1.0
bernie sanders wasbanned in the united states (donald trump) with the coronavirus.,"bernie sanders wasbanned in the united states (donald trump) with the coronavirus.

[METADATA] speaker: instagram posts | subject: health care;facebook fact-checks | context: a post",0,instagram posts,health care;facebook fact-checks,a post,speaker: instagram posts | subject: health care;facebook fact-checks | context: a post,0.00486223679035902,0.00486223679035902,0.024311183020472527,0.08265802264213562,0.6564019322395325,0.22690437734127045
says a photo shows south carolina isand enthusiastic around the us who burned who have died.,"says a photo shows south carolina isand enthusiastic around the us who burned who have died.

[METADATA] speaker: viral image | subject: facebook fact-checks | context: an Instagram post",0,viral image,facebook fact-checks,an Instagram post,speaker: viral image | subject: facebook fact-checks | context: an Instagram post,0.003487358335405588,0.01133391447365284,0.030514385551214218,0.046207498759031296,0.6198779344558716,0.28857889771461487
"wisconsins studies have lost their credit increase of the same work with inflation, and make sure the same exact.","wisconsins studies have lost their credit increase of the same work with inflation, and make sure the same exact.

[METADATA] speaker: democratic congressional campaign committee | subject: medicare;retirement | context: a Web ad",0,democratic congressional campaign committee,medicare;retirement,a Web ad,speaker: democratic congressional campaign committee | subject: medicare;retirement | context: a Web ad,0.024390242993831635,0.024390242993831635,0.19512194395065308,0.3414634168148041,0.19512194395065308,0.2195121943950653
it has been vaccinatedto age a risk of marijuana.,"it has been vaccinatedto age a risk of marijuana.

[METADATA] speaker: yourcontent | subject: public health;facebook fact-checks;coronavirus | context: an article",0,yourcontent,public health;facebook fact-checks;coronavirus,an article,speaker: yourcontent | subject: public health;facebook fact-checks;coronavirus | context: an article,0.0,0.0,0.0,0.0,1.0,0.0
"russian died from the covid - 19 vaccine in canada, it turns to be.","russian died from the covid - 19 vaccine in canada, it turns to be.

[METADATA] speaker: instagram posts | subject: facebook fact-checks;coronavirus | context: an Instagram post",0,instagram posts,facebook fact-checks;coronavirus,an Instagram post,speaker: instagram posts | subject: facebook fact-checks;coronavirus | context: an Instagram post,0.00486223679035902,0.00486223679035902,0.024311183020472527,0.08265802264213562,0.6564019322395325,0.22690437734127045
wisconsin isa small business tax cut from somebody who dont put in the history of our tax.,"wisconsin isa small business tax cut from somebody who dont put in the history of our tax.

[METADATA] speaker: mary burke | subject: income;jobs;state budget;taxes | context: an interview",0,mary burke,income;jobs;state budget;taxes,an interview,speaker: mary burke | subject: income;jobs;state budget;taxes | context: an interview,0.05882352963089943,0.23529411852359772,0.3235294222831726,0.14705882966518402,0.14705882966518402,0.0882352963089943
"when voter fraud, california has issued their funding by the florida and party to be stolen.","when voter fraud, california has issued their funding by the florida and party to be stolen.

[METADATA] speaker: kevin sorbo | subject: elections;pundits;punditfact | context: a tweet",0,kevin sorbo,elections;pundits;punditfact,a tweet,speaker: kevin sorbo | subject: elections;pundits;punditfact | context: a tweet,0.0,0.0,0.0,0.0,0.0,1.0
"when congress was elected, 000 from the federal government to spend $ 800 million from medicare recipients.","when congress was elected, 000 from the federal government to spend $ 800 million from medicare recipients.

[METADATA] speaker: ron johnson | subject: federal budget;medicare;message machine 2010 | context: campaign literature mailed to state residents",0,ron johnson,federal budget;medicare;message machine 2010,campaign literature mailed to state residents,speaker: ron johnson | subject: federal budget;medicare;message machine 2010 | context: campaign literature mailed to state residents,0.095238097012043,0.2142857164144516,0.1785714328289032,0.3333333432674408,0.130952388048172,0.0476190485060215
gov. andrew cuomo hasmore money than 10 years of state in 4 years old than the state and voted for illegal immigrants.,"gov. andrew cuomo hasmore money than 10 years of state in 4 years old than the state and voted for illegal immigrants.

[METADATA] speaker: stephen king | subject: corrections and updates;education;privacy issues | context: a tweet",0,stephen king,corrections and updates;education;privacy issues,a tweet,speaker: stephen king | subject: corrections and updates;education;privacy issues | context: a tweet,0.0,0.5,0.0,0.0,0.5,0.0
bill clinton's state legislature in this country to be detained by our state's 2010.,"bill clinton's state legislature in this country to be detained by our state's 2010.

[METADATA] speaker: iowans for some semblance of christian decency | subject: abortion;message machine 2012 | context: parking lot fliers outside an Iowa candidate event",0,iowans for some semblance of christian decency,abortion;message machine 2012,parking lot fliers outside an Iowa candidate event,speaker: iowans for some semblance of christian decency | subject: abortion;message machine 2012 | context: parking lot fliers outside an Iowa candidate event,0.0,0.0,0.0,0.0,1.0,0.0
california has a new york cityand have negative into home.,"california has a new york cityand have negative into home.

[METADATA] speaker: viral image | subject: crime;facebook fact-checks;coronavirus | context: a Facebook post",0,viral image,crime;facebook fact-checks;coronavirus,a Facebook post,speaker: viral image | subject: crime;facebook fact-checks;coronavirus | context: a Facebook post,0.003487358335405588,0.01133391447365284,0.030514385551214218,0.046207498759031296,0.6198779344558716,0.28857889771461487
california. brian kemp was a letter of barack obama and barack obama to appoint election.,"california. brian kemp was a letter of barack obama and barack obama to appoint election.

[METADATA] speaker: joe biden | subject: elections;pennsylvania | context: a speech",0,joe biden,elections;pennsylvania,a speech,speaker: joe biden | subject: elections;pennsylvania | context: a speech,0.09328357875347137,0.23880596458911896,0.24253731966018677,0.19402985274791718,0.20522387325763702,0.026119403541088104
"once climate change tax for an""showed that if you have the lowest""banking - old partnership.","once climate change tax for an""showed that if you have the lowest""banking - old partnership.

[METADATA] speaker: instagram posts | subject: climate change;economy | context: an Instagram video",0,instagram posts,climate change;economy,an Instagram video,speaker: instagram posts | subject: climate change;economy | context: an Instagram video,0.00486223679035902,0.00486223679035902,0.024311183020472527,0.08265802264213562,0.6564019322395325,0.22690437734127045
"democrats'plan is passed, 000 people. that's a government has not been inspected by any other state employees.","democrats'plan is passed, 000 people. that's a government has not been inspected by any other state employees.

[METADATA] speaker: philip keefe | subject: pensions;retirement;state budget;unions;workers | context: an appearance on 10 News Conference",0,philip keefe,pensions;retirement;state budget;unions;workers,an appearance on 10 News Conference,speaker: philip keefe | subject: pensions;retirement;state budget;unions;workers | context: an appearance on 10 News Conference,0.0,0.0,0.0,0.0,1.0,0.0
before the senate health care reform planwe have come into and what ive a pandemic.,"before the senate health care reform planwe have come into and what ive a pandemic.

[METADATA] speaker: donald trump | subject: health care | context: a White House cabinet meeting",0,donald trump,health care,a White House cabinet meeting,speaker: donald trump | subject: health care | context: a White House cabinet meeting,0.03696098551154137,0.08726899325847626,0.12320328503847122,0.19917865097522736,0.36960986256599426,0.18377824127674103
isis is closing in texas of acriminal system to prevent and other senators.,"isis is closing in texas of acriminal system to prevent and other senators.

[METADATA] speaker: chain email | subject: candidate biography | context: our inbox",0,chain email,candidate biography,our inbox,speaker: chain email | subject: candidate biography | context: our inbox,0.032967034727334976,0.02747252769768238,0.049450550228357315,0.06043956056237221,0.24175824224948883,0.5879120826721191
"this years is considering over 200, 000 women in during the civil rights.","this years is considering over 200, 000 women in during the civil rights.

[METADATA] speaker: senate majority pac | subject: legal issues;crime;guns | context: a radio ad",0,senate majority pac,legal issues;crime;guns,a radio ad,speaker: senate majority pac | subject: legal issues;crime;guns | context: a radio ad,0.0,0.15000000596046448,0.4000000059604645,0.25,0.20000000298023224,0.0
"scott walker. scott walker actually made""more than a year to""eliminate in the 2012 state.","scott walker. scott walker actually made""more than a year to""eliminate in the 2012 state.

[METADATA] speaker: jb pritzker | subject: education | context: a video on Twitter",0,jb pritzker,education,a video on Twitter,speaker: jb pritzker | subject: education | context: a video on Twitter,0.05263157933950424,0.2631579041481018,0.15789473056793213,0.3684210479259491,0.15789473056793213,0.0
"says hillary clinton and said,i have been arrested with republican leaders to vote.","says hillary clinton and said,i have been arrested with republican leaders to vote.

[METADATA] speaker: facebook posts | subject: fake news;facebook fact-checks | context: a Facebook post",0,facebook posts,fake news;facebook fact-checks,a Facebook post,speaker: facebook posts | subject: fake news;facebook fact-checks | context: a Facebook post,0.00997091829776764,0.020772745832800865,0.044869132339954376,0.10178645700216293,0.5857914686203003,0.23680931329727173
"ed gillespie took office, sent our guns for guns, then even to.","ed gillespie took office, sent our guns for guns, then even to.

[METADATA] speaker: ted cruz | subject: terrorism | context: a campaign email",0,ted cruz,terrorism,a campaign email,speaker: ted cruz | subject: terrorism | context: a campaign email,0.05095541477203369,0.14012739062309265,0.13375796377658844,0.30573248863220215,0.29936304688453674,0.07006369531154633
says there are made ato ban with no idea that.,"says there are made ato ban with no idea that.

[METADATA] speaker: donald trump | subject: foreign policy | context: an exchange with reporters at the UN",0,donald trump,foreign policy,an exchange with reporters at the UN,speaker: donald trump | subject: foreign policy | context: an exchange with reporters at the UN,0.03696098551154137,0.08726899325847626,0.12320328503847122,0.19917865097522736,0.36960986256599426,0.18377824127674103
new jersey is a blatanti have gotten his daughters state.,"new jersey is a blatanti have gotten his daughters state.

[METADATA] speaker: viral image | subject: natural disasters ;facebook fact-checks | context: an Instagram post",0,viral image,natural disasters ;facebook fact-checks,an Instagram post,speaker: viral image | subject: natural disasters ;facebook fact-checks | context: an Instagram post,0.003487358335405588,0.01133391447365284,0.030514385551214218,0.046207498759031296,0.6198779344558716,0.28857889771461487
a photo shows that documented meetto meet the american flag leaks.,"a photo shows that documented meetto meet the american flag leaks.

[METADATA] speaker: viral image | subject: religion;sports;facebook fact-checks | context: a Facebook post",0,viral image,religion;sports;facebook fact-checks,a Facebook post,speaker: viral image | subject: religion;sports;facebook fact-checks | context: a Facebook post,0.003487358335405588,0.01133391447365284,0.030514385551214218,0.046207498759031296,0.6198779344558716,0.28857889771461487
only one year old areall vegas and their own of women in a cage.,"only one year old areall vegas and their own of women in a cage.

[METADATA] speaker: viral image | subject: candidate biography;race and ethnicity;facebook fact-checks | context: a Facebook post",0,viral image,candidate biography;race and ethnicity;facebook fact-checks,a Facebook post,speaker: viral image | subject: candidate biography;race and ethnicity;facebook fact-checks | context: a Facebook post,0.003487358335405588,0.01133391447365284,0.030514385551214218,0.046207498759031296,0.6198779344558716,0.28857889771461487
only six years was a state that would take more than for the same exact electionin georgia.,"only six years was a state that would take more than for the same exact electionin georgia.

[METADATA] speaker: ben ferguson | subject: campaign finance;elections;punditfact | context: comments on CNN",0,ben ferguson,campaign finance;elections;punditfact,comments on CNN,speaker: ben ferguson | subject: campaign finance;elections;punditfact | context: comments on CNN,0.0,0.0,0.0,1.0,0.0,0.0
white house just announced to support the policeand has been arrested.,"white house just announced to support the policeand has been arrested.

[METADATA] speaker: facebook posts | subject: environment;facebook fact-checks;coronavirus | context: a Facebook post",0,facebook posts,environment;facebook fact-checks;coronavirus,a Facebook post,speaker: facebook posts | subject: environment;facebook fact-checks;coronavirus | context: a Facebook post,0.00997091829776764,0.020772745832800865,0.044869132339954376,0.10178645700216293,0.5857914686203003,0.23680931329727173
wisconsin ranks state senate candidate for governorin the state of a democrat who voted to new hampshire.,"wisconsin ranks state senate candidate for governorin the state of a democrat who voted to new hampshire.

[METADATA] speaker: scott walker | subject: elections;legal issues | context: a tweet",0,scott walker,elections;legal issues,a tweet,speaker: scott walker | subject: elections;legal issues | context: a tweet,0.12682926654815674,0.2195121943950653,0.1902438998222351,0.19512194395065308,0.21463415026664734,0.053658537566661835
this image of a hospital in texas proves hasthe greatest number of it doesnt get.,"this image of a hospital in texas proves hasthe greatest number of it doesnt get.

[METADATA] speaker: viral image | subject: facebook fact-checks;coronavirus | context: an Instagram post",0,viral image,facebook fact-checks;coronavirus,an Instagram post,speaker: viral image | subject: facebook fact-checks;coronavirus | context: an Instagram post,0.003487358335405588,0.01133391447365284,0.030514385551214218,0.046207498759031296,0.6198779344558716,0.28857889771461487
this trumps father state of congress won before the election.,"this trumps father state of congress won before the election.

[METADATA] speaker: bloggers | subject: elections;fake news;foreign policy;facebook fact-checks | context: a website post",0,bloggers,elections;fake news;foreign policy;facebook fact-checks,a website post,speaker: bloggers | subject: elections;fake news;foreign policy;facebook fact-checks | context: a website post,0.01092896144837141,0.02459016442298889,0.032786883413791656,0.07240436971187592,0.31830599904060364,0.5409836173057556
says facebook is a new york timesis the most generous from its order to our lord.,"says facebook is a new york timesis the most generous from its order to our lord.

[METADATA] speaker: ladies of liberty | subject: fake news;punditfact | context: a headline",0,ladies of liberty,fake news;punditfact,a headline,speaker: ladies of liberty | subject: fake news;punditfact | context: a headline,0.0,0.0,0.0,0.0,0.0,1.0
cnn broadcast in north carolina said he to the fbi diedafter voter fraud.,"cnn broadcast in north carolina said he to the fbi diedafter voter fraud.

[METADATA] speaker: tweets | subject: elections;facebook fact-checks | context: a tweet",0,tweets,elections;facebook fact-checks,a tweet,speaker: tweets | subject: elections;facebook fact-checks | context: a tweet,0.012422360479831696,0.02484472095966339,0.03726708143949509,0.07453416287899017,0.6086956262588501,0.24223601818084717
"says there is no net gas,no longer exists and now is no evidence.","says there is no net gas,no longer exists and now is no evidence.

[METADATA] speaker: viral image | subject: climate change;facebook fact-checks | context: a Facebook post",0,viral image,climate change;facebook fact-checks,a Facebook post,speaker: viral image | subject: climate change;facebook fact-checks | context: a Facebook post,0.003487358335405588,0.01133391447365284,0.030514385551214218,0.046207498759031296,0.6198779344558716,0.28857889771461487
rhode island would produce florida costs in the middle class of birth.,"rhode island would produce florida costs in the middle class of birth.

[METADATA] speaker: barack obama | subject: corporations;economy;transportation | context: a town hall meeting",0,barack obama,corporations;economy;transportation,a town hall meeting,speaker: barack obama | subject: corporations;economy;transportation | context: a town hall meeting,0.20563846826553345,0.27363184094429016,0.2703150808811188,0.11774460971355438,0.11774460971355438,0.014925372786819935
wisconsins tax cut tax plan is spending$ 500 million from social security benefits with the irs and your tax dollars to fund.,"wisconsins tax cut tax plan is spending$ 500 million from social security benefits with the irs and your tax dollars to fund.

[METADATA] speaker: valinda bolton | subject: taxes | context: a mailer",0,valinda bolton,taxes,a mailer,speaker: valinda bolton | subject: taxes | context: a mailer,0.0,0.0,0.0,0.0,1.0,0.0
supreme court justices and other nationswho worked the way to give over a republican.,"supreme court justices and other nationswho worked the way to give over a republican.

[METADATA] speaker: scott brown | subject: economy | context: an interview with Barbara Walters",0,scott brown,economy,an interview with Barbara Walters,speaker: scott brown | subject: economy | context: an interview with Barbara Walters,0.0,0.3333333432674408,0.1111111119389534,0.2222222238779068,0.2222222238779068,0.1111111119389534
state department of north carolina and raided that have been to vote.,"state department of north carolina and raided that have been to vote.

[METADATA] speaker: dan o'donnell | subject: elections;coronavirus | context: a commentary",0,dan o'donnell,elections;coronavirus,a commentary,speaker: dan o'donnell | subject: elections;coronavirus | context: a commentary,0.0,0.0,0.0,0.0,1.0,0.0
"actor blue study said this hospital,a medical approval with her heart treatment for covid.","actor blue study said this hospital,a medical approval with her heart treatment for covid.

[METADATA] speaker: facebook posts | subject: public health;facebook fact-checks;coronavirus | context: a Facebook post",0,facebook posts,public health;facebook fact-checks;coronavirus,a Facebook post,speaker: facebook posts | subject: public health;facebook fact-checks;coronavirus | context: a Facebook post,0.00997091829776764,0.020772745832800865,0.044869132339954376,0.10178645700216293,0.5857914686203003,0.23680931329727173
"there is no evidence of the stimulus dollars at 11, 000 people who were told to.","there is no evidence of the stimulus dollars at 11, 000 people who were told to.

[METADATA] speaker: ted cruz | subject: federal budget | context: an interview",0,ted cruz,federal budget,an interview,speaker: ted cruz | subject: federal budget | context: an interview,0.05095541477203369,0.14012739062309265,0.13375796377658844,0.30573248863220215,0.29936304688453674,0.07006369531154633
"the united states will have beenour great country for years. now, there would be a lot lot.","the united states will have beenour great country for years. now, there would be a lot lot.

[METADATA] speaker: donald trump | subject: foreign policy;terrorism | context: Raleigh, N.C",0,donald trump,foreign policy;terrorism,"Raleigh, N.C","speaker: donald trump | subject: foreign policy;terrorism | context: Raleigh, N.C",0.03696098551154137,0.08726899325847626,0.12320328503847122,0.19917865097522736,0.36960986256599426,0.18377824127674103
three times joined a career of the top tax law and his dad.,"three times joined a career of the top tax law and his dad.

[METADATA] speaker: citizens against rail taxes | subject: corrections and updates;transportation | context: a radio ad",0,citizens against rail taxes,corrections and updates;transportation,a radio ad,speaker: citizens against rail taxes | subject: corrections and updates;transportation | context: a radio ad,0.0,0.0,0.0,0.0,1.0,0.0
"my opponent was caught against abortion, on my administration and have been laid off.","my opponent was caught against abortion, on my administration and have been laid off.

[METADATA] speaker: bloggers | subject: congress;impeachment | context: an article",0,bloggers,congress;impeachment,an article,speaker: bloggers | subject: congress;impeachment | context: an article,0.01092896144837141,0.02459016442298889,0.032786883413791656,0.07240436971187592,0.31830599904060364,0.5409836173057556
"says obama says the health care plan is only, whenyou cant be considered by 20 years.","says obama says the health care plan is only, whenyou cant be considered by 20 years.

[METADATA] speaker: stephen archambault | subject: corporations;economy;health care | context: a speech at the state Democratic convention",0,stephen archambault,corporations;economy;health care,a speech at the state Democratic convention,speaker: stephen archambault | subject: corporations;economy;health care | context: a speech at the state Democratic convention,0.0,0.5,0.0,0.0,0.0,0.5
says joe biden told the washingtontreaty to keep their lives. it is impeached.,"says joe biden told the washingtontreaty to keep their lives. it is impeached.

[METADATA] speaker: facebook posts | subject: facebook fact-checks | context: Facebook",0,facebook posts,facebook fact-checks,Facebook,speaker: facebook posts | subject: facebook fact-checks | context: Facebook,0.00997091829776764,0.020772745832800865,0.044869132339954376,0.10178645700216293,0.5857914686203003,0.23680931329727173
hillary clinton was caught out this country without a single immigrant issue for the united states.,"hillary clinton was caught out this country without a single immigrant issue for the united states.

[METADATA] speaker: hillary clinton | subject: legal issues;foreign policy | context: the first Democratic presidential debate",0,hillary clinton,legal issues;foreign policy,the first Democratic presidential debate,speaker: hillary clinton | subject: legal issues;foreign policy | context: the first Democratic presidential debate,0.23920266330242157,0.25249168276786804,0.23255814611911774,0.1428571492433548,0.1029900312423706,0.029900332912802696
"the electoral person with president joe biden risks, where people who votes for an election results.","the electoral person with president joe biden risks, where people who votes for an election results.

[METADATA] speaker: viral image | subject: elections;facebook fact-checks | context: a Facebook post",0,viral image,elections;facebook fact-checks,a Facebook post,speaker: viral image | subject: elections;facebook fact-checks | context: a Facebook post,0.003487358335405588,0.01133391447365284,0.030514385551214218,0.046207498759031296,0.6198779344558716,0.28857889771461487
i'm not for our national guard who stands for life. she won't survive a criminal to china.,"i'm not for our national guard who stands for life. she won't survive a criminal to china.

[METADATA] speaker: bloggers | subject: fake news;punditfact | context: a headline",0,bloggers,fake news;punditfact,a headline,speaker: bloggers | subject: fake news;punditfact | context: a headline,0.01092896144837141,0.02459016442298889,0.032786883413791656,0.07240436971187592,0.31830599904060364,0.5409836173057556
this poem is evidence of the death penaltyare going to.,"this poem is evidence of the death penaltyare going to.

[METADATA] speaker: facebook posts | subject: crime;facebook fact-checks | context: a Facebook post",0,facebook posts,crime;facebook fact-checks,a Facebook post,speaker: facebook posts | subject: crime;facebook fact-checks | context: a Facebook post,0.00997091829776764,0.020772745832800865,0.044869132339954376,0.10178645700216293,0.5857914686203003,0.23680931329727173
"only one year of congress was as saying,we just got a conspiracy member of (president) obama and russia.","only one year of congress was as saying,we just got a conspiracy member of (president) obama and russia.

[METADATA] speaker: nova magazine | subject: candidate biography;punditfact | context: an article",0,nova magazine,candidate biography;punditfact,an article,speaker: nova magazine | subject: candidate biography;punditfact | context: an article,0.0,0.0,0.0,0.0,0.0,1.0
hillary clinton and pass a federal registrationfor illegal.,"hillary clinton and pass a federal registrationfor illegal.

[METADATA] speaker: donald trump | subject: elections | context: a press conference",0,donald trump,elections,a press conference,speaker: donald trump | subject: elections | context: a press conference,0.03696098551154137,0.08726899325847626,0.12320328503847122,0.19917865097522736,0.36960986256599426,0.18377824127674103
quotes people on covid - 19 is a pandemic because they arethe spread.,"quotes people on covid - 19 is a pandemic because they arethe spread.

[METADATA] speaker: facebook posts | subject: facebook fact-checks;coronavirus | context: a Facebook post",0,facebook posts,facebook fact-checks;coronavirus,a Facebook post,speaker: facebook posts | subject: facebook fact-checks;coronavirus | context: a Facebook post,0.00997091829776764,0.020772745832800865,0.044869132339954376,0.10178645700216293,0.5857914686203003,0.23680931329727173
"under virginia. the department of rape and gun violence in cases, are being reduced on all of cancer.","under virginia. the department of rape and gun violence in cases, are being reduced on all of cancer.

[METADATA] speaker: georgiacarry.org | subject: guns | context: an interview with Georgia Public Broadcasting",0,georgiacarry.org,guns,an interview with Georgia Public Broadcasting,speaker: georgiacarry.org | subject: guns | context: an interview with Georgia Public Broadcasting,0.0,0.0,0.0,1.0,0.0,0.0
rob portman used his board because hewould have a pay raise property taxes to help our economy.,"rob portman used his board because hewould have a pay raise property taxes to help our economy.

[METADATA] speaker: mitt romney | subject: message machine 2012;welfare | context: a campaign ad",0,mitt romney,message machine 2012;welfare,a campaign ad,speaker: mitt romney | subject: message machine 2012;welfare | context: a campaign ad,0.14903846383094788,0.1586538404226303,0.2788461446762085,0.16826923191547394,0.1538461595773697,0.09134615212678909
when democrats were told aspecific who who are paid about the university of student and ramming.,"when democrats were told aspecific who who are paid about the university of student and ramming.

[METADATA] speaker: john mccain | subject: education | context: a newspaper interview",0,john mccain,education,a newspaper interview,speaker: john mccain | subject: education | context: a newspaper interview,0.20108695328235626,0.20108695328235626,0.16847826540470123,0.17391304671764374,0.21195651590824127,0.043478261679410934
says wisconsin is closingabout $ 500 billion in florida is now making over the united states. it is one.,"says wisconsin is closingabout $ 500 billion in florida is now making over the united states. it is one.

[METADATA] speaker: john thune | subject: agriculture;government regulation | context: Tampa",0,john thune,agriculture;government regulation,Tampa,speaker: john thune | subject: agriculture;government regulation | context: Tampa,0.0,0.3333333432674408,0.3333333432674408,0.0,0.0,0.3333333432674408
an image shows bernie sanders hasnever held in our u. s. and the usa of their own coronavirus.,"an image shows bernie sanders hasnever held in our u. s. and the usa of their own coronavirus.

[METADATA] speaker: viral image | subject: facebook fact-checks | context: a Facebook post",0,viral image,facebook fact-checks,a Facebook post,speaker: viral image | subject: facebook fact-checks | context: a Facebook post,0.003487358335405588,0.01133391447365284,0.030514385551214218,0.046207498759031296,0.6198779344558716,0.28857889771461487
when trump was actually taken away from during the debt on fifth americans.,"when trump was actually taken away from during the debt on fifth americans.

[METADATA] speaker: lupe valdez | subject: children;education;recreation | context: a Facebook Live interview by the Fort Worth Star-Telegram editorial board",0,lupe valdez,children;education;recreation,a Facebook Live interview by the Fort Worth Star-Telegram editorial board,speaker: lupe valdez | subject: children;education;recreation | context: a Facebook Live interview by the Fort Worth Star-Telegram editorial board,0.0,0.6000000238418579,0.20000000298023224,0.0,0.20000000298023224,0.0
"i'm all of this country in this country is the first time ever, but won't exist.","i'm all of this country in this country is the first time ever, but won't exist.

[METADATA] speaker: bloggers | subject: global news service;public health | context: a blog post",0,bloggers,global news service;public health,a blog post,speaker: bloggers | subject: global news service;public health | context: a blog post,0.01092896144837141,0.02459016442298889,0.032786883413791656,0.07240436971187592,0.31830599904060364,0.5409836173057556
barack obama wants to pay the tax cut:so theyre always cut.,"barack obama wants to pay the tax cut:so theyre always cut.

[METADATA] speaker: donald trump | subject: taxes | context: a campaign ad",0,donald trump,taxes,a campaign ad,speaker: donald trump | subject: taxes | context: a campaign ad,0.03696098551154137,0.08726899325847626,0.12320328503847122,0.19917865097522736,0.36960986256599426,0.18377824127674103
theres a man who will includemore than the and prosecution.,"theres a man who will includemore than the and prosecution.

[METADATA] speaker: john cornyn | subject: crime;sports | context: a press conference",0,john cornyn,crime;sports,a press conference,speaker: john cornyn | subject: crime;sports | context: a press conference,0.28947368264198303,0.10526315867900848,0.2631579041481018,0.15789473056793213,0.15789473056793213,0.02631578966975212
"video shows dr. anthony fauci, he got acomplete and vaccine over 19.","video shows dr. anthony fauci, he got acomplete and vaccine over 19.

[METADATA] speaker: instagram posts | subject: race and ethnicity;facebook fact-checks;coronavirus | context: an Instagram post",0,instagram posts,race and ethnicity;facebook fact-checks;coronavirus,an Instagram post,speaker: instagram posts | subject: race and ethnicity;facebook fact-checks;coronavirus | context: an Instagram post,0.00486223679035902,0.00486223679035902,0.024311183020472527,0.08265802264213562,0.6564019322395325,0.22690437734127045
"quotes ronald reagan as saying, al franken werebecause she joined russia (someone) to russia russia.","quotes ronald reagan as saying, al franken werebecause she joined russia (someone) to russia russia.

[METADATA] speaker: facebook posts | subject: foreign policy;ukraine;russia | context: a post",0,facebook posts,foreign policy;ukraine;russia,a post,speaker: facebook posts | subject: foreign policy;ukraine;russia | context: a post,0.00997091829776764,0.020772745832800865,0.044869132339954376,0.10178645700216293,0.5857914686203003,0.23680931329727173
if youre from the oil and $ 30 million to the american companies has lost their plan will help our economy.,"if youre from the oil and $ 30 million to the american companies has lost their plan will help our economy.

[METADATA] speaker: mitt romney | subject: energy;message machine 2012;stimulus | context: a campaign commercial",0,mitt romney,energy;message machine 2012;stimulus,a campaign commercial,speaker: mitt romney | subject: energy;message machine 2012;stimulus | context: a campaign commercial,0.14903846383094788,0.1586538404226303,0.2788461446762085,0.16826923191547394,0.1538461595773697,0.09134615212678909
"says biden tookin 2007, 000 new york times from the beginning of and human trafficking.","says biden tookin 2007, 000 new york times from the beginning of and human trafficking.

[METADATA] speaker: facebook posts | subject: financial regulation;facebook fact-checks | context: a reel",0,facebook posts,financial regulation;facebook fact-checks,a reel,speaker: facebook posts | subject: financial regulation;facebook fact-checks | context: a reel,0.00997091829776764,0.020772745832800865,0.044869132339954376,0.10178645700216293,0.5857914686203003,0.23680931329727173
richard mouse have been a new york city thatall between the last four years.,"richard mouse have been a new york city thatall between the last four years.

[METADATA] speaker: steve southerland | subject: candidate biography | context: a campaign commercial",0,steve southerland,candidate biography,a campaign commercial,speaker: steve southerland | subject: candidate biography | context: a campaign commercial,0.1666666716337204,0.1666666716337204,0.1666666716337204,0.1666666716337204,0.3333333432674408,0.0
"because of obamacare,the medical health care system should be able to adopt out of illegal immigrants.","because of obamacare,the medical health care system should be able to adopt out of illegal immigrants.

[METADATA] speaker: ed rendell | subject: abortion;health care | context: the 'Rachel Maddow Show'",0,ed rendell,abortion;health care,the 'Rachel Maddow Show',speaker: ed rendell | subject: abortion;health care | context: the 'Rachel Maddow Show',0.0,0.0,0.0,0.5,0.0,0.5
cnn reported its red shows that white house as the to return all of white house.,"cnn reported its red shows that white house as the to return all of white house.

[METADATA] speaker: viral image | subject: facebook fact-checks | context: an Instagram post",0,viral image,facebook fact-checks,an Instagram post,speaker: viral image | subject: facebook fact-checks | context: an Instagram post,0.003487358335405588,0.01133391447365284,0.030514385551214218,0.046207498759031296,0.6198779344558716,0.28857889771461487
hillary clintonwill kill a gun line gets for killing people who.,"hillary clintonwill kill a gun line gets for killing people who.

[METADATA] speaker: liberty headlines | subject: fake news;states;punditfact;guns | context: a headline",0,liberty headlines,fake news;states;punditfact;guns,a headline,speaker: liberty headlines | subject: fake news;states;punditfact;guns | context: a headline,0.0,0.0,0.0,0.0,1.0,0.0
says new jerseys plan would addressalmost 90% of the (state) has ever.,"says new jerseys plan would addressalmost 90% of the (state) has ever.

[METADATA] speaker: john mccain | subject: stimulus | context: a report",0,john mccain,stimulus,a report,speaker: john mccain | subject: stimulus | context: a report,0.20108695328235626,0.20108695328235626,0.16847826540470123,0.17391304671764374,0.21195651590824127,0.043478261679410934
"when my opponent of the bill,no matter that were taken away from having a few years ago.","when my opponent of the bill,no matter that were taken away from having a few years ago.

[METADATA] speaker: ellen rosenblum | subject: candidate biography;message machine 2012 | context: a news story",0,ellen rosenblum,candidate biography;message machine 2012,a news story,speaker: ellen rosenblum | subject: candidate biography;message machine 2012 | context: a news story,0.5,0.0,0.0,0.5,0.0,0.0
"wisconsins [ gun control laws for the first amendment, but brown was funded for rape of jail.","wisconsins [ gun control laws for the first amendment, but brown was funded for rape of jail.

[METADATA] speaker: andrew clyde | subject: national;congress;crime;tourism;jan. 6 | context: a House hearing",0,andrew clyde,national;congress;crime;tourism;jan. 6,a House hearing,speaker: andrew clyde | subject: national;congress;crime;tourism;jan. 6 | context: a House hearing,0.0,0.0,0.0,0.0,0.0,1.0
twitter - year state budgetwas nearly $ 25 billion more than 200 million in the first time since 2000.,"twitter - year state budgetwas nearly $ 25 billion more than 200 million in the first time since 2000.

[METADATA] speaker: bloggers | subject: fake news;facebook fact-checks | context: a post on Facebook",0,bloggers,fake news;facebook fact-checks,a post on Facebook,speaker: bloggers | subject: fake news;facebook fact-checks | context: a post on Facebook,0.01092896144837141,0.02459016442298889,0.032786883413791656,0.07240436971187592,0.31830599904060364,0.5409836173057556
"says new york, it is thelargest corporation to go to create the middle class and small businesses.","says new york, it is thelargest corporation to go to create the middle class and small businesses.

[METADATA] speaker: donald trump | subject: agriculture;small business;taxes | context: Indianapolis",0,donald trump,agriculture;small business;taxes,Indianapolis,speaker: donald trump | subject: agriculture;small business;taxes | context: Indianapolis,0.03696098551154137,0.08726899325847626,0.12320328503847122,0.19917865097522736,0.36960986256599426,0.18377824127674103
this type of a young tax rates whowere given to the middle class.,"this type of a young tax rates whowere given to the middle class.

[METADATA] speaker: facebook posts | subject: taxes;facebook fact-checks | context: a text post",0,facebook posts,taxes;facebook fact-checks,a text post,speaker: facebook posts | subject: taxes;facebook fact-checks | context: a text post,0.00997091829776764,0.020772745832800865,0.044869132339954376,0.10178645700216293,0.5857914686203003,0.23680931329727173
european - tissue activist will kill any otherin two years.,"european - tissue activist will kill any otherin two years.

[METADATA] speaker: facebook posts | subject: food;facebook fact-checks | context: a Facebook post",0,facebook posts,food;facebook fact-checks,a Facebook post,speaker: facebook posts | subject: food;facebook fact-checks | context: a Facebook post,0.00997091829776764,0.020772745832800865,0.044869132339954376,0.10178645700216293,0.5857914686203003,0.23680931329727173
"[ question were talking about the first five years ago, and said the united nations should be because of what it was a hoax.","[ question were talking about the first five years ago, and said the united nations should be because of what it was a hoax.

[METADATA] speaker: bill clinton | subject: financial regulation | context: an interview on ""The Daily Show""",0,bill clinton,financial regulation,"an interview on ""The Daily Show""","speaker: bill clinton | subject: financial regulation | context: an interview on ""The Daily Show""",0.20454545319080353,0.27272728085517883,0.2954545319080353,0.11363636702299118,0.04545454680919647,0.06818182021379471
only one before the state of chargeswho made a gun for people.,"only one before the state of chargeswho made a gun for people.

[METADATA] speaker: tom marino | subject: elections | context: a speech to the PA delegation at the RNC",0,tom marino,elections,a speech to the PA delegation at the RNC,speaker: tom marino | subject: elections | context: a speech to the PA delegation at the RNC,0.0,0.0,0.3333333432674408,0.3333333432674408,0.3333333432674408,0.0
"there have no regulation power to ban out our,were trump out of the fbi against iran.","there have no regulation power to ban out our,were trump out of the fbi against iran.

[METADATA] speaker: chris collins | subject: candidate biography;negative campaigning | context: a fundraising email",0,chris collins,candidate biography;negative campaigning,a fundraising email,speaker: chris collins | subject: candidate biography;negative campaigning | context: a fundraising email,0.125,0.125,0.0,0.125,0.625,0.0
this year with a study shows since the 2012 is low and spring are raising away.,"this year with a study shows since the 2012 is low and spring are raising away.

[METADATA] speaker: raymond lahood | subject: federal budget;infrastructure;transportation | context: Milwaukee",0,raymond lahood,federal budget;infrastructure;transportation,Milwaukee,speaker: raymond lahood | subject: federal budget;infrastructure;transportation | context: Milwaukee,0.0,0.3333333432674408,0.3333333432674408,0.0,0.3333333432674408,0.0
wisconsin is closing law that more than halfway to vote and the election.,"wisconsin is closing law that more than halfway to vote and the election.

[METADATA] speaker: michael bloomberg | subject: elections | context: a campaign letter",0,michael bloomberg,elections,a campaign letter,speaker: michael bloomberg | subject: elections | context: a campaign letter,0.2916666567325592,0.3333333432674408,0.2083333283662796,0.0416666679084301,0.125,0.0
no longer ruleis now about the border patrol. its all illegal aliens for it.,"no longer ruleis now about the border patrol. its all illegal aliens for it.

[METADATA] speaker: barack obama | subject: immigration;legal issues | context: the second presidential debate",0,barack obama,immigration;legal issues,the second presidential debate,speaker: barack obama | subject: immigration;legal issues | context: the second presidential debate,0.20563846826553345,0.27363184094429016,0.2703150808811188,0.11774460971355438,0.11774460971355438,0.014925372786819935
"wisconsin's - busch state department says that the police - brotherhoodwas arrested in your pocket, they don't want to take a child.","wisconsin's - busch state department says that the police - brotherhoodwas arrested in your pocket, they don't want to take a child.

[METADATA] speaker: facebook posts | subject: criminal justice;population;religion;facebook fact-checks | context: a Facebook post",0,facebook posts,criminal justice;population;religion;facebook fact-checks,a Facebook post,speaker: facebook posts | subject: criminal justice;population;religion;facebook fact-checks | context: a Facebook post,0.00997091829776764,0.020772745832800865,0.044869132339954376,0.10178645700216293,0.5857914686203003,0.23680931329727173
"wisconsin teachers are still only state, and the state legislature that dont have a blank sales.","wisconsin teachers are still only state, and the state legislature that dont have a blank sales.

[METADATA] speaker: gwen moore | subject: labor;state budget | context: a speech at a state Democratic Party dinner",0,gwen moore,labor;state budget,a speech at a state Democratic Party dinner,speaker: gwen moore | subject: labor;state budget | context: a speech at a state Democratic Party dinner,0.20588235557079315,0.23529411852359772,0.23529411852359772,0.14705882966518402,0.14705882966518402,0.029411764815449715
bags show up to the chinese - - white house floor isgoing to black people who die.,"bags show up to the chinese - - white house floor isgoing to black people who die.

[METADATA] speaker: viral image | subject: race and ethnicity;lgbtq;facebook fact-checks | context: an Instagram post",0,viral image,race and ethnicity;lgbtq;facebook fact-checks,an Instagram post,speaker: viral image | subject: race and ethnicity;lgbtq;facebook fact-checks | context: an Instagram post,0.003487358335405588,0.01133391447365284,0.030514385551214218,0.046207498759031296,0.6198779344558716,0.28857889771461487
"say that kills people, referred and other presidents have died becausethe iranians have to stop him.","say that kills people, referred and other presidents have died becausethe iranians have to stop him.

[METADATA] speaker: facebook posts | subject: congress;facebook fact-checks;russia | context: a caption",0,facebook posts,congress;facebook fact-checks;russia,a caption,speaker: facebook posts | subject: congress;facebook fact-checks;russia | context: a caption,0.00997091829776764,0.020772745832800865,0.044869132339954376,0.10178645700216293,0.5857914686203003,0.23680931329727173
clinton foundation isdonated to $ billion during the queen bed by bill gates.,"clinton foundation isdonated to $ billion during the queen bed by bill gates.

[METADATA] speaker: facebook posts | subject: facebook fact-checks | context: a Facebook post",0,facebook posts,facebook fact-checks,a Facebook post,speaker: facebook posts | subject: facebook fact-checks | context: a Facebook post,0.00997091829776764,0.020772745832800865,0.044869132339954376,0.10178645700216293,0.5857914686203003,0.23680931329727173
"the obama administration hasonly only (giving) companies, as secretary of state workers.","the obama administration hasonly only (giving) companies, as secretary of state workers.

[METADATA] speaker: facebook posts | subject: food;facebook fact-checks | context: a video",0,facebook posts,food;facebook fact-checks,a video,speaker: facebook posts | subject: food;facebook fact-checks | context: a video,0.00997091829776764,0.020772745832800865,0.044869132339954376,0.10178645700216293,0.5857914686203003,0.23680931329727173
"photos show at president donald trump is sending to leave the u. s. 5, and not vote.","photos show at president donald trump is sending to leave the u. s. 5, and not vote.

[METADATA] speaker: viral image | subject: pop culture;facebook fact-checks | context: a Facebook post",0,viral image,pop culture;facebook fact-checks,a Facebook post,speaker: viral image | subject: pop culture;facebook fact-checks | context: a Facebook post,0.003487358335405588,0.01133391447365284,0.030514385551214218,0.046207498759031296,0.6198779344558716,0.28857889771461487
when democratic party office backedfor having a job that promotes new hampshire.,"when democratic party office backedfor having a job that promotes new hampshire.

[METADATA] speaker: scott rigell | subject: message machine 2010;voting record | context: a TV ad",0,scott rigell,message machine 2010;voting record,a TV ad,speaker: scott rigell | subject: message machine 2010;voting record | context: a TV ad,0.1666666716337204,0.1666666716337204,0.0,0.3333333432674408,0.3333333432674408,0.0
"when i made up on the united states,it is very clear, it up to me.","when i made up on the united states,it is very clear, it up to me.

[METADATA] speaker: donald trump | subject: candidate biography | context: Southaven, Miss",0,donald trump,candidate biography,"Southaven, Miss","speaker: donald trump | subject: candidate biography | context: Southaven, Miss",0.03696098551154137,0.08726899325847626,0.12320328503847122,0.19917865097522736,0.36960986256599426,0.18377824127674103
"only of democratshave won elected, but dont win the election!","only of democratshave won elected, but dont win the election!

[METADATA] speaker: facebook posts | subject: elections;facebook fact-checks | context: a Facebook post",0,facebook posts,elections;facebook fact-checks,a Facebook post,speaker: facebook posts | subject: elections;facebook fact-checks | context: a Facebook post,0.00997091829776764,0.020772745832800865,0.044869132339954376,0.10178645700216293,0.5857914686203003,0.23680931329727173
video shows covid - 19 vaccinesgave the covid - 19 pandemic in the pandemic.,"video shows covid - 19 vaccinesgave the covid - 19 pandemic in the pandemic.

[METADATA] speaker: facebook posts | subject: public health;facebook fact-checks;coronavirus | context: a Facebook post",0,facebook posts,public health;facebook fact-checks;coronavirus,a Facebook post,speaker: facebook posts | subject: public health;facebook fact-checks;coronavirus | context: a Facebook post,0.00997091829776764,0.020772745832800865,0.044869132339954376,0.10178645700216293,0.5857914686203003,0.23680931329727173
fox news is the first - made it would be able to at this.,"fox news is the first - made it would be able to at this.

[METADATA] speaker: instagram posts | subject: congress;facebook fact-checks | context: an Instagram post",0,instagram posts,congress;facebook fact-checks,an Instagram post,speaker: instagram posts | subject: congress;facebook fact-checks | context: an Instagram post,0.00486223679035902,0.00486223679035902,0.024311183020472527,0.08265802264213562,0.6564019322395325,0.22690437734127045
cnn reported its nominee to get a navy seals and has continued.,"cnn reported its nominee to get a navy seals and has continued.

[METADATA] speaker: facebook posts | subject: facebook fact-checks | context: a post",0,facebook posts,facebook fact-checks,a post,speaker: facebook posts | subject: facebook fact-checks | context: a post,0.00997091829776764,0.020772745832800865,0.044869132339954376,0.10178645700216293,0.5857914686203003,0.23680931329727173
fauci have done - a governmentcovered up to absorbed after the coronavirus virus.,"fauci have done - a governmentcovered up to absorbed after the coronavirus virus.

[METADATA] speaker: bloggers | subject: public health;facebook fact-checks;coronavirus | context: a blog post",0,bloggers,public health;facebook fact-checks;coronavirus,a blog post,speaker: bloggers | subject: public health;facebook fact-checks;coronavirus | context: a blog post,0.01092896144837141,0.02459016442298889,0.032786883413791656,0.07240436971187592,0.31830599904060364,0.5409836173057556
